config_name,scheduler,num_steps,guidance_scale,dataset_name,suite_name,traj_name,latency_ms,latency_std_ms,diversity,path_length_mean,endpoint_norm_mean,forward_progress_mean,lateral_abs_mean,smoothness_mean
ddpm10_w0.0,ddpm,10,0.0,go_stanford,short,no9vc_56_0,36.92281687506238,19.654780771596574,0.2124338448047638,9.340652465820312,10.653444290161133,10.625284194946289,0.5982478260993958,0.05266347900032997
ddpm10_w0.0,ddpm,10,0.0,go_stanford,short,no26vcF_20_0,30.037076999974488,0.7496968464136818,0.22638729214668274,8.520277976989746,9.682670593261719,9.114398956298828,3.21494197845459,0.09707516431808472
ddpm10_w0.0,ddpm,10,0.0,go_stanford,short,sim2hF_0_0,30.532376124995153,0.9721608817244962,0.19821500778198242,7.238901138305664,8.118741989135742,7.926975250244141,1.7021281719207764,0.06796108186244965
ddpm10_w0.0,ddpm,10,0.0,go_stanford,short,no14vc_16_1,30.33810012499316,0.8824010657824409,0.1729716658592224,6.8729143142700195,7.8651323318481445,7.846607208251953,0.4442116916179657,0.07305601239204407
ddpm10_w0.0,ddpm,10,0.0,go_stanford,short,no5vc_144_0,29.362486749903383,1.2866983368039975,0.19873520731925964,4.417196273803711,4.81340217590332,4.475522041320801,1.7289512157440186,0.07820061594247818
ddpm10_w0.0,ddpm,10,0.0,go_stanford,short,no31vcF_25_0,29.22207800003207,0.6950028671940623,0.5463902354240417,2.996708869934082,1.5579521656036377,0.27452799677848816,1.3459516763687134,0.21416108310222626
ddpm10_w0.0,ddpm,10,0.0,go_stanford,short,sim4h_0_0,29.362727750083195,1.2848567148065062,0.16923487186431885,9.305130004882812,10.55662727355957,10.372724533081055,1.8909409046173096,0.06163204461336136
ddpm10_w0.0,ddpm,10,0.0,go_stanford,short,no4vcF_61_0,28.635791874933147,0.800768114512755,0.16408011317253113,9.413066864013672,10.728949546813965,10.64016342163086,1.2670650482177734,0.049070026725530624
ddpm10_w0.0,ddpm,10,0.0,go_stanford,medium,no9vc_56_0,29.521023500024057,1.9450696607221447,0.38155925273895264,9.428152084350586,10.481569290161133,9.322724342346191,4.673666954040527,0.07151702791452408
ddpm10_w0.0,ddpm,10,0.0,go_stanford,medium,no26vcF_20_0,29.164655874865275,0.5485767067393114,0.20901015400886536,9.229665756225586,10.423990249633789,10.002490043640137,2.889760732650757,0.05872181057929993
ddpm10_w0.0,ddpm,10,0.0,go_stanford,medium,sim2hF_0_0,29.33153350016937,0.7994631068020225,0.17351588606834412,7.0773091316223145,8.039970397949219,8.0242919921875,0.42755839228630066,0.06658445298671722
ddpm10_w0.0,ddpm,10,0.0,go_stanford,medium,no14vc_16_1,28.737892250035202,0.9099775544125306,0.16644318401813507,7.2786688804626465,8.233271598815918,8.08804702758789,1.5067087411880493,0.049738794565200806
ddpm10_w0.0,ddpm,10,0.0,go_stanford,medium,no5vc_144_0,29.60003787501364,1.0792441796798309,0.22282996773719788,4.877633094787598,5.754511833190918,5.718522071838379,0.5419315695762634,0.07295598834753036
ddpm10_w0.0,ddpm,10,0.0,go_stanford,medium,no31vcF_25_0,29.852899749982953,0.6258505840286351,0.23925943672657013,8.27509593963623,8.564102172851562,7.104540824890137,4.734935283660889,0.23929829895496368
ddpm10_w0.0,ddpm,10,0.0,go_stanford,medium,sim4h_0_0,30.083595500002502,1.163962300114387,0.14315953850746155,9.403373718261719,10.483992576599121,9.999676704406738,3.1206090450286865,0.1228489801287651
ddpm10_w0.0,ddpm,10,0.0,go_stanford,medium,no4vcF_61_0,29.442348500026583,0.4211391391738862,0.36049914360046387,8.995454788208008,9.916389465332031,8.342504501342773,5.282077789306641,0.11848163604736328
ddpm10_w0.0,ddpm,10,0.0,go_stanford,long,no9vc_56_0,30.144329625159116,1.023170258013419,0.541263222694397,8.417266845703125,8.565799713134766,3.409519672393799,7.750794410705566,0.17958396673202515
ddpm10_w0.0,ddpm,10,0.0,go_stanford,long,no26vcF_20_0,29.811960374956925,0.45854192967059965,0.3671268820762634,8.832683563232422,10.006363868713379,9.548675537109375,2.79406476020813,0.07440514862537384
ddpm10_w0.0,ddpm,10,0.0,go_stanford,long,sim2hF_0_0,30.43512350001265,1.2924854816382225,0.19147774577140808,7.490145206451416,8.624444961547852,8.613750457763672,0.33543574810028076,0.03753339499235153
ddpm10_w0.0,ddpm,10,0.0,go_stanford,long,no14vc_16_1,29.054244375117833,0.7636437558728912,0.2495012879371643,6.676983833312988,7.543724060058594,7.223353385925293,2.117974281311035,0.06382511556148529
ddpm10_w0.0,ddpm,10,0.0,go_stanford,long,no5vc_144_0,29.781041000035202,1.0391973952142235,0.20497438311576843,7.42596435546875,8.552591323852539,8.536844253540039,0.4341452121734619,0.04642843082547188
ddpm10_w0.0,ddpm,10,0.0,go_stanford,long,no31vcF_25_0,29.59995999998455,0.8870954393478805,0.22833070158958435,9.334909439086914,9.995030403137207,9.220098495483398,3.7970008850097656,0.21453310549259186
ddpm10_w0.0,ddpm,10,0.0,go_stanford,long,sim4h_0_0,30.006666625013168,1.158887875460416,0.12838011980056763,8.847633361816406,9.966516494750977,9.873723983764648,1.3159539699554443,0.10474756360054016
ddpm10_w0.0,ddpm,10,0.0,go_stanford,long,no4vcF_61_0,29.35095537492316,0.7798939990863639,0.39146560430526733,8.271655082702637,8.95379638671875,8.121484756469727,3.6096792221069336,0.20662589371204376
ddpm10_w0.5,ddpm,10,0.5,go_stanford,short,no9vc_56_0,54.72050362510572,1.35491803433091,0.19899892807006836,9.359047889709473,10.673337936401367,10.648651123046875,0.5625668168067932,0.050951357930898666
ddpm10_w0.5,ddpm,10,0.5,go_stanford,short,no26vcF_20_0,54.48474987491636,1.1142139930060924,0.21684584021568298,8.552379608154297,9.724689483642578,9.160612106323242,3.2152109146118164,0.09561161696910858
ddpm10_w0.5,ddpm,10,0.5,go_stanford,short,sim2hF_0_0,53.90345075005598,1.0682331085522478,0.20013222098350525,7.277883052825928,8.13073444366455,7.872346878051758,1.9891420602798462,0.07480431348085403
ddpm10_w0.5,ddpm,10,0.5,go_stanford,short,no14vc_16_1,53.329013250049684,0.8247715711485885,0.15106388926506042,6.856621742248535,7.8565497398376465,7.839137077331543,0.44389525055885315,0.06632861495018005
ddpm10_w0.5,ddpm,10,0.5,go_stanford,short,no5vc_144_0,56.467333375053386,5.9471584046875074,0.18760070204734802,4.473759651184082,4.868174076080322,4.489919662475586,1.846778154373169,0.0799359381198883
ddpm10_w0.5,ddpm,10,0.5,go_stanford,short,no31vcF_25_0,53.24553612501859,1.3203262335019676,0.5590311288833618,3.0279316902160645,1.589036226272583,0.26168522238731384,1.3858389854431152,0.21412751078605652
ddpm10_w0.5,ddpm,10,0.5,go_stanford,short,sim4h_0_0,53.28681074996666,1.1539696629361655,0.15941675007343292,9.301706314086914,10.569648742675781,10.421147346496582,1.6984262466430664,0.056226544082164764
ddpm10_w0.5,ddpm,10,0.5,go_stanford,short,no4vcF_61_0,54.63192450002907,0.5278936760178715,0.15572026371955872,9.438673973083496,10.757177352905273,10.673343658447266,1.238006353378296,0.048206694424152374
ddpm10_w0.5,ddpm,10,0.5,go_stanford,medium,no9vc_56_0,53.545808374963144,1.197482378513882,0.3747090697288513,9.46461296081543,10.51250171661377,9.296231269836426,4.799140930175781,0.07015810161828995
ddpm10_w0.5,ddpm,10,0.5,go_stanford,medium,no26vcF_20_0,53.80219450006507,0.6883735415675047,0.21813254058361053,9.235406875610352,10.408317565917969,9.89079475402832,3.1977829933166504,0.06220804899930954
ddpm10_w0.5,ddpm,10,0.5,go_stanford,medium,sim2hF_0_0,53.330484124956,0.9883186423986082,0.1764032542705536,7.163174152374268,8.131317138671875,8.115039825439453,0.4388153553009033,0.0674271434545517
ddpm10_w0.5,ddpm,10,0.5,go_stanford,medium,no14vc_16_1,53.27052712505065,0.9149223203154333,0.15766389667987823,7.3394389152526855,8.30579948425293,8.17517375946045,1.437330961227417,0.04878455772995949
ddpm10_w0.5,ddpm,10,0.5,go_stanford,medium,no5vc_144_0,53.190750499993555,1.2594479474351015,0.20793145895004272,5.0644330978393555,5.92624568939209,5.881594181060791,0.6502206325531006,0.06900222599506378
ddpm10_w0.5,ddpm,10,0.5,go_stanford,medium,no31vcF_25_0,54.08143599987625,1.1316120070095144,0.23666797578334808,8.28929328918457,8.431608200073242,6.831451416015625,4.898317813873291,0.25584977865219116
ddpm10_w0.5,ddpm,10,0.5,go_stanford,medium,sim4h_0_0,54.50108625012717,1.2601489248769824,0.139495849609375,9.444826126098633,10.524724960327148,10.026947975158691,3.1710915565490723,0.12276237457990646
ddpm10_w0.5,ddpm,10,0.5,go_stanford,medium,no4vcF_61_0,53.85935437499256,0.7576714908247152,0.3597354590892792,9.054101943969727,9.99134635925293,8.468542098999023,5.221771240234375,0.11685594171285629
ddpm10_w0.5,ddpm,10,0.5,go_stanford,long,no9vc_56_0,53.17584487499971,0.8155015692666866,0.503624677658081,8.441205024719238,8.581384658813477,3.3198585510253906,7.81815242767334,0.18198883533477783
ddpm10_w0.5,ddpm,10,0.5,go_stanford,long,no26vcF_20_0,52.64745099998436,0.5072661544732984,0.38194411993026733,8.848304748535156,10.017769813537598,9.503523826599121,2.9595255851745605,0.0783536434173584
ddpm10_w0.5,ddpm,10,0.5,go_stanford,long,sim2hF_0_0,53.97028287507055,1.2790302956670814,0.1865883469581604,7.585187911987305,8.724347114562988,8.713790893554688,0.3290634751319885,0.03824447840452194
ddpm10_w0.5,ddpm,10,0.5,go_stanford,long,no14vc_16_1,57.04581962498878,1.5120144475954604,0.2544006109237671,6.763453960418701,7.655414581298828,7.355902671813965,2.0594305992126465,0.06445080041885376
ddpm10_w0.5,ddpm,10,0.5,go_stanford,long,no5vc_144_0,58.183482749996074,0.8053559203166609,0.19563663005828857,7.518161296844482,8.645940780639648,8.63034725189209,0.4410940110683441,0.04394042491912842
ddpm10_w0.5,ddpm,10,0.5,go_stanford,long,no31vcF_25_0,56.40192412505485,1.0163570105944584,0.23476947844028473,9.348662376403809,10.021209716796875,9.245490074157715,3.80074405670166,0.21221640706062317
ddpm10_w0.5,ddpm,10,0.5,go_stanford,long,sim4h_0_0,56.16161512494955,0.4473826219724515,0.13174352049827576,8.871435165405273,9.937700271606445,9.80795669555664,1.5645582675933838,0.12349437177181244
ddpm10_w0.5,ddpm,10,0.5,go_stanford,long,no4vcF_61_0,55.78981712500308,0.8365445747950937,0.37588077783584595,8.320497512817383,9.018627166748047,8.207935333251953,3.59330415725708,0.20127053558826447
ddpm10_w1.0,ddpm,10,1.0,go_stanford,short,no9vc_56_0,59.39828499998612,1.492166081106296,0.18618842959403992,9.377279281616211,10.692732810974121,10.671151161193848,0.5279185771942139,0.04965546354651451
ddpm10_w1.0,ddpm,10,1.0,go_stanford,short,no26vcF_20_0,57.609096124963344,1.2546953616959804,0.2075577974319458,8.58404541015625,9.76593017578125,9.205760955810547,3.21573805809021,0.09430726617574692
ddpm10_w1.0,ddpm,10,1.0,go_stanford,short,sim2hF_0_0,57.875711124893314,0.8583793216377708,0.20151835680007935,7.328935623168945,8.15191650390625,7.817363739013672,2.2733917236328125,0.08209068328142166
ddpm10_w1.0,ddpm,10,1.0,go_stanford,short,no14vc_16_1,57.323275249927974,1.1559195093517551,0.13255196809768677,6.842032432556152,7.848171234130859,7.831243515014648,0.46346771717071533,0.05999577045440674
ddpm10_w1.0,ddpm,10,1.0,go_stanford,short,no5vc_144_0,54.58133437491597,1.0392406832577405,0.17682072520256042,4.531428337097168,4.92397403717041,4.504384517669678,1.9610118865966797,0.08174760639667511
ddpm10_w1.0,ddpm,10,1.0,go_stanford,short,no31vcF_25_0,54.14828462500054,0.8756846503206591,0.5719292759895325,3.064497470855713,1.6289708614349365,0.2483925223350525,1.4332282543182373,0.21422210335731506
ddpm10_w1.0,ddpm,10,1.0,go_stanford,short,sim4h_0_0,54.77357625005652,1.5217380798793034,0.14955411851406097,9.302425384521484,10.584348678588867,10.466085433959961,1.5149948596954346,0.05163871496915817
ddpm10_w1.0,ddpm,10,1.0,go_stanford,short,no4vcF_61_0,54.66434912511886,1.5403910346449108,0.14748525619506836,9.464122772216797,10.785173416137695,10.705970764160156,1.2100454568862915,0.04752226546406746
ddpm10_w1.0,ddpm,10,1.0,go_stanford,medium,no9vc_56_0,56.5893525000547,1.9900664193320452,0.3680068850517273,9.501049041748047,10.54345417022705,9.26988697052002,4.92099666595459,0.06941428780555725
ddpm10_w1.0,ddpm,10,1.0,go_stanford,medium,no26vcF_20_0,55.67004074998749,1.4317126263700846,0.22673870623111725,9.249109268188477,10.3987398147583,9.77291488647461,3.510709285736084,0.06649905443191528
ddpm10_w1.0,ddpm,10,1.0,go_stanford,medium,sim2hF_0_0,56.34157949998553,3.10678337389837,0.17931942641735077,7.2493133544921875,8.223071098327637,8.206182479858398,0.4502667784690857,0.0683784931898117
ddpm10_w1.0,ddpm,10,1.0,go_stanford,medium,no14vc_16_1,56.18041062496104,1.8097861422749044,0.1489911824464798,7.400125026702881,8.377937316894531,8.260648727416992,1.369910717010498,0.04790516570210457
ddpm10_w1.0,ddpm,10,1.0,go_stanford,medium,no5vc_144_0,57.35129575003839,1.7897995308039307,0.19459432363510132,5.246179103851318,6.093284606933594,6.038642406463623,0.7596523761749268,0.06649185717105865
ddpm10_w1.0,ddpm,10,1.0,go_stanford,medium,no31vcF_25_0,56.30065100001502,1.1412222974841333,0.23393851518630981,8.314491271972656,8.306004524230957,6.56516695022583,5.047736644744873,0.27223700284957886
ddpm10_w1.0,ddpm,10,1.0,go_stanford,medium,sim4h_0_0,55.6253715000139,1.217001718314143,0.13587474822998047,9.485658645629883,10.564855575561523,10.053679466247559,3.2207460403442383,0.12274522334337234
ddpm10_w1.0,ddpm,10,1.0,go_stanford,medium,no4vcF_61_0,56.01219050004147,1.4711798495628516,0.359124094247818,9.11323356628418,10.066579818725586,8.593796730041504,5.160536766052246,0.11532901227474213
ddpm10_w1.0,ddpm,10,1.0,go_stanford,long,no9vc_56_0,55.25254425003823,1.8364670966826695,0.47343701124191284,8.454700469970703,8.587689399719238,3.237379789352417,7.867879867553711,0.18445998430252075
ddpm10_w1.0,ddpm,10,1.0,go_stanford,long,no26vcF_20_0,57.32858000004626,1.7346787473934846,0.3970138430595398,8.86632251739502,10.030157089233398,9.453536987304688,3.1319098472595215,0.08264623582363129
ddpm10_w1.0,ddpm,10,1.0,go_stanford,long,sim2hF_0_0,56.430718624994824,1.0111595288447022,0.1825929582118988,7.687582969665527,8.82649040222168,8.810403823852539,0.43079710006713867,0.042872972786426544
ddpm10_w1.0,ddpm,10,1.0,go_stanford,long,no14vc_16_1,58.28474162490238,2.1686763002403877,0.25927895307540894,6.852489948272705,7.768258094787598,7.488698959350586,2.000101327896118,0.06631802022457123
ddpm10_w1.0,ddpm,10,1.0,go_stanford,long,no5vc_144_0,56.208782374994826,0.9480890788665461,0.18671464920043945,7.608696937561035,8.73738956451416,8.721633911132812,0.4501449763774872,0.04199119657278061
ddpm10_w1.0,ddpm,10,1.0,go_stanford,long,no31vcF_25_0,55.012674125066496,1.9213736968541522,0.24130143225193024,9.362953186035156,10.047486305236816,9.27101993560791,3.804241180419922,0.2100241780281067
ddpm10_w1.0,ddpm,10,1.0,go_stanford,long,sim4h_0_0,54.09807612494433,1.2079896507661192,0.13499599695205688,8.907487869262695,9.911905288696289,9.738714218139648,1.8127256631851196,0.1424022912979126
ddpm10_w1.0,ddpm,10,1.0,go_stanford,long,no4vcF_61_0,54.20544374999281,0.5937179616120972,0.36133548617362976,8.367362022399902,9.080617904663086,8.290842056274414,3.5749363899230957,0.19609351456165314
ddpm10_w2.0,ddpm,10,2.0,go_stanford,short,no9vc_56_0,53.24328587499849,1.434168086538273,0.1625177562236786,9.413509368896484,10.73055362701416,10.714134216308594,0.46691620349884033,0.04839267581701279
ddpm10_w2.0,ddpm,10,2.0,go_stanford,short,no26vcF_20_0,54.56481512493383,2.0869513254468943,0.18906934559345245,8.646533966064453,9.846744537353516,9.293434143066406,3.218214511871338,0.09209553897380829
ddpm10_w2.0,ddpm,10,2.0,go_stanford,short,sim2hF_0_0,54.761384750065645,1.339694078530545,0.20247574150562286,7.464048385620117,8.220468521118164,7.70743465423584,2.8307366371154785,0.09783553332090378
ddpm10_w2.0,ddpm,10,2.0,go_stanford,short,no14vc_16_1,54.22024025006067,0.6762612833828628,0.11190623790025711,6.817732334136963,7.832033634185791,7.814469337463379,0.5055756568908691,0.048680536448955536
ddpm10_w2.0,ddpm,10,2.0,go_stanford,short,no5vc_144_0,54.09146024999245,1.422380505918155,0.15610285103321075,4.649190902709961,5.037822723388672,4.534239768981934,2.177833080291748,0.08553264290094376
ddpm10_w2.0,ddpm,10,2.0,go_stanford,short,no31vcF_25_0,55.38092475001122,1.372110421143572,0.598241925239563,3.150540351867676,1.7309116125106812,0.2207367718219757,1.5513017177581787,0.21483959257602692
ddpm10_w2.0,ddpm,10,2.0,go_stanford,short,sim4h_0_0,55.16259725004602,0.5885322117946848,0.12980115413665771,9.314233779907227,10.617889404296875,10.546443939208984,1.177111268043518,0.04516921937465668
ddpm10_w2.0,ddpm,10,2.0,go_stanford,short,no4vcF_61_0,55.04584775002286,1.8061573127994606,0.13168098032474518,9.515667915344238,10.841470718383789,10.77061653137207,1.1574530601501465,0.04666701704263687
ddpm10_w2.0,ddpm,10,2.0,go_stanford,medium,no9vc_56_0,54.51058724992208,0.7748791537365733,0.3550722002983093,9.57314682006836,10.60452651977539,9.216779708862305,5.15478515625,0.07045901566743851
ddpm10_w2.0,ddpm,10,2.0,go_stanford,medium,no26vcF_20_0,55.30491437497176,1.7052756900117352,0.24281364679336548,9.302165031433105,10.399492263793945,9.518702507019043,4.14824104309082,0.07701273262500763
ddpm10_w2.0,ddpm,10,2.0,go_stanford,medium,sim2hF_0_0,54.474956500087046,1.0708384390310621,0.1850266009569168,7.422668933868408,8.407581329345703,8.389419555664062,0.4737664461135864,0.07044705748558044
ddpm10_w2.0,ddpm,10,2.0,go_stanford,medium,no14vc_16_1,53.63772487504548,0.6456953322192386,0.13217812776565552,7.520785808563232,8.520111083984375,8.426200866699219,1.239910364151001,0.04640922322869301
ddpm10_w2.0,ddpm,10,2.0,go_stanford,medium,no5vc_144_0,53.36184612502848,1.1294686233543343,0.17164906859397888,5.593135833740234,6.412786483764648,6.335823059082031,0.9601776003837585,0.06542506814002991
ddpm10_w2.0,ddpm,10,2.0,go_stanford,medium,no31vcF_25_0,53.54588925013104,0.9264502899946516,0.22861628234386444,8.388147354125977,8.077005386352539,6.05760383605957,5.308075904846191,0.30335161089897156
ddpm10_w2.0,ddpm,10,2.0,go_stanford,medium,sim4h_0_0,53.763887625052575,1.6822626777307694,0.12915533781051636,9.566173553466797,10.643787384033203,10.105731964111328,3.3185129165649414,0.12306277453899384
ddpm10_w2.0,ddpm,10,2.0,go_stanford,medium,no4vcF_61_0,52.399255750003704,0.739352629329575,0.35793185234069824,9.23239517211914,10.217363357543945,8.842031478881836,5.034434795379639,0.1126892939209938
ddpm10_w2.0,ddpm,10,2.0,go_stanford,long,no9vc_56_0,52.944857499937825,1.0903493115667247,0.4263318181037903,8.459545135498047,8.579919815063477,3.0879275798797607,7.931758880615234,0.19005624949932098
ddpm10_w2.0,ddpm,10,2.0,go_stanford,long,no26vcF_20_0,54.24203612500378,0.7715873229732048,0.42795079946517944,8.911147117614746,10.058405876159668,9.338092803955078,3.4965033531188965,0.09234720468521118
ddpm10_w2.0,ddpm,10,2.0,go_stanford,long,sim2hF_0_0,54.66528224991407,1.6750657630135626,0.17670011520385742,7.909746170043945,9.036592483520508,8.994831085205078,0.7834006547927856,0.05862326920032501
ddpm10_w2.0,ddpm,10,2.0,go_stanford,long,no14vc_16_1,54.682358124978236,0.5034880794372973,0.2690211832523346,7.038784980773926,7.9980010986328125,7.75559139251709,1.8797807693481445,0.07209746539592743
ddpm10_w2.0,ddpm,10,2.0,go_stanford,long,no5vc_144_0,53.62425687502537,1.1676509259941938,0.17032232880592346,7.784492492675781,8.914530754089355,8.897724151611328,0.4797353744506836,0.0398017093539238
ddpm10_w2.0,ddpm,10,2.0,go_stanford,long,no31vcF_25_0,55.213937125017765,1.1551890681241677,0.2546600103378296,9.392984390258789,10.10055923461914,9.322347640991211,3.811593532562256,0.2060519903898239
ddpm10_w2.0,ddpm,10,2.0,go_stanford,long,sim4h_0_0,53.939925999998195,0.8194765452142627,0.14060384035110474,9.013254165649414,9.870479583740234,9.591924667358398,2.302544116973877,0.18003013730049133
ddpm10_w2.0,ddpm,10,2.0,go_stanford,long,no4vcF_61_0,54.533996375084826,1.0707819239070409,0.3347090780735016,8.455985069274902,9.197111129760742,8.447223663330078,3.533320903778076,0.18629437685012817
ddim10_w0.0,ddim,10,0.0,go_stanford,short,no9vc_56_0,27.46791200007692,0.8285036309973499,0.24815982580184937,9.29931354522705,10.58510971069336,10.54764175415039,0.6500344276428223,0.0648634284734726
ddim10_w0.0,ddim,10,0.0,go_stanford,short,no26vcF_20_0,27.214267625026878,0.8892927921346623,0.3037722706794739,8.415664672851562,9.571741104125977,8.99423885345459,3.1673836708068848,0.11009252816438675
ddim10_w0.0,ddim,10,0.0,go_stanford,short,sim2hF_0_0,27.46648099991944,0.6251735077635289,0.29954853653907776,7.2669267654418945,8.16655158996582,7.993091583251953,1.5745428800582886,0.0730481892824173
ddim10_w0.0,ddim,10,0.0,go_stanford,short,no14vc_16_1,27.238457500004642,0.6643485918422115,0.23074546456336975,6.793084144592285,7.769774913787842,7.745258331298828,0.5107135772705078,0.08160634338855743
ddim10_w0.0,ddim,10,0.0,go_stanford,short,no5vc_144_0,27.31010174994708,0.6334009685445144,0.25538867712020874,4.42608118057251,4.792447566986084,4.397831916809082,1.8373464345932007,0.08430857956409454
ddim10_w0.0,ddim,10,0.0,go_stanford,short,no31vcF_25_0,28.88521387495757,0.41840600972119,0.7378236055374146,3.4076075553894043,2.1313343048095703,0.6366297006607056,1.7648038864135742,0.2245691418647766
ddim10_w0.0,ddim,10,0.0,go_stanford,short,sim4h_0_0,28.79503812511075,0.9784371034504089,0.20421664416790009,9.307687759399414,10.536748886108398,10.318410873413086,2.035675525665283,0.07270525395870209
ddim10_w0.0,ddim,10,0.0,go_stanford,short,no4vcF_61_0,28.182768625015342,0.7445137909132611,0.2534653842449188,9.367485046386719,10.671862602233887,10.577089309692383,1.231156349182129,0.05880670249462128
ddim10_w0.0,ddim,10,0.0,go_stanford,medium,no9vc_56_0,27.479507749944787,0.7377208340635201,0.46651649475097656,9.415068626403809,10.449078559875488,9.240884780883789,4.71430778503418,0.08132264763116837
ddim10_w0.0,ddim,10,0.0,go_stanford,medium,no26vcF_20_0,27.564220249985283,1.0371611671271328,0.30907928943634033,9.201030731201172,10.349567413330078,9.7778902053833,3.2767233848571777,0.06913282722234726
ddim10_w0.0,ddim,10,0.0,go_stanford,medium,sim2hF_0_0,27.346932750106134,0.627549693766914,0.20474773645401,7.125015735626221,8.094062805175781,8.073692321777344,0.49996936321258545,0.06966660916805267
ddim10_w0.0,ddim,10,0.0,go_stanford,medium,no14vc_16_1,28.28427287499835,1.2635878019810645,0.19740107655525208,7.221675872802734,8.179025650024414,8.03898811340332,1.4649988412857056,0.052605144679546356
ddim10_w0.0,ddim,10,0.0,go_stanford,medium,no5vc_144_0,27.09497312497433,0.6551706228593813,0.280997097492218,4.580374717712402,5.428496360778809,5.389552116394043,0.570859432220459,0.08494722843170166
ddim10_w0.0,ddim,10,0.0,go_stanford,medium,no31vcF_25_0,27.20904049994033,0.6139108789433613,0.3473389744758606,8.235167503356934,8.510705947875977,7.031056880950928,4.690718650817871,0.2440337836742401
ddim10_w0.0,ddim,10,0.0,go_stanford,medium,sim4h_0_0,26.89627074977352,0.6867788563884556,0.19305914640426636,9.393484115600586,10.479164123535156,9.988710403442383,3.108863592147827,0.12305553257465363
ddim10_w0.0,ddim,10,0.0,go_stanford,medium,no4vcF_61_0,28.612952875107567,1.3467786565426663,0.5131962299346924,8.975078582763672,9.920900344848633,8.43533706665039,5.053337097167969,0.12824593484401703
ddim10_w0.0,ddim,10,0.0,go_stanford,long,no9vc_56_0,28.63512350000974,0.6625641792922521,0.670822262763977,8.61342716217041,8.777847290039062,3.628411293029785,7.781131267547607,0.18627864122390747
ddim10_w0.0,ddim,10,0.0,go_stanford,long,no26vcF_20_0,28.971183249950627,0.7768313296067549,0.5122162103652954,8.739502906799316,9.890897750854492,9.4049654006958,2.7526211738586426,0.08853094279766083
ddim10_w0.0,ddim,10,0.0,go_stanford,long,sim2hF_0_0,28.033492999952614,0.9276042329373249,0.24588432908058167,7.443597316741943,8.565595626831055,8.552401542663574,0.36289915442466736,0.041824668645858765
ddim10_w0.0,ddim,10,0.0,go_stanford,long,no14vc_16_1,28.591124999934436,1.4057611426142946,0.3114854693412781,6.713245391845703,7.570948600769043,7.2601470947265625,2.0478320121765137,0.06687037646770477
ddim10_w0.0,ddim,10,0.0,go_stanford,long,no5vc_144_0,28.169651125040218,0.9831593823351795,0.2642010450363159,7.435895919799805,8.553960800170898,8.514732360839844,0.6658931970596313,0.06597866863012314
ddim10_w0.0,ddim,10,0.0,go_stanford,long,no31vcF_25_0,27.823633124967273,1.0546842790986162,0.2792980670928955,9.30449104309082,9.945760726928711,9.132622718811035,3.8614659309387207,0.21874865889549255
ddim10_w0.0,ddim,10,0.0,go_stanford,long,sim4h_0_0,27.200325750015963,0.7763973015717637,0.179080992937088,8.914878845214844,10.006247520446777,9.87836742401123,1.5089786052703857,0.11511267721652985
ddim10_w0.0,ddim,10,0.0,go_stanford,long,no4vcF_61_0,27.964611000015793,1.7215136036102792,0.44101059436798096,8.250804901123047,8.860445022583008,7.9849653244018555,3.666395664215088,0.22250299155712128
ddim10_w0.5,ddim,10,0.5,go_stanford,short,no9vc_56_0,54.92893437502744,0.9887158112225986,0.2296169102191925,9.322404861450195,10.611560821533203,10.580049514770508,0.6005258560180664,0.0624295249581337
ddim10_w0.5,ddim,10,0.5,go_stanford,short,no26vcF_20_0,54.237623624942444,0.744657237653167,0.2903960347175598,8.45266342163086,9.619701385498047,9.047414779663086,3.1714916229248047,0.10843299329280853
ddim10_w0.5,ddim,10,0.5,go_stanford,short,sim2hF_0_0,53.13457987506354,1.0227873431254808,0.30235135555267334,7.302238464355469,8.175405502319336,7.94045877456665,1.860262393951416,0.07986132055521011
ddim10_w0.5,ddim,10,0.5,go_stanford,short,no14vc_16_1,52.67696437488212,0.989733282864673,0.20411323010921478,6.778238296508789,7.766141891479492,7.743943214416504,0.5026730298995972,0.07435064017772675
ddim10_w0.5,ddim,10,0.5,go_stanford,short,no5vc_144_0,54.137120875054734,2.7335867964673497,0.23877815902233124,4.477219104766846,4.842769622802734,4.409054756164551,1.9501020908355713,0.0854368805885315
ddim10_w0.5,ddim,10,0.5,go_stanford,short,no31vcF_25_0,53.922398624933976,2.7156764883085147,0.7491952180862427,3.435467004776001,2.170814275741577,0.6656710505485535,1.804593801498413,0.22348912060260773
ddim10_w0.5,ddim,10,0.5,go_stanford,short,sim4h_0_0,54.060251000009885,1.2073641141574407,0.1935373842716217,9.303698539733887,10.552844047546387,10.377089500427246,1.8247445821762085,0.06724971532821655
ddim10_w0.5,ddim,10,0.5,go_stanford,short,no4vcF_61_0,53.244959375035705,0.6715363764586251,0.24097147583961487,9.396676063537598,10.704902648925781,10.616487503051758,1.1977287530899048,0.05755075812339783
ddim10_w0.5,ddim,10,0.5,go_stanford,medium,no9vc_56_0,52.002540375099215,0.7264067559489774,0.45805227756500244,9.45649528503418,10.485431671142578,9.21922492980957,4.844582557678223,0.07973064482212067
ddim10_w0.5,ddim,10,0.5,go_stanford,medium,no26vcF_20_0,52.03891412492112,0.7052742231329965,0.32194334268569946,9.208634376525879,10.331338882446289,9.64654541015625,3.5851752758026123,0.07323257625102997
ddim10_w0.5,ddim,10,0.5,go_stanford,medium,sim2hF_0_0,51.86339149986452,0.9225192306569207,0.20734144747257233,7.210460662841797,8.18431282043457,8.163082122802734,0.5142620205879211,0.0703592449426651
ddim10_w0.5,ddim,10,0.5,go_stanford,medium,no14vc_16_1,51.34218274986324,0.7767610473351101,0.18704311549663544,7.285691261291504,8.25544261932373,8.130636215209961,1.39232337474823,0.05150604248046875
ddim10_w0.5,ddim,10,0.5,go_stanford,medium,no5vc_144_0,53.54277962504739,1.0410086808813934,0.2575730085372925,4.77998161315918,5.614835739135742,5.568698883056641,0.6522089242935181,0.08101868629455566
ddim10_w0.5,ddim,10,0.5,go_stanford,medium,no31vcF_25_0,53.65469112501842,1.6984277074269463,0.3423351049423218,8.246051788330078,8.384644508361816,6.776090145111084,4.843710422515869,0.25866231322288513
ddim10_w0.5,ddim,10,0.5,go_stanford,medium,sim4h_0_0,52.632290000019566,1.4776494947046173,0.1891656219959259,9.4329833984375,10.516679763793945,10.012884140014648,3.1601600646972656,0.12293610721826553
ddim10_w0.5,ddim,10,0.5,go_stanford,medium,no4vcF_61_0,53.50192087502137,1.816992836851264,0.5233162641525269,9.026871681213379,9.987128257751465,8.549362182617188,4.988476753234863,0.1269286423921585
ddim10_w0.5,ddim,10,0.5,go_stanford,long,no9vc_56_0,52.33748249992232,1.1790783926731727,0.594077467918396,8.643019676208496,8.792266845703125,3.492628574371338,7.890602111816406,0.1891249716281891
ddim10_w0.5,ddim,10,0.5,go_stanford,long,no26vcF_20_0,52.656868125041,1.7932344115309566,0.5330402851104736,8.74512004852295,9.889681816101074,9.348528861999512,2.9054622650146484,0.09256422519683838
ddim10_w0.5,ddim,10,0.5,go_stanford,long,sim2hF_0_0,53.790531875051784,1.159360293235698,0.2413405478000641,7.535124778747559,8.663126945495605,8.649674415588379,0.36544036865234375,0.04058888554573059
ddim10_w0.5,ddim,10,0.5,go_stanford,long,no14vc_16_1,53.30339337490386,1.2390223401927307,0.3174915909767151,6.804699897766113,7.686781883239746,7.397732734680176,1.9819304943084717,0.06751686334609985
ddim10_w0.5,ddim,10,0.5,go_stanford,long,no5vc_144_0,52.19821875004982,0.48030033053322335,0.255218505859375,7.526113986968994,8.644773483276367,8.606307029724121,0.6561459302902222,0.06307629495859146
ddim10_w0.5,ddim,10,0.5,go_stanford,long,no31vcF_25_0,52.66937687497375,0.41276486888268504,0.2884176969528198,9.310460090637207,9.967096328735352,9.156061172485352,3.8556435108184814,0.21562857925891876
ddim10_w0.5,ddim,10,0.5,go_stanford,long,sim4h_0_0,52.25323387497838,1.2351374402976085,0.18279603123664856,8.94134521484375,9.975973129272461,9.806161880493164,1.7580403089523315,0.13352110981941223
ddim10_w0.5,ddim,10,0.5,go_stanford,long,no4vcF_61_0,51.77099187494605,1.764884828263017,0.42130807042121887,8.299156188964844,8.927776336669922,8.07944107055664,3.6440038681030273,0.21727555990219116
ddim10_w1.0,ddim,10,1.0,go_stanford,short,no9vc_56_0,52.86843724991286,1.0943594035782376,0.2121666967868805,9.345596313476562,10.637582778930664,10.611183166503906,0.5554527640342712,0.06049327924847603
ddim10_w1.0,ddim,10,1.0,go_stanford,short,no26vcF_20_0,53.73989750006558,1.985414287183319,0.2773539423942566,8.489267349243164,9.66689682006836,9.099441528320312,3.1757123470306396,0.10693623125553131
ddim10_w1.0,ddim,10,1.0,go_stanford,short,sim2hF_0_0,54.493803625064174,2.484331003084117,0.3038976192474365,7.349514007568359,8.193229675292969,7.88694953918457,2.1451172828674316,0.08714238554239273
ddim10_w1.0,ddim,10,1.0,go_stanford,short,no14vc_16_1,53.56780225008606,1.3710876581622489,0.1807255893945694,6.766411781311035,7.763303756713867,7.742683410644531,0.5043708086013794,0.06758338958024979
ddim10_w1.0,ddim,10,1.0,go_stanford,short,no5vc_144_0,52.34276737490973,0.5471648352340648,0.2224382609128952,4.529462814331055,4.894025802612305,4.420560836791992,2.058474063873291,0.08659298717975616
ddim10_w1.0,ddim,10,1.0,go_stanford,short,no31vcF_25_0,52.65457825015574,1.2169467251647093,0.7605146765708923,3.469390392303467,2.212021589279175,0.6870541572570801,1.847787857055664,0.22281160950660706
ddim10_w1.0,ddim,10,1.0,go_stanford,short,sim4h_0_0,52.15202375001127,1.559675832653887,0.1828862428665161,9.304878234863281,10.57119083404541,10.43187141418457,1.623176097869873,0.06247534975409508
ddim10_w1.0,ddim,10,1.0,go_stanford,short,no4vcF_61_0,51.88314462498056,0.904293863182603,0.2286555916070938,9.425774574279785,10.737638473510742,10.655173301696777,1.1654736995697021,0.05646239593625069
ddim10_w1.0,ddim,10,1.0,go_stanford,medium,no9vc_56_0,52.33109874995989,1.4355899085683776,0.4501081705093384,9.497217178344727,10.521127700805664,9.197662353515625,4.969278335571289,0.07870753109455109
ddim10_w1.0,ddim,10,1.0,go_stanford,medium,no26vcF_20_0,52.917711499958386,0.923798539295558,0.3340336084365845,9.224648475646973,10.319873809814453,9.509923934936523,3.895998477935791,0.07795137912034988
ddim10_w1.0,ddim,10,1.0,go_stanford,medium,sim2hF_0_0,52.50194975002387,0.9972540678097914,0.20980769395828247,7.296336650848389,8.27502155303955,8.252917289733887,0.5287928581237793,0.07115218043327332
ddim10_w1.0,ddim,10,1.0,go_stanford,medium,no14vc_16_1,53.480796750136506,2.2767629074072886,0.17705588042736053,7.349529266357422,8.331192970275879,8.220081329345703,1.3224049806594849,0.05051074177026749
ddim10_w1.0,ddim,10,1.0,go_stanford,medium,no5vc_144_0,55.33392787509683,2.226837201465332,0.23627665638923645,4.975805282592773,5.797014236450195,5.741566181182861,0.7402712106704712,0.07812340557575226
ddim10_w1.0,ddim,10,1.0,go_stanford,medium,no31vcF_25_0,54.983044624918875,1.8677928506770378,0.33779990673065186,8.270263671875,8.265332221984863,6.524718284606934,4.987585544586182,0.2734493017196655
ddim10_w1.0,ddim,10,1.0,go_stanford,medium,sim4h_0_0,54.195273374887165,1.3649322644527158,0.1854631006717682,9.472711563110352,10.554401397705078,10.037193298339844,3.210980176925659,0.12290382385253906
ddim10_w1.0,ddim,10,1.0,go_stanford,medium,no4vcF_61_0,53.484576875007406,1.1370682695934526,0.5346636176109314,9.079635620117188,10.054068565368652,8.663005828857422,4.933308124542236,0.12575162947177887
ddim10_w1.0,ddim,10,1.0,go_stanford,long,no9vc_56_0,53.47227224990547,0.5649797013105724,0.5445701479911804,8.653145790100098,8.790922164916992,3.3735926151275635,7.961345672607422,0.1924222707748413
ddim10_w1.0,ddim,10,1.0,go_stanford,long,no26vcF_20_0,54.58628237499852,1.2356458123308918,0.554305911064148,8.753305435180664,9.88949966430664,9.287891387939453,3.0642454624176025,0.0969531387090683
ddim10_w1.0,ddim,10,1.0,go_stanford,long,sim2hF_0_0,54.242957124927216,1.4493436607723826,0.2376512885093689,7.635361671447754,8.763862609863281,8.743963241577148,0.463866651058197,0.04443439468741417
ddim10_w1.0,ddim,10,1.0,go_stanford,long,no14vc_16_1,54.696393499909846,1.2457492318738872,0.3235536217689514,6.8992414474487305,7.804347991943359,7.536009788513184,1.915032148361206,0.06916140019893646
ddim10_w1.0,ddim,10,1.0,go_stanford,long,no5vc_144_0,54.27363412491104,1.6383798251710626,0.24664585292339325,7.615479946136475,8.734402656555176,8.696372985839844,0.6507889628410339,0.06064585596323013
ddim10_w1.0,ddim,10,1.0,go_stanford,long,no31vcF_25_0,53.64729625000564,0.9334431766536625,0.2973281741142273,9.317264556884766,9.98947811126709,9.181131362915039,3.8484840393066406,0.21254688501358032
ddim10_w1.0,ddim,10,1.0,go_stanford,long,sim4h_0_0,53.25829112496194,1.597072418925835,0.18625997006893158,8.979249954223633,9.949003219604492,9.731149673461914,2.004333257675171,0.1518639624118805
ddim10_w1.0,ddim,10,1.0,go_stanford,long,no4vcF_61_0,54.935086374996445,1.1371841916215357,0.40276992321014404,8.34611701965332,8.992549896240234,8.169941902160645,3.620527982711792,0.21217557787895203
ddim10_w2.0,ddim,10,2.0,go_stanford,short,no9vc_56_0,54.31673574997831,1.6616760111073474,0.18050366640090942,9.390960693359375,10.687172889709473,10.668754577636719,0.47333112359046936,0.05841080844402313
ddim10_w2.0,ddim,10,2.0,go_stanford,short,no26vcF_20_0,53.237634625077135,1.3249284007132343,0.2520226240158081,8.561233520507812,9.758674621582031,9.199944496154785,3.184072971343994,0.1043780967593193
ddim10_w2.0,ddim,10,2.0,go_stanford,short,sim2hF_0_0,58.225637625128,9.016568130183162,0.30411630868911743,7.477995872497559,8.254602432250977,7.777715682983398,2.7090063095092773,0.10289739072322845
ddim10_w2.0,ddim,10,2.0,go_stanford,short,no14vc_16_1,53.77563312504208,1.196562910986463,0.15035521984100342,6.75140905380249,7.760506629943848,7.741272926330566,0.5186880826950073,0.05590540170669556
ddim10_w2.0,ddim,10,2.0,go_stanford,short,no5vc_144_0,54.88876300000811,1.0589725367137774,0.19162562489509583,4.637303829193115,5.000483512878418,4.447222709655762,2.2616965770721436,0.08915562927722931
ddim10_w2.0,ddim,10,2.0,go_stanford,short,no31vcF_25_0,54.57152324993331,1.3035305151383612,0.7820687294006348,3.54530930519104,2.3005857467651367,0.716183066368103,1.9461389780044556,0.22181634604930878
ddim10_w2.0,ddim,10,2.0,go_stanford,short,sim4h_0_0,53.09657612491492,0.772263394262981,0.16141878068447113,9.319174766540527,10.61247444152832,10.529449462890625,1.2514398097991943,0.05512996390461922
ddim10_w2.0,ddim,10,2.0,go_stanford,short,no4vcF_61_0,53.54559912507284,0.7414796427502626,0.20460253953933716,9.483874320983887,10.802665710449219,10.7308931350708,1.1034328937530518,0.05495041608810425
ddim10_w2.0,ddim,10,2.0,go_stanford,medium,no9vc_56_0,53.29729437488595,0.7466106733547162,0.43416860699653625,9.577070236206055,10.590919494628906,9.154735565185547,5.2053937911987305,0.0786694586277008
ddim10_w2.0,ddim,10,2.0,go_stanford,medium,no26vcF_20_0,52.89703850007754,0.9391973474974581,0.3557766079902649,9.28293514251709,10.31849479675293,9.221892356872559,4.521595001220703,0.08909668773412704
ddim10_w2.0,ddim,10,2.0,go_stanford,medium,sim2hF_0_0,54.077899749984226,1.8175442596579006,0.21458443999290466,7.468123435974121,8.456871032714844,8.432977676391602,0.5581141710281372,0.07287004590034485
ddim10_w2.0,ddim,10,2.0,go_stanford,medium,no14vc_16_1,55.41771812482921,0.6457883338983016,0.15802906453609467,7.476605415344238,8.480758666992188,8.393192291259766,1.1892189979553223,0.048766057938337326
ddim10_w2.0,ddim,10,2.0,go_stanford,medium,no5vc_144_0,53.80115412503983,0.9877171226436221,0.2000814974308014,5.352296352386475,6.14683723449707,6.068924903869629,0.9486032724380493,0.0750885009765625
ddim10_w2.0,ddim,10,2.0,go_stanford,medium,no31vcF_25_0,53.69569737496249,0.38322812334992723,0.3298802971839905,8.345852851867676,8.047956466674805,6.038726806640625,5.246552467346191,0.3024688959121704
ddim10_w2.0,ddim,10,2.0,go_stanford,medium,sim4h_0_0,53.580686124917065,0.8228706677163166,0.17829307913780212,9.551435470581055,10.629130363464355,10.084834098815918,3.31146240234375,0.12324316799640656
ddim10_w2.0,ddim,10,2.0,go_stanford,medium,no4vcF_61_0,53.173843250021946,0.49579051143779784,0.5604218244552612,9.18910026550293,10.190629959106445,8.88782024383545,4.821474075317383,0.12379927188158035
ddim10_w2.0,ddim,10,2.0,go_stanford,long,no9vc_56_0,52.342705124885924,0.8746838222400922,0.4814704358577728,8.646849632263184,8.766237258911133,3.173154354095459,8.043996810913086,0.20056453347206116
ddim10_w2.0,ddim,10,2.0,go_stanford,long,no26vcF_20_0,54.89754450007922,0.8771396642421876,0.5981173515319824,8.778553009033203,9.892936706542969,9.154169082641602,3.399245262145996,0.10668487846851349
ddim10_w2.0,ddim,10,2.0,go_stanford,long,sim2hF_0_0,55.150522749897846,0.7944670697718283,0.2318185567855835,7.856649398803711,8.97385025024414,8.925439834594727,0.8218149542808533,0.06020233407616615
ddim10_w2.0,ddim,10,2.0,go_stanford,long,no14vc_16_1,53.401090875013324,1.419455507857593,0.3351110517978668,7.095982074737549,8.042686462402344,7.812629699707031,1.7793986797332764,0.0746837854385376
ddim10_w2.0,ddim,10,2.0,go_stanford,long,no5vc_144_0,53.43384474991808,0.6573921803833143,0.2303265631198883,7.791048049926758,8.909919738769531,8.872071266174316,0.6593705415725708,0.05728049576282501
ddim10_w2.0,ddim,10,2.0,go_stanford,long,no31vcF_25_0,53.272379749898846,0.4219781637438479,0.31511902809143066,9.334783554077148,10.036186218261719,9.23198127746582,3.8369736671447754,0.2070521116256714
ddim10_w2.0,ddim,10,2.0,go_stanford,long,sim4h_0_0,53.63109024995083,1.9947813547091053,0.19209417700767517,9.086188316345215,9.906481742858887,9.575894355773926,2.484046459197998,0.18792317807674408
ddim10_w2.0,ddim,10,2.0,go_stanford,long,no4vcF_61_0,55.3135391250521,1.0390715650030393,0.36847376823425293,8.436485290527344,9.11540412902832,8.340105056762695,3.5718343257904053,0.20231452584266663
ddim5_w0.0,ddim,5,0.0,go_stanford,short,no9vc_56_0,14.685766625063934,0.25982982792286463,0.2077009379863739,9.321651458740234,10.621146202087402,10.593988418579102,0.5566051006317139,0.0573357418179512
ddim5_w0.0,ddim,5,0.0,go_stanford,short,no26vcF_20_0,14.604950750140233,0.5263511740012368,0.2651588022708893,8.408590316772461,9.569456100463867,9.015266418457031,3.1282801628112793,0.1035819798707962
ddim5_w0.0,ddim,5,0.0,go_stanford,short,sim2hF_0_0,14.913617500042164,0.3719079918151554,0.26659128069877625,7.268685340881348,8.172364234924316,8.001100540161133,1.5863301753997803,0.06901274621486664
ddim5_w0.0,ddim,5,0.0,go_stanford,short,no14vc_16_1,15.963523499976873,1.7545566971344475,0.20038121938705444,6.823062896728516,7.8080549240112305,7.788492679595947,0.46149927377700806,0.07699507474899292
ddim5_w0.0,ddim,5,0.0,go_stanford,short,no5vc_144_0,14.98445937500037,0.15047636158103372,0.2337358593940735,4.4605793952941895,4.852680683135986,4.494393348693848,1.7755413055419922,0.07971882820129395
ddim5_w0.0,ddim,5,0.0,go_stanford,short,no31vcF_25_0,15.499146374907014,1.0572725036738262,0.6473395228385925,3.221628189086914,1.8706964254379272,0.5489174723625183,1.5676906108856201,0.2186284363269806
ddim5_w0.0,ddim,5,0.0,go_stanford,short,sim4h_0_0,15.00678299998981,0.3152996911565477,0.1770707070827484,9.306676864624023,10.542670249938965,10.33375358581543,2.010331153869629,0.06878969818353653
ddim5_w0.0,ddim,5,0.0,go_stanford,short,no4vcF_61_0,14.62654962489296,0.45246802757218674,0.212624654173851,9.375758171081543,10.686767578125,10.605142593383789,1.161150574684143,0.05372003838419914
ddim5_w0.0,ddim,5,0.0,go_stanford,medium,no9vc_56_0,14.760846125000171,0.48887188277472193,0.40488842129707336,9.44651985168457,10.505228042602539,9.377941131591797,4.610588550567627,0.07547110319137573
ddim5_w0.0,ddim,5,0.0,go_stanford,medium,no26vcF_20_0,14.616622499886489,0.23404017538318045,0.2686970829963684,9.206018447875977,10.36678409576416,9.834184646606445,3.1887001991271973,0.06507515907287598
ddim5_w0.0,ddim,5,0.0,go_stanford,medium,sim2hF_0_0,17.318396499945266,2.593830125926858,0.182294100522995,7.154513835906982,8.13654899597168,8.119564056396484,0.4634769856929779,0.06589637696743011
ddim5_w0.0,ddim,5,0.0,go_stanford,medium,no14vc_16_1,14.75882337507528,0.38459898178973223,0.17309272289276123,7.247210502624512,8.212007522583008,8.077627182006836,1.4467804431915283,0.04948006570339203
ddim5_w0.0,ddim,5,0.0,go_stanford,medium,no5vc_144_0,14.663310749995162,0.6891770668268321,0.24735598266124725,4.615206718444824,5.469921112060547,5.437445640563965,0.5259413719177246,0.07932452857494354
ddim5_w0.0,ddim,5,0.0,go_stanford,medium,no31vcF_25_0,15.001207375007652,0.6126661926854315,0.2989555895328522,8.26786994934082,8.587656021118164,7.140349388122559,4.694482803344727,0.23691973090171814
ddim5_w0.0,ddim,5,0.0,go_stanford,medium,sim4h_0_0,14.671605125045062,0.41418269821015635,0.1709757298231125,9.388723373413086,10.479320526123047,9.997668266296387,3.092935085296631,0.12089727818965912
ddim5_w0.0,ddim,5,0.0,go_stanford,medium,no4vcF_61_0,14.651868499981902,0.3180293297668164,0.44427335262298584,9.01845645904541,9.977275848388672,8.520026206970215,5.069478988647461,0.12272194027900696
ddim5_w0.0,ddim,5,0.0,go_stanford,long,no9vc_56_0,14.544469124928128,0.47425991345288765,0.6187212467193604,8.525957107543945,8.702851295471191,3.769498348236084,7.667171955108643,0.1818893998861313
ddim5_w0.0,ddim,5,0.0,go_stanford,long,no26vcF_20_0,14.868329500018262,0.45760553488470934,0.44062888622283936,8.777976989746094,9.952109336853027,9.522014617919922,2.646812915802002,0.08043375611305237
ddim5_w0.0,ddim,5,0.0,go_stanford,long,sim2hF_0_0,14.377466874975653,0.2820975988595908,0.21399790048599243,7.457505226135254,8.582115173339844,8.571938514709473,0.32245850563049316,0.03711334615945816
ddim5_w0.0,ddim,5,0.0,go_stanford,long,no14vc_16_1,14.51381462510426,0.4313846596118574,0.2761189341545105,6.746535778045654,7.617214679718018,7.324687957763672,2.012835741043091,0.06249134615063667
ddim5_w0.0,ddim,5,0.0,go_stanford,long,no5vc_144_0,14.352294250045361,0.244286189830104,0.23099108040332794,7.4374237060546875,8.561187744140625,8.530229568481445,0.5879470109939575,0.061606548726558685
ddim5_w0.0,ddim,5,0.0,go_stanford,long,no31vcF_25_0,15.097180999987359,0.3315902570655072,0.24767498672008514,9.31910514831543,9.980257034301758,9.182853698730469,3.8466796875,0.21551856398582458
ddim5_w0.0,ddim,5,0.0,go_stanford,long,sim4h_0_0,14.97547012496625,0.35493420463312525,0.15910591185092926,8.901704788208008,10.004162788391113,9.887130737304688,1.4519832134246826,0.11105799674987793
ddim5_w0.0,ddim,5,0.0,go_stanford,long,no4vcF_61_0,15.069718500001272,0.38001636629069824,0.3851401209831238,8.270086288452148,8.925191879272461,8.086959838867188,3.6390316486358643,0.21069175004959106
ddim5_w0.5,ddim,5,0.5,go_stanford,short,no9vc_56_0,28.257581874981952,1.058521309163211,0.19250310957431793,9.342345237731934,10.644048690795898,10.621017456054688,0.5149896144866943,0.05537326633930206
ddim5_w0.5,ddim,5,0.5,go_stanford,short,no26vcF_20_0,28.363300500075184,0.9675452945742852,0.25343766808509827,8.445785522460938,9.616915702819824,9.066987991333008,3.132075309753418,0.101991206407547
ddim5_w0.5,ddim,5,0.5,go_stanford,short,sim2hF_0_0,28.399152374902314,0.9182552696636848,0.2692013382911682,7.3051676750183105,8.183279991149902,7.950494766235352,1.8705724477767944,0.07559627294540405
ddim5_w0.5,ddim,5,0.5,go_stanford,short,no14vc_16_1,28.589513624865504,0.7150014081060976,0.1769537627696991,6.811666011810303,7.805513858795166,7.787116050720215,0.4662315547466278,0.07023902237415314
ddim5_w0.5,ddim,5,0.5,go_stanford,short,no5vc_144_0,29.94793249996519,1.9005533900109455,0.2197202742099762,4.514856815338135,4.905712127685547,4.5087385177612305,1.8898264169692993,0.0812176913022995
ddim5_w0.5,ddim,5,0.5,go_stanford,short,no31vcF_25_0,28.75238774998934,0.7555755571098053,0.6612638831138611,3.2548162937164307,1.8992962837219238,0.541946291923523,1.6025054454803467,0.21867235004901886
ddim5_w0.5,ddim,5,0.5,go_stanford,short,sim4h_0_0,28.95951487482762,1.3449387412512472,0.16742190718650818,9.303417205810547,10.558268547058105,10.389650344848633,1.805483341217041,0.06324862688779831
ddim5_w0.5,ddim,5,0.5,go_stanford,short,no4vcF_61_0,28.4031201250059,0.6233685587570231,0.20239542424678802,9.402335166931152,10.716268539428711,10.639381408691406,1.1340008974075317,0.05269104614853859
ddim5_w0.5,ddim,5,0.5,go_stanford,medium,no9vc_56_0,29.892411999924207,1.4128310836368168,0.39886075258255005,9.482362747192383,10.534879684448242,9.348991394042969,4.740647315979004,0.07420462369918823
ddim5_w0.5,ddim,5,0.5,go_stanford,medium,no26vcF_20_0,28.929735375015753,0.9827842738667872,0.27984434366226196,9.21402359008789,10.350347518920898,9.710006713867188,3.494434118270874,0.06914734840393066
ddim5_w0.5,ddim,5,0.5,go_stanford,medium,sim2hF_0_0,28.249935000019377,1.3599937675615732,0.18464940786361694,7.241174697875977,8.228904724121094,8.211223602294922,0.4764673113822937,0.06656235456466675
ddim5_w0.5,ddim,5,0.5,go_stanford,medium,no14vc_16_1,27.911587374944702,0.5069875930844588,0.1645132601261139,7.309910774230957,8.286480903625488,8.165641784667969,1.3802709579467773,0.048494212329387665
ddim5_w0.5,ddim,5,0.5,go_stanford,medium,no5vc_144_0,27.990290249931604,0.9436434029189156,0.22714245319366455,4.816405296325684,5.656925201416016,5.616272449493408,0.6162864565849304,0.07566344738006592
ddim5_w0.5,ddim,5,0.5,go_stanford,medium,no31vcF_25_0,27.713418499956788,0.6683553346549579,0.2953677177429199,8.278938293457031,8.458320617675781,6.876843452453613,4.854799747467041,0.25264498591423035
ddim5_w0.5,ddim,5,0.5,go_stanford,medium,sim4h_0_0,28.900448499939557,0.9483330876538917,0.1673755943775177,9.430707931518555,10.519515991210938,10.024085998535156,3.145717144012451,0.12080751359462738
ddim5_w0.5,ddim,5,0.5,go_stanford,medium,no4vcF_61_0,29.55615737505468,0.6748668795794008,0.448379784822464,9.075212478637695,10.049417495727539,8.640824317932129,5.003199577331543,0.12110018730163574
ddim5_w0.5,ddim,5,0.5,go_stanford,long,no9vc_56_0,29.325908999965122,0.7899108560486297,0.5491474866867065,8.573973655700684,8.736274719238281,3.641685724258423,7.794021129608154,0.18485546112060547
ddim5_w0.5,ddim,5,0.5,go_stanford,long,no26vcF_20_0,28.337823249898975,0.7222671675768448,0.45748478174209595,8.785755157470703,9.955846786499023,9.475893020629883,2.795614242553711,0.08433396369218826
ddim5_w0.5,ddim,5,0.5,go_stanford,long,sim2hF_0_0,28.235742499987282,1.0216429178682722,0.20973999798297882,7.552648544311523,8.683212280273438,8.672639846801758,0.3247220516204834,0.03585757687687874
ddim5_w0.5,ddim,5,0.5,go_stanford,long,no14vc_16_1,27.994935749973138,0.8056323600318317,0.28124484419822693,6.8359174728393555,7.730154037475586,7.457038879394531,1.9536747932434082,0.06310559809207916
ddim5_w0.5,ddim,5,0.5,go_stanford,long,no5vc_144_0,27.371006875057446,1.1859289814093215,0.22251778841018677,7.530573844909668,8.65513801574707,8.624227523803711,0.5845937132835388,0.058769695460796356
ddim5_w0.5,ddim,5,0.5,go_stanford,long,no31vcF_25_0,27.171151624997947,0.47567198135849187,0.25465232133865356,9.33084487915039,10.004243850708008,9.205558776855469,3.8510799407958984,0.21299786865711212
ddim5_w0.5,ddim,5,0.5,go_stanford,long,sim4h_0_0,27.680046625050636,0.6272952169474817,0.16286255419254303,8.92774772644043,9.97658920288086,9.820507049560547,1.692887544631958,0.1292009800672531
ddim5_w0.5,ddim,5,0.5,go_stanford,long,no4vcF_61_0,27.559750125021765,0.36915581991252455,0.36864733695983887,8.321905136108398,8.993486404418945,8.176287651062012,3.6238532066345215,0.20542559027671814
ddim5_w1.0,ddim,5,1.0,go_stanford,short,no9vc_56_0,28.01730249996126,1.5033986018374172,0.17832611501216888,9.36282730102539,10.666391372680664,10.64691162109375,0.47761043906211853,0.053945817053318024
ddim5_w1.0,ddim,5,1.0,go_stanford,short,no26vcF_20_0,27.675926124857142,0.7915378927815693,0.24190105497837067,8.48258113861084,9.663578987121582,9.117605209350586,3.1360301971435547,0.10051912069320679
ddim5_w1.0,ddim,5,1.0,go_stanford,short,sim2hF_0_0,27.162841999881948,0.5999881626897074,0.27103573083877563,7.3535308837890625,8.202970504760742,7.898999214172363,2.1535520553588867,0.08265427500009537
ddim5_w1.0,ddim,5,1.0,go_stanford,short,no14vc_16_1,26.647917625041373,0.5564502220012976,0.15688590705394745,6.801972389221191,7.80301570892334,7.7852373123168945,0.47926533222198486,0.0638972595334053
ddim5_w1.0,ddim,5,1.0,go_stanford,short,no5vc_144_0,27.308820625080443,0.9790822599273925,0.20606912672519684,4.570328712463379,4.959862232208252,4.523224830627441,2.0005710124969482,0.08279921859502792
ddim5_w1.0,ddim,5,1.0,go_stanford,short,no31vcF_25_0,28.285492999998496,0.6636105990818465,0.6751931309700012,3.2925689220428467,1.9335920810699463,0.5345295667648315,1.641329050064087,0.2188054323196411
ddim5_w1.0,ddim,5,1.0,go_stanford,short,sim4h_0_0,27.696430624871482,0.6938286482400896,0.1577245444059372,9.30470085144043,10.575761795043945,10.44168758392334,1.6094403266906738,0.058301690965890884
ddim5_w1.0,ddim,5,1.0,go_stanford,short,no4vcF_61_0,27.541715250038123,0.42913039576065787,0.19243976473808289,9.429197311401367,10.74599838256836,10.673521041870117,1.1078600883483887,0.05181952938437462
ddim5_w1.0,ddim,5,1.0,go_stanford,medium,no9vc_56_0,29.518068750007842,3.6853722314354154,0.3930779695510864,9.518559455871582,10.564849853515625,9.320125579833984,4.867480278015137,0.07356846332550049
ddim5_w1.0,ddim,5,1.0,go_stanford,medium,no26vcF_20_0,27.476706625066072,1.036119237920269,0.29052478075027466,9.230375289916992,10.34041976928711,9.580491065979004,3.8029303550720215,0.07385918498039246
ddim5_w1.0,ddim,5,1.0,go_stanford,medium,sim2hF_0_0,27.26367399998253,0.6946480148719696,0.1868613064289093,7.328022003173828,8.321490287780762,8.303092956542969,0.4897216558456421,0.06728173047304153
ddim5_w1.0,ddim,5,1.0,go_stanford,medium,no14vc_16_1,26.801109875009388,0.7292350602162447,0.15614120662212372,7.3724284172058105,8.360294342041016,8.251850128173828,1.3153752088546753,0.04765767604112625
ddim5_w1.0,ddim,5,1.0,go_stanford,medium,no5vc_144_0,26.658328499991057,0.49796353674612265,0.20900481939315796,5.012988090515137,5.839151859283447,5.788297653198242,0.7206891775131226,0.07312978059053421
ddim5_w1.0,ddim,5,1.0,go_stanford,medium,no31vcF_25_0,27.135204249987055,0.6298088316883595,0.2920948266983032,8.302302360534668,8.334989547729492,6.617310523986816,5.003674507141113,0.2684175372123718
ddim5_w1.0,ddim,5,1.0,go_stanford,medium,sim4h_0_0,26.687827374928474,0.49767118568279906,0.16382504999637604,9.472433090209961,10.559429168701172,10.050237655639648,3.197739362716675,0.12087056040763855
ddim5_w1.0,ddim,5,1.0,go_stanford,medium,no4vcF_61_0,26.644131875002586,0.5947237374142169,0.45287957787513733,9.132335662841797,10.121726989746094,8.760787010192871,4.935505390167236,0.11966036260128021
ddim5_w1.0,ddim,5,1.0,go_stanford,long,no9vc_56_0,26.99053237500948,0.6152480810490418,0.501563310623169,8.601799011230469,8.752571105957031,3.5250120162963867,7.883596420288086,0.18803873658180237
ddim5_w1.0,ddim,5,1.0,go_stanford,long,no26vcF_20_0,27.014592749992516,0.389137485913035,0.4746924340724945,8.795520782470703,9.96036434173584,9.425834655761719,2.9501943588256836,0.08863943815231323
ddim5_w1.0,ddim,5,1.0,go_stanford,long,sim2hF_0_0,27.35690650001743,0.6763983709065438,0.2061992883682251,7.655648231506348,8.786959648132324,8.770292282104492,0.43111711740493774,0.03978631645441055
ddim5_w1.0,ddim,5,1.0,go_stanford,long,no14vc_16_1,26.893082499952925,0.5995069011296443,0.286395788192749,6.928043365478516,7.844618320465088,7.589969158172607,1.8940930366516113,0.0647992342710495
ddim5_w1.0,ddim,5,1.0,go_stanford,long,no5vc_144_0,27.449127500005943,0.8126576302926576,0.21456193923950195,7.622259140014648,8.747218132019043,8.716102600097656,0.5884654521942139,0.05639481917023659
ddim5_w1.0,ddim,5,1.0,go_stanford,long,no31vcF_25_0,27.23496312489715,0.5008687659079157,0.2616864740848541,9.343027114868164,10.028404235839844,9.22842025756836,3.855441093444824,0.21057486534118652
ddim5_w1.0,ddim,5,1.0,go_stanford,long,sim4h_0_0,27.19040812496587,0.5424108824836849,0.16641683876514435,8.965275764465332,9.952230453491211,9.751155853271484,1.9326038360595703,0.1474284529685974
ddim5_w1.0,ddim,5,1.0,go_stanford,long,no4vcF_61_0,26.992767625017677,0.4415349004873126,0.3530064821243286,8.371774673461914,9.058968544006348,8.26219654083252,3.606771230697632,0.20030897855758667
ddim5_w2.0,ddim,5,2.0,go_stanford,short,no9vc_56_0,27.0844707500828,0.729689875986402,0.15263326466083527,9.40368366241455,10.70966911315918,10.695793151855469,0.41155606508255005,0.05270849168300629
ddim5_w2.0,ddim,5,2.0,go_stanford,short,no26vcF_20_0,27.18086362494887,0.3711326750808003,0.21944604814052582,8.555377960205078,9.754949569702148,9.215662002563477,3.1453051567077637,0.09802597016096115
ddim5_w2.0,ddim,5,2.0,go_stanford,short,sim2hF_0_0,27.529977999961375,0.6916781598604794,0.272701621055603,7.484386444091797,8.268804550170898,7.795228004455566,2.7127676010131836,0.09797492623329163
ddim5_w2.0,ddim,5,2.0,go_stanford,short,no14vc_16_1,28.048806875062837,0.42063851818216,0.13370105624198914,6.787449359893799,7.798181533813477,7.7804083824157715,0.5054959058761597,0.05264464020729065
ddim5_w2.0,ddim,5,2.0,go_stanford,short,no5vc_144_0,27.74530537493547,0.4723779822846532,0.1803182065486908,4.6839752197265625,5.070474624633789,4.552684783935547,2.211474657058716,0.0861557275056839
ddim5_w2.0,ddim,5,2.0,go_stanford,short,no31vcF_25_0,27.428923000002214,0.27340780450530844,0.7026892900466919,3.3800129890441895,2.015871524810791,0.5191712379455566,1.73652982711792,0.21938787400722504
ddim5_w2.0,ddim,5,2.0,go_stanford,short,sim4h_0_0,27.370227874996544,0.30810107462244113,0.13852836191654205,9.318567276000977,10.615017890930176,10.534786224365234,1.2445226907730103,0.05068855732679367
ddim5_w2.0,ddim,5,2.0,go_stanford,short,no4vcF_61_0,26.865128874931088,0.2926136063720519,0.1731761395931244,9.482988357543945,10.80506706237793,10.740535736083984,1.0602850914001465,0.05083821713924408
ddim5_w2.0,ddim,5,2.0,go_stanford,medium,no9vc_56_0,26.949469875091836,0.25943565302003013,0.38178110122680664,9.590070724487305,10.623905181884766,9.261245727539062,5.11128568649292,0.07431279122829437
ddim5_w2.0,ddim,5,2.0,go_stanford,medium,no26vcF_20_0,27.23224975005678,0.5366525386912585,0.3101450204849243,9.28839111328125,10.341089248657227,9.305963516235352,4.4252753257751465,0.08512577414512634
ddim5_w2.0,ddim,5,2.0,go_stanford,medium,sim2hF_0_0,26.967592624998815,0.9197511540327623,0.19143381714820862,7.502503395080566,8.507429122924805,8.487532615661621,0.516846776008606,0.06908845901489258
ddim5_w2.0,ddim,5,2.0,go_stanford,medium,no14vc_16_1,27.397809875083112,0.5230091361309231,0.14010418951511383,7.496868133544922,8.506291389465332,8.419354438781738,1.1916255950927734,0.046152155846357346
ddim5_w2.0,ddim,5,2.0,go_stanford,medium,no5vc_144_0,26.92782637501523,0.5176799597360526,0.17884263396263123,5.389476776123047,6.188558578491211,6.113974571228027,0.9355414509773254,0.0708945095539093
ddim5_w2.0,ddim,5,2.0,go_stanford,medium,no31vcF_25_0,27.418210749999616,0.6296458095298684,0.2865551710128784,8.373688697814941,8.108185768127441,6.116591453552246,5.2671332359313965,0.2987669110298157
ddim5_w2.0,ddim,5,2.0,go_stanford,medium,sim4h_0_0,27.206331500053693,0.5014383311804749,0.15723349153995514,9.55455493927002,10.637799263000488,10.100855827331543,3.3002824783325195,0.12126541137695312
ddim5_w2.0,ddim,5,2.0,go_stanford,medium,no4vcF_61_0,27.169679625103527,0.6482877075755697,0.4632580280303955,9.24824333190918,10.26728630065918,8.998687744140625,4.795676231384277,0.11735840141773224
ddim5_w2.0,ddim,5,2.0,go_stanford,long,no9vc_56_0,27.772805874974438,0.32383846837007646,0.44001340866088867,8.617307662963867,8.748697280883789,3.3137359619140625,7.994513034820557,0.19544771313667297
ddim5_w2.0,ddim,5,2.0,go_stanford,long,no26vcF_20_0,28.682447624987617,1.0181226769816936,0.509881854057312,8.821998596191406,9.972206115722656,9.313037872314453,3.276994466781616,0.09823419898748398
ddim5_w2.0,ddim,5,2.0,go_stanford,long,sim2hF_0_0,27.57668737496033,0.4377396662975947,0.20083291828632355,7.879427909851074,9.000523567199707,8.957052230834961,0.7955098152160645,0.05573400855064392
ddim5_w2.0,ddim,5,2.0,go_stanford,long,no14vc_16_1,27.776327375022447,0.9328005163236545,0.29653581976890564,7.120043754577637,8.077205657958984,7.856802940368652,1.7734060287475586,0.07043774425983429
ddim5_w2.0,ddim,5,2.0,go_stanford,long,no5vc_144_0,27.06874525006242,0.6210504603478779,0.19989626109600067,7.800860404968262,8.926165580749512,8.894074440002441,0.6214501857757568,0.05321766436100006
ddim5_w2.0,ddim,5,2.0,go_stanford,long,no31vcF_25_0,27.60094100005972,0.5417351460836936,0.2762318253517151,9.36892032623291,10.07730484008789,9.274422645568848,3.864487648010254,0.20621003210544586
ddim5_w2.0,ddim,5,2.0,go_stanford,long,sim4h_0_0,27.973033625016797,0.7455045451512753,0.17280417680740356,9.071443557739258,9.913530349731445,9.605802536010742,2.403872489929199,0.18355724215507507
ddim5_w2.0,ddim,5,2.0,go_stanford,long,no4vcF_61_0,28.122368749905036,0.9942130444680098,0.3244021534919739,8.46640396118164,9.182236671447754,8.424493789672852,3.567626714706421,0.1906323879957199
ddim3_w0.0,ddim,3,0.0,go_stanford,short,no9vc_56_0,8.738876374934534,0.23707286032517463,0.23708581924438477,9.296825408935547,10.584120750427246,10.552331924438477,0.6020066738128662,0.0635816752910614
ddim3_w0.0,ddim,3,0.0,go_stanford,short,no26vcF_20_0,9.187067125083104,0.43865900876734987,0.29140689969062805,8.394895553588867,9.560586929321289,9.032182693481445,3.038529396057129,0.10796712338924408
ddim3_w0.0,ddim,3,0.0,go_stanford,short,sim2hF_0_0,9.167532124990885,0.5187200224515178,0.29492080211639404,7.293321132659912,8.201889991760254,8.03402328491211,1.5562769174575806,0.07334023714065552
ddim3_w0.0,ddim,3,0.0,go_stanford,short,no14vc_16_1,8.952979625007629,0.4871108908723927,0.22925613820552826,6.852059364318848,7.837133407592773,7.815244197845459,0.4805271625518799,0.0816202238202095
ddim3_w0.0,ddim,3,0.0,go_stanford,short,no5vc_144_0,9.107538749901778,0.6141776403825493,0.25760146975517273,4.510341167449951,4.913278579711914,4.562413692474365,1.7576375007629395,0.08257825672626495
ddim3_w0.0,ddim,3,0.0,go_stanford,short,no31vcF_25_0,9.018352625048465,0.38198578721360665,0.6763748526573181,3.2180864810943604,1.9947457313537598,0.7968835830688477,1.5875520706176758,0.21704202890396118
ddim3_w0.0,ddim,3,0.0,go_stanford,short,sim4h_0_0,9.266778625033112,0.38133088579515406,0.20181217789649963,9.296857833862305,10.528003692626953,10.321880340576172,1.9804271459579468,0.07332160323858261
ddim3_w0.0,ddim,3,0.0,go_stanford,short,no4vcF_61_0,9.09244337515247,0.3060304726431414,0.24239115417003632,9.35279369354248,10.657845497131348,10.574779510498047,1.151719093322754,0.05889144539833069
ddim3_w0.0,ddim,3,0.0,go_stanford,medium,no9vc_56_0,9.105130250077309,0.43497013232068676,0.46069636940956116,9.425734519958496,10.482061386108398,9.418195724487305,4.44976806640625,0.08399273455142975
ddim3_w0.0,ddim,3,0.0,go_stanford,medium,no26vcF_20_0,9.584630374945391,0.7398034144377923,0.291259229183197,9.18979263305664,10.348748207092285,9.830798149108887,3.1266300678253174,0.067226842045784
ddim3_w0.0,ddim,3,0.0,go_stanford,medium,sim2hF_0_0,9.133563499915454,0.2866014351682552,0.2054554969072342,7.174081802368164,8.156598091125488,8.138851165771484,0.4633554518222809,0.07011402398347855
ddim3_w0.0,ddim,3,0.0,go_stanford,medium,no14vc_16_1,9.068581625115257,0.44136278166188836,0.19588413834571838,7.258049011230469,8.227788925170898,8.097066879272461,1.4211030006408691,0.05273125320672989
ddim3_w0.0,ddim,3,0.0,go_stanford,medium,no5vc_144_0,9.113009250029336,0.3208198290210788,0.2711150348186493,4.667743682861328,5.5243964195251465,5.490403175354004,0.5346155166625977,0.08313137292861938
ddim3_w0.0,ddim,3,0.0,go_stanford,medium,no31vcF_25_0,8.866984249834786,0.4111806558489814,0.3278864622116089,8.241449356079102,8.629741668701172,7.277519226074219,4.547587871551514,0.23479518294334412
ddim3_w0.0,ddim,3,0.0,go_stanford,medium,sim4h_0_0,9.146529499901135,0.2944085846648038,0.19201470911502838,9.371964454650879,10.467162132263184,10.000470161437988,3.0332589149475098,0.12160216271877289
ddim3_w0.0,ddim,3,0.0,go_stanford,medium,no4vcF_61_0,9.250094375033768,0.4936920019453695,0.48046135902404785,8.998886108398438,9.970446586608887,8.604230880737305,4.891818046569824,0.12473857402801514
ddim3_w0.0,ddim,3,0.0,go_stanford,long,no9vc_56_0,8.86016837500847,0.44640254960451076,0.7092225551605225,8.418930053710938,8.627591133117676,4.068904399871826,7.375994682312012,0.18155574798583984
ddim3_w0.0,ddim,3,0.0,go_stanford,long,no26vcF_20_0,8.965035125015675,0.35595314881410556,0.4690362215042114,8.75590991973877,9.925625801086426,9.516595840454102,2.5465269088745117,0.08645160496234894
ddim3_w0.0,ddim,3,0.0,go_stanford,long,sim2hF_0_0,9.145054499981597,0.4207524816499111,0.23773235082626343,7.46466064453125,8.590343475341797,8.577862739562988,0.3544936180114746,0.04230017960071564
ddim3_w0.0,ddim,3,0.0,go_stanford,long,no14vc_16_1,8.803581625102197,0.30118203183450537,0.3018558919429779,6.767010688781738,7.643078804016113,7.358620643615723,1.9748785495758057,0.06532730907201767
ddim3_w0.0,ddim,3,0.0,go_stanford,long,no5vc_144_0,9.072766250028508,0.26350724303296297,0.2604289948940277,7.453126907348633,8.565775871276855,8.529766082763672,0.6301109194755554,0.07234402745962143
ddim3_w0.0,ddim,3,0.0,go_stanford,long,no31vcF_25_0,9.594511374984904,0.4338623279006158,0.27826380729675293,9.281393051147461,9.959054946899414,9.189563751220703,3.764063835144043,0.2146180421113968
ddim3_w0.0,ddim,3,0.0,go_stanford,long,sim4h_0_0,9.136676500020258,0.39625986935402424,0.17893671989440918,8.90052604675293,10.002534866333008,9.885980606079102,1.4333994388580322,0.11171232163906097
ddim3_w0.0,ddim,3,0.0,go_stanford,long,no4vcF_61_0,9.456686625014754,0.37201290712588897,0.40695062279701233,8.26469612121582,8.936686515808105,8.152735710144043,3.506537675857544,0.20827344059944153
ddim3_w0.5,ddim,3,0.5,go_stanford,short,no9vc_56_0,16.92104624987678,0.35170439673870524,0.22114582359790802,9.317974090576172,10.607775688171387,10.580677032470703,0.5588463544845581,0.06162479519844055
ddim3_w0.5,ddim,3,0.5,go_stanford,short,no26vcF_20_0,18.23284537499603,1.5602248421877594,0.2790178060531616,8.432363510131836,9.607881546020508,9.082592010498047,3.046499252319336,0.10659167915582657
ddim3_w0.5,ddim,3,0.5,go_stanford,short,sim2hF_0_0,17.278258499857202,0.39684715254826247,0.2983744442462921,7.329768180847168,8.213581085205078,7.986606121063232,1.835245132446289,0.07978123426437378
ddim3_w0.5,ddim,3,0.5,go_stanford,short,no14vc_16_1,17.2450478751216,0.45534315905251904,0.20404958724975586,6.840663909912109,7.834978103637695,7.81449031829834,0.48424798250198364,0.07509276270866394
ddim3_w0.5,ddim,3,0.5,go_stanford,short,no5vc_144_0,17.2658686249747,0.45459437933188807,0.2432613968849182,4.561642646789551,4.963134765625,4.574029922485352,1.8733590841293335,0.08380835503339767
ddim3_w0.5,ddim,3,0.5,go_stanford,short,no31vcF_25_0,16.727191874906566,0.3887399253402872,0.6891995668411255,3.253194808959961,2.017102003097534,0.7820029854774475,1.6216650009155273,0.21725818514823914
ddim3_w0.5,ddim,3,0.5,go_stanford,short,sim4h_0_0,16.70989874986617,0.3640632097941313,0.19213706254959106,9.29465389251709,10.544295310974121,10.377079010009766,1.782302737236023,0.06814631819725037
ddim3_w0.5,ddim,3,0.5,go_stanford,short,no4vcF_61_0,17.912433250046433,1.2184497634489464,0.2325427383184433,9.379356384277344,10.68743896484375,10.609075546264648,1.126036524772644,0.05796418339014053
ddim3_w0.5,ddim,3,0.5,go_stanford,medium,no9vc_56_0,16.980180000075507,0.5001778829276385,0.4560950994491577,9.462287902832031,10.512678146362305,9.392402648925781,4.579899787902832,0.08258815109729767
ddim3_w0.5,ddim,3,0.5,go_stanford,medium,no26vcF_20_0,17.52320650001593,0.4019101865811915,0.30271679162979126,9.197022438049316,10.332366943359375,9.712114334106445,3.421868324279785,0.07102394849061966
ddim3_w0.5,ddim,3,0.5,go_stanford,medium,sim2hF_0_0,17.669376999890574,0.7464191415674375,0.2081158310174942,7.260515213012695,8.248526573181152,8.230061531066895,0.4761064648628235,0.07073995471000671
ddim3_w0.5,ddim,3,0.5,go_stanford,medium,no14vc_16_1,17.492203125016204,0.5010289254725476,0.18714576959609985,7.3204874992370605,8.301733016967773,8.18387508392334,1.3575072288513184,0.05188522860407829
ddim3_w0.5,ddim,3,0.5,go_stanford,medium,no5vc_144_0,17.61342850005576,0.688361502456577,0.25024741888046265,4.862117767333984,5.705666542053223,5.664233684539795,0.6180588603019714,0.07955160737037659
ddim3_w0.5,ddim,3,0.5,go_stanford,medium,no31vcF_25_0,18.226862624885598,1.1327815638574865,0.32473015785217285,8.24997615814209,8.505804061889648,7.024755954742432,4.713048934936523,0.2496640831232071
ddim3_w0.5,ddim,3,0.5,go_stanford,medium,sim4h_0_0,17.778012999997372,0.8520823535292089,0.18832027912139893,9.414579391479492,10.507816314697266,10.027166366577148,3.0878496170043945,0.12157541513442993
ddim3_w0.5,ddim,3,0.5,go_stanford,medium,no4vcF_61_0,17.354533749994516,0.4336495469405321,0.485698938369751,9.056440353393555,10.042859077453613,8.721920013427734,4.825556755065918,0.12343568354845047
ddim3_w0.5,ddim,3,0.5,go_stanford,long,no9vc_56_0,18.19256937500313,1.7597663492448492,0.6109628677368164,8.494728088378906,8.682828903198242,3.927717685699463,7.566911220550537,0.18626917898654938
ddim3_w0.5,ddim,3,0.5,go_stanford,long,no26vcF_20_0,18.136729874925095,1.0670037361558822,0.4864211678504944,8.76164436340332,9.927398681640625,9.472611427307129,2.685570240020752,0.09022028744220734
ddim3_w0.5,ddim,3,0.5,go_stanford,long,sim2hF_0_0,17.60107487496043,0.3516063408396743,0.23335669934749603,7.559040069580078,8.691018104553223,8.678277969360352,0.3541405200958252,0.04109667241573334
ddim3_w0.5,ddim,3,0.5,go_stanford,long,no14vc_16_1,18.52760137506948,0.7813719764433739,0.3072834312915802,6.856077194213867,7.755030632019043,7.488836765289307,1.917720079421997,0.06608114391565323
ddim3_w0.5,ddim,3,0.5,go_stanford,long,no5vc_144_0,17.709504749916505,0.41717603610619725,0.2519058287143707,7.544620513916016,8.658409118652344,8.622645378112793,0.6246827840805054,0.0695195347070694
ddim3_w0.5,ddim,3,0.5,go_stanford,long,no31vcF_25_0,17.712219499969706,0.40624269001262286,0.2848767638206482,9.293658256530762,9.983487129211426,9.21273422241211,3.7681779861450195,0.21209615468978882
ddim3_w0.5,ddim,3,0.5,go_stanford,long,sim4h_0_0,17.90503312514602,0.9908532802764396,0.18337085843086243,8.925130844116211,9.975255966186523,9.821073532104492,1.668041706085205,0.12938350439071655
ddim3_w0.5,ddim,3,0.5,go_stanford,long,no4vcF_61_0,17.517369750009948,0.6195779051514488,0.39039212465286255,8.318402290344238,9.005638122558594,8.237834930419922,3.5015811920166016,0.20311947166919708
ddim3_w1.0,ddim,3,1.0,go_stanford,short,no9vc_56_0,17.594258499968873,0.4054523346779984,0.2060379832983017,9.339214324951172,10.631134033203125,10.608141899108887,0.5193623304367065,0.06012723222374916
ddim3_w1.0,ddim,3,1.0,go_stanford,short,no26vcF_20_0,17.892334499947538,0.718494497397913,0.26692822575569153,8.469636917114258,9.654657363891602,9.132190704345703,3.0545153617858887,0.10534927994012833
ddim3_w1.0,ddim,3,1.0,go_stanford,short,sim2hF_0_0,17.00983762503938,0.22981262797282928,0.30106082558631897,7.378025054931641,8.234031677246094,7.938599586486816,2.113450527191162,0.08661206811666489
ddim3_w1.0,ddim,3,1.0,go_stanford,short,no14vc_16_1,16.942087500069647,0.2999593752446133,0.18171003460884094,6.830921649932861,7.832767486572266,7.813068389892578,0.4948034882545471,0.06892723590135574
ddim3_w1.0,ddim,3,1.0,go_stanford,short,no5vc_144_0,17.80290475005586,1.0784109158349284,0.22921647131443024,4.614487171173096,5.014304161071777,4.585700035095215,1.9859611988067627,0.08516409248113632
ddim3_w1.0,ddim,3,1.0,go_stanford,short,no31vcF_25_0,17.04112449999684,0.6011787606243163,0.702056348323822,3.2915544509887695,2.044424533843994,0.7671295404434204,1.6587071418762207,0.21757368743419647
ddim3_w1.0,ddim,3,1.0,go_stanford,short,sim4h_0_0,16.681174124983045,0.42542972499417886,0.18247416615486145,9.297061920166016,10.562732696533203,10.429084777832031,1.5920007228851318,0.06356818974018097
ddim3_w1.0,ddim,3,1.0,go_stanford,short,no4vcF_61_0,17.27522137497317,0.9855077915620888,0.22291605174541473,9.406015396118164,10.717025756835938,10.64306354522705,1.1011677980422974,0.0572022907435894
ddim3_w1.0,ddim,3,1.0,go_stanford,medium,no9vc_56_0,17.38244362502428,0.4977604511280765,0.4515843093395233,9.499063491821289,10.543498992919922,9.366432189941406,4.707112789154053,0.0817752480506897
ddim3_w1.0,ddim,3,1.0,go_stanford,medium,no26vcF_20_0,17.32593475003341,0.3446880978926256,0.31355926394462585,9.212362289428711,10.322498321533203,9.588800430297852,3.720160961151123,0.0754690170288086
ddim3_w1.0,ddim,3,1.0,go_stanford,medium,sim2hF_0_0,17.23900412508783,0.5848365123087879,0.2106775939464569,7.347064971923828,8.340677261352539,8.32149887084961,0.4887515902519226,0.07142950594425201
ddim3_w1.0,ddim,3,1.0,go_stanford,medium,no14vc_16_1,16.896903125086737,0.29622741678930176,0.17855790257453918,7.382721900939941,8.375099182128906,8.269012451171875,1.2956256866455078,0.051132917404174805
ddim3_w1.0,ddim,3,1.0,go_stanford,medium,no5vc_144_0,16.9562202500515,0.6826607247787118,0.23117928206920624,5.053218364715576,5.883302688598633,5.832206726074219,0.7138586044311523,0.07701507210731506
ddim3_w1.0,ddim,3,1.0,go_stanford,medium,no31vcF_25_0,17.11865174996774,0.9129266207651952,0.3217213749885559,8.272327423095703,8.387503623962402,6.774238586425781,4.8691253662109375,0.26476407051086426
ddim3_w1.0,ddim,3,1.0,go_stanford,medium,sim4h_0_0,16.698758000018188,0.3756111607535299,0.18480154871940613,9.456972122192383,10.548124313354492,10.05340576171875,3.141977310180664,0.1216367781162262
ddim3_w1.0,ddim,3,1.0,go_stanford,medium,no4vcF_61_0,16.99572000001126,0.1323714132580424,0.4915296137332916,9.114686965942383,10.115636825561523,8.83898639678955,4.757680892944336,0.12230141460895538
ddim3_w1.0,ddim,3,1.0,go_stanford,long,no9vc_56_0,16.80100887494973,0.4384759677252115,0.5486955642700195,8.550130844116211,8.722753524780273,3.800563335418701,7.702466011047363,0.19125711917877197
ddim3_w1.0,ddim,3,1.0,go_stanford,long,no26vcF_20_0,17.11316149993536,0.5027306601378221,0.5040590763092041,8.769335746765137,9.930046081542969,9.425509452819824,2.8294639587402344,0.09437292814254761
ddim3_w1.0,ddim,3,1.0,go_stanford,long,sim2hF_0_0,16.887153874961314,0.30767242618431995,0.22962859272956848,7.661265850067139,8.794315338134766,8.775689125061035,0.4510745108127594,0.044622261077165604
ddim3_w1.0,ddim,3,1.0,go_stanford,long,no14vc_16_1,17.028695874898858,0.33252927208669153,0.3127990961074829,6.947903156280518,7.868467330932617,7.619606971740723,1.8602709770202637,0.06780402362346649
ddim3_w1.0,ddim,3,1.0,go_stanford,long,no5vc_144_0,16.934152750025078,0.5608349026381492,0.24389804899692535,7.63493537902832,8.749563217163086,8.7137451171875,0.6238292455673218,0.06711697578430176
ddim3_w1.0,ddim,3,1.0,go_stanford,long,no31vcF_25_0,16.908664874847545,0.5295068104293037,0.2917635142803192,9.306455612182617,10.008110046386719,9.236041069030762,3.7722692489624023,0.20971041917800903
ddim3_w1.0,ddim,3,1.0,go_stanford,long,sim4h_0_0,16.690806749977583,0.3184498820062577,0.1875944435596466,8.960923194885254,9.951223373413086,9.753715515136719,1.9019469022750854,0.14722076058387756
ddim3_w1.0,ddim,3,1.0,go_stanford,long,no4vcF_61_0,16.6776264999271,0.3506703668828608,0.3747422397136688,8.3704252243042,9.071842193603516,8.319782257080078,3.494565963745117,0.19823643565177917
ddim3_w2.0,ddim,3,2.0,go_stanford,short,no9vc_56_0,16.508491999957187,0.2933277875615672,0.1788739562034607,9.381603240966797,10.676587104797363,10.660131454467773,0.4481559097766876,0.0590803325176239
ddim3_w2.0,ddim,3,2.0,go_stanford,short,no26vcF_20_0,16.75113162497155,0.3851998772262781,0.24330824613571167,8.543111801147461,9.746169090270996,9.228277206420898,3.0715067386627197,0.10328488051891327
ddim3_w2.0,ddim,3,2.0,go_stanford,short,sim2hF_0_0,16.952043624996804,0.5614508891057245,0.30461734533309937,7.507414817810059,8.300159454345703,7.84126615524292,2.664536476135254,0.10141558945178986
ddim3_w2.0,ddim,3,2.0,go_stanford,short,no14vc_16_1,16.861682875003225,0.43756982372767067,0.1543595790863037,6.816373825073242,7.828690052032471,7.808985710144043,0.52698814868927,0.058256883174180984
ddim3_w2.0,ddim,3,2.0,go_stanford,short,no5vc_144_0,16.971644999955515,0.7627377380995982,0.20236031711101532,4.723507881164551,5.119198799133301,4.608923435211182,2.201442241668701,0.08821394294500351
ddim3_w2.0,ddim,3,2.0,go_stanford,short,no31vcF_25_0,16.99302787500301,0.41782857952442076,0.7273225784301758,3.3802490234375,2.1135921478271484,0.7375845909118652,1.7499586343765259,0.2185470461845398
ddim3_w2.0,ddim,3,2.0,go_stanford,short,sim4h_0_0,16.773770374982178,0.369675811365457,0.1630409061908722,9.313515663146973,10.604674339294434,10.523818969726562,1.2365481853485107,0.056488219648599625
ddim3_w2.0,ddim,3,2.0,go_stanford,short,no4vcF_61_0,17.05190712499416,0.4365940795146418,0.20423783361911774,9.45998477935791,10.776497840881348,10.710482597351074,1.0541236400604248,0.056393321603536606
ddim3_w2.0,ddim,3,2.0,go_stanford,medium,no9vc_56_0,16.75927824999235,0.4990549723901022,0.44288524985313416,9.572805404663086,10.605206489562988,9.31341552734375,4.953334808349609,0.08169321715831757
ddim3_w2.0,ddim,3,2.0,go_stanford,medium,no26vcF_20_0,16.64237812497049,0.22448183909887465,0.33385586738586426,9.267864227294922,10.323028564453125,9.32883071899414,4.322361946105957,0.08603310585021973
ddim3_w2.0,ddim,3,2.0,go_stanford,medium,sim2hF_0_0,16.644503749887463,0.37553829660774823,0.21584901213645935,7.520825386047363,8.525779724121094,8.505084037780762,0.5149392485618591,0.07304602861404419
ddim3_w2.0,ddim,3,2.0,go_stanford,medium,no14vc_16_1,16.505998875061323,0.2056467907729129,0.16200146079063416,7.506649017333984,8.520257949829102,8.434852600097656,1.1762919425964355,0.04993100464344025
ddim3_w2.0,ddim,3,2.0,go_stanford,medium,no5vc_144_0,16.307069749927905,0.2537557965169626,0.19891822338104248,5.421419143676758,6.225181579589844,6.150821685791016,0.9316724538803101,0.07477129995822906
ddim3_w2.0,ddim,3,2.0,go_stanford,medium,no31vcF_25_0,16.2521712499597,0.22499739517806916,0.31641703844070435,8.346489906311035,8.16930866241455,6.285780906677246,5.151224613189697,0.2946186065673828
ddim3_w2.0,ddim,3,2.0,go_stanford,medium,sim4h_0_0,16.447832249980365,0.29503728726886735,0.17785537242889404,9.540334701538086,10.627338409423828,10.10438060760498,3.248260021209717,0.1221560537815094
ddim3_w2.0,ddim,3,2.0,go_stanford,medium,no4vcF_61_0,16.748836750025475,0.511402222106972,0.50497967004776,9.23275089263916,10.261948585510254,9.070255279541016,4.637399196624756,0.12065131962299347
ddim3_w2.0,ddim,3,2.0,go_stanford,long,no9vc_56_0,16.427828249959475,0.3315762207765941,0.47475388646125793,8.606290817260742,8.754244804382324,3.5697171688079834,7.877525329589844,0.20222121477127075
ddim3_w2.0,ddim,3,2.0,go_stanford,long,no26vcF_20_0,16.422723250059335,0.33379675613071413,0.5405594110488892,8.791086196899414,9.937970161437988,9.32063102722168,3.1326420307159424,0.10360807180404663
ddim3_w2.0,ddim,3,2.0,go_stanford,long,sim2hF_0_0,17.11336237491423,0.3534410803904653,0.22364631295204163,7.88469123840332,9.007999420166016,8.963091850280762,0.7985450625419617,0.05986623093485832
ddim3_w2.0,ddim,3,2.0,go_stanford,long,no14vc_16_1,16.7582194999909,0.44693222660315746,0.3233540952205658,7.1391072273254395,8.098979949951172,7.882375717163086,1.7438362836837769,0.07348925620317459
ddim3_w2.0,ddim,3,2.0,go_stanford,long,no5vc_144_0,16.55492849994289,0.39771637698183115,0.22901824116706848,7.811819076538086,8.92718505859375,8.890634536743164,0.6468757390975952,0.0636783242225647
ddim3_w2.0,ddim,3,2.0,go_stanford,long,no31vcF_25_0,17.734027375013284,1.6799300430710997,0.3058357536792755,9.333963394165039,10.058083534240723,9.282997131347656,3.781186103820801,0.20542359352111816
ddim3_w2.0,ddim,3,2.0,go_stanford,long,sim4h_0_0,16.64968274997136,0.33570388438355925,0.19554612040519714,9.063673973083496,9.913505554199219,9.613140106201172,2.3632054328918457,0.18275406956672668
ddim3_w2.0,ddim,3,2.0,go_stanford,long,no4vcF_61_0,16.73713587496195,0.38496510270165707,0.3457436263561249,8.469278335571289,9.196849822998047,8.475359916687012,3.474508285522461,0.18900831043720245
ddim2_w0.0,ddim,2,0.0,go_stanford,short,no9vc_56_0,6.134937375009031,0.29504411757094856,0.3046189546585083,9.274007797241211,10.533915519714355,10.49472713470459,0.6727405786514282,0.079506054520607
ddim2_w0.0,ddim,2,0.0,go_stanford,short,no26vcF_20_0,6.531247625048309,0.6375599564735442,0.3607791066169739,8.39406967163086,9.549538612365723,9.037740707397461,2.9530930519104004,0.13127823173999786
ddim2_w0.0,ddim,2,0.0,go_stanford,short,sim2hF_0_0,6.212293499970656,0.3899030361530507,0.3580353260040283,7.326993942260742,8.236684799194336,8.068259239196777,1.5412925481796265,0.08802150189876556
ddim2_w0.0,ddim,2,0.0,go_stanford,short,no14vc_16_1,6.192133249953713,0.4428798671141068,0.2954588830471039,6.887109279632568,7.865340232849121,7.837678909301758,0.5406461358070374,0.09812291711568832
ddim2_w0.0,ddim,2,0.0,go_stanford,short,no5vc_144_0,6.113532125084475,0.35914303997218455,0.31390321254730225,4.549068450927734,4.9485273361206055,4.590175151824951,1.7525949478149414,0.09639035165309906
ddim2_w0.0,ddim,2,0.0,go_stanford,short,no31vcF_25_0,6.102128125007766,0.36658394937718103,0.7368851900100708,3.266317129135132,2.126863956451416,0.989040195941925,1.6035876274108887,0.22415003180503845
ddim2_w0.0,ddim,2,0.0,go_stanford,short,sim4h_0_0,6.157150625028862,0.3818439313841081,0.3025016188621521,9.316518783569336,10.521760940551758,10.314838409423828,1.9575722217559814,0.09152080118656158
ddim2_w0.0,ddim,2,0.0,go_stanford,short,no4vcF_61_0,6.094427125049151,0.23272296141014145,0.3201764225959778,9.314453125,10.60727596282959,10.515922546386719,1.1796001195907593,0.07599702477455139
ddim2_w0.0,ddim,2,0.0,go_stanford,medium,no9vc_56_0,6.11401912499332,0.25619591536625974,0.6213469505310059,9.428403854370117,10.456090927124023,9.433111190795898,4.308732032775879,0.11474128067493439
ddim2_w0.0,ddim,2,0.0,go_stanford,medium,no26vcF_20_0,6.28618799993319,0.5753895771491699,0.33626437187194824,9.169503211975098,10.316378593444824,9.800605773925781,3.0853452682495117,0.07794079184532166
ddim2_w0.0,ddim,2,0.0,go_stanford,medium,sim2hF_0_0,6.177301124978385,0.3570594902082753,0.2653818726539612,7.196835041046143,8.173969268798828,8.153863906860352,0.4827585816383362,0.08530150353908539
ddim2_w0.0,ddim,2,0.0,go_stanford,medium,no14vc_16_1,6.133591749971856,0.40489996844153403,0.25762420892715454,7.259699821472168,8.235352516174316,8.107359886169434,1.3888121843338013,0.06557963788509369
ddim2_w0.0,ddim,2,0.0,go_stanford,medium,no5vc_144_0,6.146100250020936,0.263523014748205,0.32311898469924927,4.677785396575928,5.523579120635986,5.484259128570557,0.5621469020843506,0.09418149292469025
ddim2_w0.0,ddim,2,0.0,go_stanford,medium,no31vcF_25_0,6.237053874940557,0.2985954788305411,0.4246293306350708,8.221296310424805,8.626174926757812,7.340668678283691,4.405721664428711,0.2562762498855591
ddim2_w0.0,ddim,2,0.0,go_stanford,medium,sim4h_0_0,6.15289675005215,0.2554508509782854,0.2391870617866516,9.356480598449707,10.45020866394043,9.992511749267578,2.9814114570617676,0.13241764903068542
ddim2_w0.0,ddim,2,0.0,go_stanford,medium,no4vcF_61_0,5.971640000041134,0.23374840323959126,0.5472272634506226,8.9732027053833,9.944167137145996,8.628841400146484,4.7660369873046875,0.1364157795906067
ddim2_w0.0,ddim,2,0.0,go_stanford,long,no9vc_56_0,6.1628707500744895,0.3753505661582695,0.8103138208389282,8.384742736816406,8.582670211791992,4.2487030029296875,7.158673286437988,0.2042846530675888
ddim2_w0.0,ddim,2,0.0,go_stanford,long,no26vcF_20_0,6.233788999963963,0.32898040280061325,0.5354502201080322,8.724435806274414,9.871269226074219,9.468328475952148,2.489274501800537,0.10909464955329895
ddim2_w0.0,ddim,2,0.0,go_stanford,long,sim2hF_0_0,6.332592125033898,0.40951511773389826,0.2896422743797302,7.465878486633301,8.591941833496094,8.573774337768555,0.41281116008758545,0.05715833976864815
ddim2_w0.0,ddim,2,0.0,go_stanford,long,no14vc_16_1,6.291005625087109,0.39133524955277105,0.3553016781806946,6.770986557006836,7.645825386047363,7.361184597015381,1.9470645189285278,0.07531936466693878
ddim2_w0.0,ddim,2,0.0,go_stanford,long,no5vc_144_0,5.975797250073356,0.24703725272406782,0.323050320148468,7.493294715881348,8.557964324951172,8.510760307312012,0.7090670466423035,0.10101631283760071
ddim2_w0.0,ddim,2,0.0,go_stanford,long,no31vcF_25_0,6.2561846251014686,0.31671361206110216,0.36306852102279663,9.236186027526855,9.905777931213379,9.144247055053711,3.7053170204162598,0.23756414651870728
ddim2_w0.0,ddim,2,0.0,go_stanford,long,sim4h_0_0,6.170764624982894,0.34990474806277205,0.22262689471244812,8.919576644897461,10.01247787475586,9.892995834350586,1.431330919265747,0.12082328647375107
ddim2_w0.0,ddim,2,0.0,go_stanford,long,no4vcF_61_0,6.082891250002831,0.3207092322791428,0.4462292194366455,8.248812675476074,8.913480758666992,8.144405364990234,3.4468212127685547,0.2149542272090912
ddim2_w0.5,ddim,2,0.5,go_stanford,short,no9vc_56_0,11.422716375022901,0.37411599339785023,0.2876106798648834,9.297126770019531,10.560409545898438,10.526752471923828,0.6269698739051819,0.07763122022151947
ddim2_w0.5,ddim,2,0.5,go_stanford,short,no26vcF_20_0,11.086784624865231,0.18492163069927006,0.34862637519836426,8.431802749633789,9.597251892089844,9.088472366333008,2.963052272796631,0.13022932410240173
ddim2_w0.5,ddim,2,0.5,go_stanford,short,sim2hF_0_0,11.301424375005809,0.37612411860691924,0.36249175667762756,7.363663196563721,8.248995780944824,8.023527145385742,1.8090498447418213,0.0944933295249939
ddim2_w0.5,ddim,2,0.5,go_stanford,short,no14vc_16_1,11.347243499983506,0.3823601572660502,0.26831698417663574,6.876009941101074,7.864649772644043,7.839208126068115,0.5235100984573364,0.09212583303451538
ddim2_w0.5,ddim,2,0.5,go_stanford,short,no5vc_144_0,11.425039374955759,0.5522104816465084,0.3001679480075836,4.5982279777526855,4.9965105056762695,4.599944114685059,1.8705437183380127,0.09727517515420914
ddim2_w0.5,ddim,2,0.5,go_stanford,short,no31vcF_25_0,11.489692624934378,0.2985598901214045,0.7471888661384583,3.295626401901245,2.1438987255096436,0.9753726124763489,1.6328198909759521,0.22393760085105896
ddim2_w0.5,ddim,2,0.5,go_stanford,short,sim4h_0_0,11.464638374945935,0.32190799958046207,0.2930147647857666,9.315576553344727,10.539898872375488,10.371161460876465,1.7644450664520264,0.08698458969593048
ddim2_w0.5,ddim,2,0.5,go_stanford,short,no4vcF_61_0,11.36310812495367,0.5737329056772089,0.31188055872917175,9.341623306274414,10.63774585723877,10.551349639892578,1.153812050819397,0.07575631141662598
ddim2_w0.5,ddim,2,0.5,go_stanford,medium,no9vc_56_0,11.338534750052531,0.4105769849806067,0.6181060075759888,9.465534210205078,10.487499237060547,9.408916473388672,4.43757963180542,0.1132020503282547
ddim2_w0.5,ddim,2,0.5,go_stanford,medium,no26vcF_20_0,11.447899250015325,0.45691124478879536,0.3473796844482422,9.174969673156738,10.298608779907227,9.684025764465332,3.3723251819610596,0.08130723237991333
ddim2_w0.5,ddim,2,0.5,go_stanford,medium,sim2hF_0_0,11.587236500020026,0.4812602431981079,0.2676212191581726,7.283091068267822,8.265573501586914,8.24475383758545,0.49513891339302063,0.08566867560148239
ddim2_w0.5,ddim,2,0.5,go_stanford,medium,no14vc_16_1,11.420823499918242,0.3444539519797659,0.24854165315628052,7.32262659072876,8.310012817382812,8.194549560546875,1.3268182277679443,0.0646979883313179
ddim2_w0.5,ddim,2,0.5,go_stanford,medium,no5vc_144_0,11.580877625021913,0.2168603854124901,0.30137544870376587,4.867805004119873,5.702940940856934,5.657585144042969,0.6384809017181396,0.09076976776123047
ddim2_w0.5,ddim,2,0.5,go_stanford,medium,no31vcF_25_0,11.543513875039935,0.4157282255219243,0.4226832687854767,8.225378036499023,8.506328582763672,7.098647594451904,4.5696611404418945,0.26975852251052856
ddim2_w0.5,ddim,2,0.5,go_stanford,medium,sim4h_0_0,11.588505125132542,0.5454847435812733,0.2357235550880432,9.399352073669434,10.490833282470703,10.018961906433105,3.0379927158355713,0.1325957477092743
ddim2_w0.5,ddim,2,0.5,go_stanford,medium,no4vcF_61_0,11.380030624991377,0.32741899367413924,0.5536196231842041,9.030267715454102,10.015777587890625,8.743879318237305,4.710253715515137,0.13538920879364014
ddim2_w0.5,ddim,2,0.5,go_stanford,long,no9vc_56_0,11.360124374959923,0.26937648049591373,0.7135868072509766,8.477027893066406,8.650442123413086,4.094873428344727,7.394356727600098,0.21221327781677246
ddim2_w0.5,ddim,2,0.5,go_stanford,long,no26vcF_20_0,11.474606124920683,0.6161625798298423,0.5535171031951904,8.72340202331543,9.865800857543945,9.419837951660156,2.620680332183838,0.11239214241504669
ddim2_w0.5,ddim,2,0.5,go_stanford,long,sim2hF_0_0,11.42523174996768,0.3405565050012307,0.28524890542030334,7.559816360473633,8.692723274230957,8.67459487915039,0.4108193516731262,0.05632975697517395
ddim2_w0.5,ddim,2,0.5,go_stanford,long,no14vc_16_1,11.179913374917305,0.3498366584250816,0.36051493883132935,6.859973907470703,7.7568230628967285,7.489564895629883,1.8921476602554321,0.07606726884841919
ddim2_w0.5,ddim,2,0.5,go_stanford,long,no5vc_144_0,11.213664749959662,0.3039250568602799,0.3145383894443512,7.583819389343262,8.650493621826172,8.603965759277344,0.7002578973770142,0.09840439260005951
ddim2_w0.5,ddim,2,0.5,go_stanford,long,no31vcF_25_0,11.325006874983501,0.38842683158698466,0.368071585893631,9.246591567993164,9.928987503051758,9.166776657104492,3.707531452178955,0.23437617719173431
ddim2_w0.5,ddim,2,0.5,go_stanford,long,sim4h_0_0,11.365405749984347,0.39502703528285277,0.22842416167259216,8.943678855895996,9.98560619354248,9.829363822937012,1.655517816543579,0.13801631331443787
ddim2_w0.5,ddim,2,0.5,go_stanford,long,no4vcF_61_0,11.335704999964946,0.38338397678472,0.4294774532318115,8.306550025939941,8.985965728759766,8.230974197387695,3.448141098022461,0.2098667323589325
ddim2_w1.0,ddim,2,1.0,go_stanford,short,no9vc_56_0,11.178109875061182,0.4905922803265463,0.2714591324329376,9.320220947265625,10.586437225341797,10.557661056518555,0.5842568874359131,0.0762786865234375
ddim2_w1.0,ddim,2,1.0,go_stanford,short,no26vcF_20_0,11.304332875056389,0.2682888965393347,0.3366616368293762,8.46933364868164,9.644464492797852,9.138298034667969,2.9734692573547363,0.1292937994003296
ddim2_w1.0,ddim,2,1.0,go_stanford,short,sim2hF_0_0,11.652727875059554,0.7832498998750408,0.3663216233253479,7.411619186401367,8.269676208496094,7.978096008300781,2.076019763946533,0.1012897938489914
ddim2_w1.0,ddim,2,1.0,go_stanford,short,no14vc_16_1,11.332319500013455,0.24076142553225438,0.24356377124786377,6.866939544677734,7.864310264587402,7.840211391448975,0.5325584411621094,0.08660850673913956
ddim2_w1.0,ddim,2,1.0,go_stanford,short,no5vc_144_0,11.212997625023036,0.2709125904618957,0.28663328289985657,4.6493377685546875,5.046158790588379,4.609875679016113,1.9857163429260254,0.09831812232732773
ddim2_w1.0,ddim,2,1.0,go_stanford,short,no31vcF_25_0,11.299818875102119,0.30340494192967193,0.7575057148933411,3.3287065029144287,2.166055679321289,0.9614469408988953,1.6667011976242065,0.2238147109746933
ddim2_w1.0,ddim,2,1.0,go_stanford,short,sim4h_0_0,11.126265875020636,0.19696799153624206,0.2833210229873657,9.319112777709961,10.560239791870117,10.424636840820312,1.5785677433013916,0.08308175206184387
ddim2_w1.0,ddim,2,1.0,go_stanford,short,no4vcF_61_0,11.669729624941283,0.43798411220557865,0.3038314878940582,9.368850708007812,10.66816520690918,10.586446762084961,1.1287260055541992,0.07569877803325653
ddim2_w1.0,ddim,2,1.0,go_stanford,medium,no9vc_56_0,11.449105000053805,0.48686897661688144,0.6149775981903076,9.503164291381836,10.519280433654785,9.384407997131348,4.564020156860352,0.11209584772586823
ddim2_w1.0,ddim,2,1.0,go_stanford,medium,no26vcF_20_0,11.277287750033338,0.47795954604460084,0.3581330180168152,9.188444137573242,10.287328720092773,9.56340217590332,3.662170886993408,0.08522114157676697
ddim2_w1.0,ddim,2,1.0,go_stanford,medium,sim2hF_0_0,11.22402300001113,0.4161198879367221,0.2698586881160736,7.369734764099121,8.357527732849121,8.335980415344238,0.5076565146446228,0.08613638579845428
ddim2_w1.0,ddim,2,1.0,go_stanford,medium,no14vc_16_1,11.301848250070634,0.2540679732475022,0.239687979221344,7.385453224182129,8.384135246276855,8.28016471862793,1.2663114070892334,0.06398573517799377
ddim2_w1.0,ddim,2,1.0,go_stanford,medium,no5vc_144_0,10.996475500007818,0.36058446688953677,0.2811950445175171,5.055896759033203,5.879364013671875,5.825355529785156,0.721651017665863,0.08826181292533875
ddim2_w1.0,ddim,2,1.0,go_stanford,medium,no31vcF_25_0,11.288873999944826,0.2199919147334923,0.4207928478717804,8.244250297546387,8.392189025878906,6.858092308044434,4.726235866546631,0.28365498781204224
ddim2_w1.0,ddim,2,1.0,go_stanford,medium,sim4h_0_0,11.119002374982756,0.27347029453042887,0.2323104441165924,9.44205093383789,10.531265258789062,10.04513931274414,3.0939319133758545,0.13286073505878448
ddim2_w1.0,ddim,2,1.0,go_stanford,medium,no4vcF_61_0,11.599643124952763,0.5756791979476507,0.5602717399597168,9.088396072387695,10.088096618652344,8.858535766601562,4.653578758239746,0.134453684091568
ddim2_w1.0,ddim,2,1.0,go_stanford,long,no9vc_56_0,11.493747249858188,0.39230790918977065,0.6506088972091675,8.559657096862793,8.71218204498291,3.9543001651763916,7.573845386505127,0.22053050994873047
ddim2_w1.0,ddim,2,1.0,go_stanford,long,no26vcF_20_0,11.781342874940037,0.3549997029928677,0.571831226348877,8.724226951599121,9.861186981201172,9.368446350097656,2.756920099258423,0.11597345769405365
ddim2_w1.0,ddim,2,1.0,go_stanford,long,sim2hF_0_0,11.78357912493766,0.40750704823496814,0.2813487648963928,7.6621503829956055,8.796510696411133,8.7728271484375,0.4957107901573181,0.059530965983867645
ddim2_w1.0,ddim,2,1.0,go_stanford,long,no14vc_16_1,11.910070624935543,0.5321500853581207,0.3656948506832123,6.951727867126465,7.869476318359375,7.618740081787109,1.8370145559310913,0.07764416933059692
ddim2_w1.0,ddim,2,1.0,go_stanford,long,no5vc_144_0,11.681948249986362,0.23619372923725723,0.3065379559993744,7.673674583435059,8.74188232421875,8.695667266845703,0.695543646812439,0.09620638191699982
ddim2_w1.0,ddim,2,1.0,go_stanford,long,no31vcF_25_0,11.668631499958337,0.21864583021193307,0.3731456398963928,9.257441520690918,9.952232360839844,9.189310073852539,3.7097156047821045,0.23140302300453186
ddim2_w1.0,ddim,2,1.0,go_stanford,long,sim4h_0_0,11.625424875091994,0.3054767720264121,0.23411178588867188,8.978692054748535,9.96198844909668,9.76348876953125,1.884553074836731,0.1553170084953308
ddim2_w1.0,ddim,2,1.0,go_stanford,long,no4vcF_61_0,11.645890624947697,0.33724996255963247,0.4133516848087311,8.362428665161133,9.05565357208252,8.314492225646973,3.44728422164917,0.20498459041118622
ddim2_w2.0,ddim,2,2.0,go_stanford,short,no9vc_56_0,11.689449749951564,0.27072876541483476,0.24188931286334991,9.3668212890625,10.63751220703125,10.61667537689209,0.5065167546272278,0.07517684251070023
ddim2_w2.0,ddim,2,2.0,go_stanford,short,no26vcF_20_0,11.596529124972221,0.5761939009877101,0.31322410702705383,8.543867111206055,9.737456321716309,9.23557186126709,2.9948830604553223,0.12782339751720428
ddim2_w2.0,ddim,2,2.0,go_stanford,short,sim2hF_0_0,11.518135999949664,0.4421971515894359,0.37225109338760376,7.539763927459717,8.335626602172852,7.885872840881348,2.6151888370513916,0.11588320136070251
ddim2_w2.0,ddim,2,2.0,go_stanford,short,no14vc_16_1,11.54218712497368,0.45467206264065446,0.20662690699100494,6.853839874267578,7.863554000854492,7.840019702911377,0.5643224716186523,0.07740761339664459
ddim2_w2.0,ddim,2,2.0,go_stanford,short,no5vc_144_0,11.71211437497277,0.5700617792878239,0.26085424423217773,4.755733013153076,5.148800849914551,4.629949569702148,2.2064735889434814,0.10093777626752853
ddim2_w2.0,ddim,2,2.0,go_stanford,short,no31vcF_25_0,11.564178500009348,0.4863038427555135,0.7778367400169373,3.406949996948242,2.229072093963623,0.9334758520126343,1.7653077840805054,0.22390583157539368
ddim2_w2.0,ddim,2,2.0,go_stanford,short,sim4h_0_0,11.53692950003915,0.2999975635004421,0.2637174129486084,9.337594985961914,10.6060209274292,10.522989273071289,1.229841947555542,0.0769815593957901
ddim2_w2.0,ddim,2,2.0,go_stanford,short,no4vcF_61_0,11.65903225000875,0.36561854812942407,0.28854966163635254,9.424362182617188,10.729698181152344,10.656603813171387,1.0800976753234863,0.07617516815662384
ddim2_w2.0,ddim,2,2.0,go_stanford,medium,no9vc_56_0,11.73661637500345,0.3892980483959679,0.6088390946388245,9.57918930053711,10.58342456817627,9.334385871887207,4.8112993240356445,0.11150496453046799
ddim2_w2.0,ddim,2,2.0,go_stanford,medium,no26vcF_20_0,11.46253637494965,0.3892150404004335,0.37804731726646423,9.239498138427734,10.284699440002441,9.310205459594727,4.247669219970703,0.09460771083831787
ddim2_w2.0,ddim,2,2.0,go_stanford,medium,sim2hF_0_0,11.483986749965425,0.3406764696857676,0.2742745578289032,7.543390274047852,8.541912078857422,8.518857955932617,0.5333336591720581,0.08729736506938934
ddim2_w2.0,ddim,2,2.0,go_stanford,medium,no14vc_16_1,11.514972999918882,0.38331348120502773,0.222645103931427,7.510540962219238,8.530763626098633,8.447052001953125,1.1491109132766724,0.06274670362472534
ddim2_w2.0,ddim,2,2.0,go_stanford,medium,no5vc_144_0,11.598287500021343,0.3760260761415399,0.2455529272556305,5.421286582946777,6.221078872680664,6.144708156585693,0.9286977052688599,0.08582241833209991
ddim2_w2.0,ddim,2,2.0,go_stanford,medium,no31vcF_25_0,11.358223999991424,0.4219636568359773,0.41727107763290405,8.314476013183594,8.182042121887207,6.386482238769531,5.014373302459717,0.31152069568634033
ddim2_w2.0,ddim,2,2.0,go_stanford,medium,sim4h_0_0,11.46635099996729,0.5075725764537641,0.22599317133426666,9.52660846710205,10.611132621765137,10.096126556396484,3.204451084136963,0.13365870714187622
ddim2_w2.0,ddim,2,2.0,go_stanford,medium,no4vcF_61_0,11.165764625047814,0.5051370071342814,0.5742124915122986,9.207085609436035,10.234264373779297,9.085708618164062,4.537590980529785,0.1329556703567505
ddim2_w2.0,ddim,2,2.0,go_stanford,long,no9vc_56_0,11.276211999927455,0.22611464626248695,0.5757938027381897,8.676627159118652,8.792882919311523,3.691657781600952,7.83219051361084,0.23842257261276245
ddim2_w2.0,ddim,2,2.0,go_stanford,long,no26vcF_20_0,11.948609249998299,0.48641191103079723,0.6092525124549866,8.73268985748291,9.85548210144043,9.257192611694336,3.043891668319702,0.12410444021224976
ddim2_w2.0,ddim,2,2.0,go_stanford,long,sim2hF_0_0,11.827045499956057,0.4033366373189421,0.2747727036476135,7.886594772338867,9.01169204711914,8.962336540222168,0.8249770998954773,0.07384248077869415
ddim2_w2.0,ddim,2,2.0,go_stanford,long,no14vc_16_1,11.675234000165347,0.6189702680621398,0.37575745582580566,7.14239501953125,8.097829818725586,7.87784481048584,1.725797176361084,0.08312264084815979
ddim2_w2.0,ddim,2,2.0,go_stanford,long,no5vc_144_0,11.689566374968763,0.44735792934359764,0.2919778823852539,7.850364685058594,8.920540809631348,8.87407112121582,0.7003416419029236,0.0931214839220047
ddim2_w2.0,ddim,2,2.0,go_stanford,long,no31vcF_25_0,12.765666500001771,1.6122075404437672,0.383798748254776,9.28123664855957,9.999626159667969,9.234951972961426,3.7146520614624023,0.22590871155261993
ddim2_w2.0,ddim,2,2.0,go_stanford,long,sim4h_0_0,11.385462000021107,0.44717979806388725,0.24493782222270966,9.079124450683594,9.925146102905273,9.626340866088867,2.337481737136841,0.18995650112628937
ddim2_w2.0,ddim,2,2.0,go_stanford,long,no4vcF_61_0,11.612304000038876,0.5562014906865033,0.38346076011657715,8.469063758850098,9.1876220703125,8.473329544067383,3.4394750595092773,0.1959439516067505
