dataset_name,suite_name,traj_name,config_name,scheduler_kind,num_steps,latency_ms,latency_std_ms,mse_vs_baseline,diversity,path_length_mean,endpoint_norm_mean,forward_progress_mean,lateral_abs_mean,smoothness_mean
go_stanford,short,no6vc_72_1,ddpm_10,ddpm,10,42.131911250010035,24.292642476482968,0.0,0.3807390332221985,8.26722526550293,8.632633209228516,5.889644622802734,6.243084907531738,0.2122824788093567
go_stanford,short,no6vc_72_1,ddim_10,ddim,10,32.85403887497296,1.264254474626812,0.01497395895421505,0.5093299746513367,8.336143493652344,8.563777923583984,5.551671981811523,6.394092082977295,0.23425206542015076
go_stanford,short,no6vc_72_1,ddim_5,ddim,5,22.23658487503144,4.816920863421337,0.005374572239816189,0.35581445693969727,8.347784996032715,8.663045883178711,5.914994239807129,6.27011775970459,0.22570496797561646
go_stanford,short,no6vc_72_1,ddim_3,ddim,3,12.03808987494881,1.311777593912227,0.02431412786245346,0.32279980182647705,8.309194564819336,8.734789848327637,6.207305908203125,6.087759494781494,0.21635109186172485
go_stanford,short,no6vc_72_1,ddim_2,ddim,2,8.264020750033296,0.7356806376789438,0.038857147097587585,0.5080528259277344,8.20506477355957,8.606978416442871,6.178530693054199,5.875179290771484,0.2192590832710266
go_stanford,short,no6vc_72_1,ddim_1,ddim,1,4.30915874997595,1.078066419811259,6.29354190826416,5.09467887878418,21.859909057617188,12.259471893310547,8.926460266113281,5.863218784332275,4.0529375076293945
go_stanford,short,no8vc_15_0,ddpm_10,ddpm,10,37.69950550002932,1.3894006232559046,0.0,0.25174522399902344,6.969144821166992,7.731304168701172,7.482715606689453,1.8709323406219482,0.18253737688064575
go_stanford,short,no8vc_15_0,ddim_10,ddim,10,39.99468825000463,7.853980105806254,0.00134695740416646,0.3566255569458008,6.988859176635742,7.696231842041016,7.412661552429199,1.9312684535980225,0.1914275586605072
go_stanford,short,no8vc_15_0,ddim_5,ddim,5,18.436776249984632,0.8517274467776472,0.0019460637122392654,0.30902063846588135,7.06557035446167,7.826650619506836,7.585636138916016,1.8183932304382324,0.17811089754104614
go_stanford,short,no8vc_15_0,ddim_3,ddim,3,10.992488249968346,1.199908451397786,0.0008324234513565898,0.2777343690395355,7.0303192138671875,7.812067031860352,7.5692644119262695,1.856982946395874,0.17935431003570557
go_stanford,short,no8vc_15_0,ddim_2,ddim,2,7.885584374946575,1.7625673536525859,0.01763341948390007,0.3679041862487793,6.963376998901367,7.781337738037109,7.599835395812988,1.5259068012237549,0.19349491596221924
go_stanford,short,no8vc_15_0,ddim_1,ddim,1,4.6044591250336,1.2479220795243227,1.4911545515060425,4.901474952697754,22.727954864501953,13.45256233215332,10.694106101989746,6.06112813949585,4.013211250305176
go_stanford,short,no17vcF_5_2,ddpm_10,ddpm,10,35.793972749985414,1.1619850600492627,0.0,0.1437240093946457,7.473331451416016,8.4939546585083,8.491439819335938,0.16941121220588684,0.02280384674668312
go_stanford,short,no17vcF_5_2,ddim_10,ddim,10,33.75563225000633,0.8629688419552668,0.00014010367158334702,0.17784273624420166,7.475464820861816,8.494843482971191,8.490922927856445,0.1988239735364914,0.029525339603424072
go_stanford,short,no17vcF_5_2,ddim_5,ddim,5,17.171767499974067,0.9737270511040202,0.0002782932133413851,0.13264794647693634,7.509654521942139,8.529741287231445,8.527090072631836,0.17473354935646057,0.023135099560022354
go_stanford,short,no17vcF_5_2,ddim_3,ddim,3,10.61922849999064,1.1277779244051391,0.0010529088322073221,0.19627228379249573,7.56058406829834,8.581443786621094,8.577240943908691,0.21634715795516968,0.03728284686803818
go_stanford,short,no17vcF_5_2,ddim_2,ddim,2,7.162264625009129,1.162919345737491,0.003541194600984454,0.47613343596458435,7.5780205726623535,8.46085262298584,8.379743576049805,0.20362846553325653,0.07822748273611069
go_stanford,short,no17vcF_5_2,ddim_1,ddim,1,3.9123983749789204,0.830618850012236,1.1590054035186768,4.416826248168945,22.00253677368164,12.522185325622559,10.637344360351562,4.540180683135986,4.003424644470215
go_stanford,short,sim29h_1_0,ddpm_10,ddpm,10,34.5511611250231,1.092864390470273,0.0,0.34772244095802307,5.835615158081055,4.170259475708008,-2.260082244873047,3.393512010574341,0.3230315148830414
go_stanford,short,sim29h_1_0,ddim_10,ddim,10,32.213125749962046,0.53386883124972,0.00667878333479166,0.4026317000389099,5.930898666381836,4.23185920715332,-2.4651455879211426,3.3317394256591797,0.33020147681236267
go_stanford,short,sim29h_1_0,ddim_5,ddim,5,16.604867875003038,0.2641793551384647,0.012594328261911869,0.3558214604854584,5.646388053894043,3.842507839202881,-2.1034750938415527,3.1367950439453125,0.32462531328201294
go_stanford,short,sim29h_1_0,ddim_3,ddim,3,10.143355124995423,1.1392812350911397,0.021814100444316864,0.4060104489326477,5.693896770477295,4.005261421203613,-1.8728927373886108,3.433387279510498,0.32216018438339233
go_stanford,short,sim29h_1_0,ddim_2,ddim,2,6.757966249978153,0.8584076472860812,0.06757856905460358,0.4751729369163513,5.612791061401367,3.9050798416137695,-1.6080139875411987,3.4303221702575684,0.3218727111816406
go_stanford,short,sim29h_1_0,ddim_1,ddim,1,3.97913287494589,1.1548248178268845,16.636247634887695,4.898895740509033,20.85710906982422,10.838605880737305,7.393417835235596,5.674050331115723,3.8636364936828613
go_stanford,short,sim3h_1_9,ddpm_10,ddpm,10,34.53954200003295,2.4036314811147945,0.0,0.19911614060401917,9.202737808227539,10.171001434326172,9.467300415039062,3.676128387451172,0.12646210193634033
go_stanford,short,sim3h_1_9,ddim_10,ddim,10,33.004082374986865,1.0461298152059815,0.005399988032877445,0.23433606326580048,9.176909446716309,10.15035629272461,9.498873710632324,3.5093026161193848,0.13021701574325562
go_stanford,short,sim3h_1_9,ddim_5,ddim,5,16.364917250029976,0.38157545382840435,0.0028559244237840176,0.21857841312885284,9.178813934326172,10.16948127746582,9.512959480285645,3.537942886352539,0.12359067052602768
go_stanford,short,sim3h_1_9,ddim_3,ddim,3,10.77727362505243,1.1086280731436968,0.005095294211059809,0.2585413455963135,9.148765563964844,10.130797386169434,9.486141204833984,3.4823098182678223,0.12345290929079056
go_stanford,short,sim3h_1_9,ddim_2,ddim,2,7.323404624941077,1.2609727288423935,0.015976056456565857,0.27298909425735474,9.139564514160156,10.132012367248535,9.535523414611816,3.3544962406158447,0.13377466797828674
go_stanford,short,sim3h_1_9,ddim_1,ddim,1,4.400937624922108,1.3376589862316048,1.8399367332458496,5.001462936401367,21.365903854370117,12.66413402557373,9.719308853149414,6.184276580810547,3.895097017288208
go_stanford,short,no30vcF_33_0,ddpm_10,ddpm,10,34.662104374973524,1.5854624551303624,0.0,0.2451818883419037,9.393453598022461,10.420097351074219,9.688593864440918,3.7620134353637695,0.13854330778121948
go_stanford,short,no30vcF_33_0,ddim_10,ddim,10,32.647538250074604,0.8166770950306627,0.0008475832873955369,0.2988623082637787,9.397714614868164,10.414190292358398,9.650005340576172,3.819577693939209,0.14332276582717896
go_stanford,short,no30vcF_33_0,ddim_5,ddim,5,16.698611250035356,0.5631765361197966,0.0004069654387421906,0.26899081468582153,9.394060134887695,10.419857025146484,9.670628547668457,3.800541400909424,0.14104047417640686
go_stanford,short,no30vcF_33_0,ddim_3,ddim,3,10.244917750043214,0.9497025935726575,0.0010428394889459014,0.29526805877685547,9.367694854736328,10.381185531616211,9.619129180908203,3.807002067565918,0.14133277535438538
go_stanford,short,no30vcF_33_0,ddim_2,ddim,2,7.052157375028401,1.1902294378708245,0.004699897952377796,0.43340158462524414,9.280021667480469,10.288578033447266,9.59294319152832,3.61710262298584,0.16402441263198853
go_stanford,short,no30vcF_33_0,ddim_1,ddim,1,4.129738375041825,0.9337642414537266,0.9049146175384521,4.624649524688721,21.755897521972656,12.612250328063965,9.794255256652832,6.066340446472168,3.9998440742492676
go_stanford,short,no2vc_192_3,ddpm_10,ddpm,10,33.90036974988675,0.7149187060137707,0.0,0.25753912329673767,2.2448740005493164,2.5847649574279785,2.1637535095214844,1.3275396823883057,0.0845828503370285
go_stanford,short,no2vc_192_3,ddim_10,ddim,10,31.79872112502835,1.5481844549573633,0.0007995959604158998,0.3357833921909332,2.247591733932495,2.547292709350586,2.0937130451202393,1.3663880825042725,0.09399766474962234
go_stanford,short,no2vc_192_3,ddim_5,ddim,5,16.330132750027815,0.3229109358953253,0.0027075924444943666,0.27043259143829346,2.367340564727783,2.687152862548828,2.228322982788086,1.4191666841506958,0.08879465609788895
go_stanford,short,no2vc_192_3,ddim_3,ddim,3,10.14929862498093,0.771973094143077,0.005025348626077175,0.32596874237060547,2.4012303352355957,2.7278966903686523,2.2838196754455566,1.3479948043823242,0.096519835293293
go_stanford,short,no2vc_192_3,ddim_2,ddim,2,7.1222621249944496,1.0441958636012714,0.016376061365008354,0.27904364466667175,2.4823906421661377,2.8743598461151123,2.4680981636047363,1.3863996267318726,0.09865879267454147
go_stanford,short,no2vc_192_3,ddim_1,ddim,1,3.7557863750237175,0.7724768411074373,6.288612365722656,5.066132545471191,21.933326721191406,11.377381324768066,7.642217636108398,5.798427581787109,4.078054428100586
go_stanford,short,no3vc_43_0,ddpm_10,ddpm,10,33.94379862501751,2.1207353082420615,0.0,0.24354104697704315,5.226445198059082,6.11805534362793,6.08538818359375,0.5541462898254395,0.0545862540602684
go_stanford,short,no3vc_43_0,ddim_10,ddim,10,32.28943537502005,1.464596588342826,0.01232327613979578,0.3016899526119232,5.009052276611328,5.878183364868164,5.830519199371338,0.6234222054481506,0.0641399547457695
go_stanford,short,no3vc_43_0,ddim_5,ddim,5,16.721368124962055,0.6032179662499294,0.011474648490548134,0.27679571509361267,5.0498127937316895,5.911764144897461,5.886784553527832,0.44964492321014404,0.05738452821969986
go_stanford,short,no3vc_43_0,ddim_3,ddim,3,10.230884875028323,1.027158459118577,0.0013169144513085485,0.27237337827682495,5.280082702636719,6.185989856719971,6.148440837860107,0.5805660486221313,0.06606198102235794
go_stanford,short,no3vc_43_0,ddim_2,ddim,2,7.162456000031625,0.9554902749721625,0.0009034358081407845,0.36093854904174805,5.329258918762207,6.166812419891357,6.091804504394531,0.6463625431060791,0.08504806458950043
go_stanford,short,no3vc_43_0,ddim_1,ddim,1,4.3856157500101745,1.0341194656018629,1.7401518821716309,4.708152770996094,21.68317985534668,12.25997543334961,8.92770767211914,6.037447452545166,3.8912136554718018
go_stanford,medium,no6vc_72_1,ddpm_10,ddpm,10,33.92155950001552,0.6903608988914103,0.0,0.37262415885925293,8.226290702819824,8.501724243164062,7.89852237701416,2.9985992908477783,0.2587886154651642
go_stanford,medium,no6vc_72_1,ddim_10,ddim,10,32.386137000003146,0.8138796547776946,0.011119617149233818,0.43858015537261963,8.322929382324219,8.625436782836914,8.076536178588867,2.7971858978271484,0.26173171401023865
go_stanford,medium,no6vc_72_1,ddim_5,ddim,5,16.512185000010504,0.22680235597026766,0.006098334677517414,0.3632816672325134,8.390523910522461,8.697875022888184,8.096351623535156,3.025981903076172,0.25888484716415405
go_stanford,medium,no6vc_72_1,ddim_3,ddim,3,10.80999437502328,1.1016281625536484,0.013256347738206387,0.4044605493545532,8.24813461303711,8.595144271850586,8.068026542663574,2.7460808753967285,0.25554054975509644
go_stanford,medium,no6vc_72_1,ddim_2,ddim,2,7.064175750031154,0.9572825774256051,0.030646273866295815,0.4987933337688446,8.139039993286133,8.57784366607666,8.104918479919434,2.544520854949951,0.25036823749542236
go_stanford,medium,no6vc_72_1,ddim_1,ddim,1,3.8580681249698046,0.6919085013921045,2.7952828407287598,4.759636878967285,21.72930908203125,13.023314476013184,10.186793327331543,5.931683540344238,3.7451369762420654
go_stanford,medium,no8vc_15_0,ddpm_10,ddpm,10,33.55523625000956,1.067484710675156,0.0,0.16875332593917847,9.432849884033203,10.759380340576172,10.601238250732422,1.7610454559326172,0.05805431306362152
go_stanford,medium,no8vc_15_0,ddim_10,ddim,10,33.20212275002632,1.395897606509689,0.0026216022670269012,0.2118625044822693,9.395191192626953,10.706253051757812,10.525605201721191,1.8654417991638184,0.06367418169975281
go_stanford,medium,no8vc_15_0,ddim_5,ddim,5,17.091643875033924,0.39382138477403106,0.0017041820101439953,0.2218155860900879,9.38717269897461,10.702239036560059,10.525429725646973,1.8229854106903076,0.05836569517850876
go_stanford,medium,no8vc_15_0,ddim_3,ddim,3,10.192028875025017,0.892216961718924,0.0010675641242414713,0.23241525888442993,9.388750076293945,10.702449798583984,10.533101081848145,1.7631926536560059,0.0642872154712677
go_stanford,medium,no8vc_15_0,ddim_2,ddim,2,6.783028500024102,0.8383296348426167,0.00560549134388566,0.3547278046607971,9.368996620178223,10.64576244354248,10.46109676361084,1.8246660232543945,0.08225329220294952
go_stanford,medium,no8vc_15_0,ddim_1,ddim,1,3.810030374950202,0.9592098199589106,1.1353657245635986,4.741933345794678,22.571922302246094,14.175328254699707,11.570719718933105,5.668447494506836,3.7976064682006836
go_stanford,medium,no17vcF_5_2,ddpm_10,ddpm,10,34.28675150001936,0.8739442064819634,0.0,0.1364995837211609,7.1680707931518555,8.262674331665039,8.255090713500977,0.281563937664032,0.029230423271656036
go_stanford,medium,no17vcF_5_2,ddim_10,ddim,10,32.42692862505692,0.8372184411714815,0.0002045260916929692,0.21023648977279663,7.190927982330322,8.286224365234375,8.275914192199707,0.29549646377563477,0.03781885281205177
go_stanford,medium,no17vcF_5_2,ddim_5,ddim,5,17.834970000023986,2.0928770895328848,0.0019321141298860312,0.17386919260025024,7.243937015533447,8.347383499145508,8.340984344482422,0.2718427777290344,0.03214089572429657
go_stanford,medium,no17vcF_5_2,ddim_3,ddim,3,11.909070625023332,3.543303548050125,0.0005386953707784414,0.1635204553604126,7.191898822784424,8.284213066101074,8.27953052520752,0.2269684076309204,0.03185659646987915
go_stanford,medium,no17vcF_5_2,ddim_2,ddim,2,7.477566500000421,1.4641817031430213,0.00020072258485015482,0.20409822463989258,7.151471138000488,8.237525939941406,8.226160049438477,0.34478288888931274,0.04923183470964432
go_stanford,medium,no17vcF_5_2,ddim_1,ddim,1,4.068417875004116,0.9027001195614967,0.6126341819763184,4.401943206787109,22.666669845581055,12.440646171569824,10.068180084228516,5.065922737121582,4.21539831161499
go_stanford,medium,sim29h_1_0,ddpm_10,ddpm,10,35.6677043749869,0.761426908916986,0.0,0.3580480217933655,4.0157318115234375,3.0021564960479736,-1.160964012145996,2.6598753929138184,0.22086310386657715
go_stanford,medium,sim29h_1_0,ddim_10,ddim,10,33.17438774996617,0.5089265774508986,0.023449456319212914,0.443222314119339,3.601078510284424,2.575420618057251,-0.9571422934532166,2.2457075119018555,0.20954899489879608
go_stanford,medium,sim29h_1_0,ddim_5,ddim,5,16.659032875026014,0.31143921489905774,0.00993043277412653,0.3428696095943451,3.762279987335205,2.776078701019287,-1.0706663131713867,2.456512928009033,0.2107352316379547
go_stanford,medium,sim29h_1_0,ddim_3,ddim,3,10.773711249981943,0.8140229559758428,0.06990891695022583,0.4627549648284912,3.4723963737487793,2.5998663902282715,-0.46431782841682434,2.367579221725464,0.19433492422103882
go_stanford,medium,sim29h_1_0,ddim_2,ddim,2,7.581246374968487,1.4129345240842677,0.1325112134218216,0.5442615151405334,3.5956532955169678,2.574744701385498,-0.3045746088027954,2.3302345275878906,0.22662755846977234
go_stanford,medium,sim29h_1_0,ddim_1,ddim,1,4.002307374975089,0.9124413480942638,11.19922924041748,4.440616130828857,20.818920135498047,10.801154136657715,7.446369647979736,5.524859428405762,3.9205970764160156
go_stanford,medium,sim3h_1_9,ddpm_10,ddpm,10,33.61594649999233,0.9974960211816272,0.0,0.1545068323612213,9.461198806762695,10.26492691040039,9.347339630126953,4.2156524658203125,0.18148702383041382
go_stanford,medium,sim3h_1_9,ddim_10,ddim,10,30.815192874996455,0.576163669908336,0.0002759015769697726,0.227168470621109,9.461023330688477,10.243752479553223,9.315157890319824,4.20876932144165,0.18594983220100403
go_stanford,medium,sim3h_1_9,ddim_5,ddim,5,15.963247624966925,0.666369013671425,0.00424402579665184,0.16999605298042297,9.363696098327637,10.189529418945312,9.341673851013184,4.036421298980713,0.17714568972587585
go_stanford,medium,sim3h_1_9,ddim_3,ddim,3,9.791589124944267,0.9530458215077777,0.0033952519297599792,0.2684130370616913,9.379013061523438,10.169658660888672,9.28825855255127,4.080244064331055,0.18191693723201752
go_stanford,medium,sim3h_1_9,ddim_2,ddim,2,6.776060625043101,0.988215131778619,0.003075994085520506,0.25563937425613403,9.362651824951172,10.181771278381348,9.306944847106934,4.064518928527832,0.17904356122016907
go_stanford,medium,sim3h_1_9,ddim_1,ddim,1,3.4802824999928816,0.5796573545005668,0.17949837446212769,5.024051189422607,21.872861862182617,13.064797401428223,9.284303665161133,6.686131477355957,3.970982789993286
go_stanford,medium,no30vcF_33_0,ddpm_10,ddpm,10,32.512351750000335,0.8660978702196299,0.0,0.2697184681892395,8.423053741455078,8.582817077636719,6.722973823547363,5.291716575622559,0.24855785071849823
go_stanford,medium,no30vcF_33_0,ddim_10,ddim,10,31.90527012492339,1.6799551870612,0.0007463746587745845,0.34227558970451355,8.413745880126953,8.525022506713867,6.633059501647949,5.290253639221191,0.25744470953941345
go_stanford,medium,no30vcF_33_0,ddim_5,ddim,5,17.738993124993385,0.9699554299441293,0.000698590069077909,0.29991620779037476,8.463165283203125,8.577930450439453,6.699833869934082,5.300455093383789,0.2530706524848938
go_stanford,medium,no30vcF_33_0,ddim_3,ddim,3,10.141218375053995,0.981788780569297,0.01614081673324108,0.38850247859954834,8.384868621826172,8.629800796508789,6.966264724731445,5.015716552734375,0.24971649050712585
go_stanford,medium,no30vcF_33_0,ddim_2,ddim,2,6.672706874979895,0.9790827571241077,0.013602739199995995,0.3318188488483429,8.405967712402344,8.612909317016602,6.906322479248047,5.085658073425293,0.2523207664489746
go_stanford,medium,no30vcF_33_0,ddim_1,ddim,1,3.8794301250106855,0.8917717588479075,2.5327465534210205,4.825235843658447,21.363054275512695,11.973882675170898,9.187040328979492,5.600332260131836,3.8218281269073486
go_stanford,medium,no2vc_192_3,ddpm_10,ddpm,10,34.683590250011775,2.4663746709400787,0.0,0.3038157820701599,3.0023458003997803,3.8305201530456543,3.7975411415100098,0.38028764724731445,0.12555843591690063
go_stanford,medium,no2vc_192_3,ddim_10,ddim,10,32.37166587501861,1.645531686299951,0.005610112100839615,0.37035471200942993,3.152576446533203,4.012436389923096,3.9791150093078613,0.36634281277656555,0.12836489081382751
go_stanford,medium,no2vc_192_3,ddim_5,ddim,5,16.53768812499834,0.8969421006411523,0.0022023769561201334,0.32895368337631226,3.033055305480957,3.882986068725586,3.850839614868164,0.36109188199043274,0.1241668090224266
go_stanford,medium,no2vc_192_3,ddim_3,ddim,3,10.475957250008605,1.1640384172097131,0.0016626326832920313,0.40364933013916016,3.041207790374756,3.87386155128479,3.8140125274658203,0.5052139759063721,0.13265734910964966
go_stanford,medium,no2vc_192_3,ddim_2,ddim,2,7.430182500058891,0.9773193552907764,0.013618662022054195,0.4131888151168823,3.252808094024658,4.106093406677246,4.059803009033203,0.4255583882331848,0.14852949976921082
go_stanford,medium,no2vc_192_3,ddim_1,ddim,1,4.035293249984306,0.8252162866045665,3.9930639266967773,4.844464302062988,20.67559051513672,11.446756362915039,8.251951217651367,5.289663314819336,3.692661762237549
go_stanford,medium,no5vcF_20_0,ddpm_10,ddpm,10,33.822385999997095,1.2438192001814257,0.0,0.30224156379699707,8.321121215820312,7.290225982666016,2.975346088409424,6.613537788391113,0.369196355342865
go_stanford,medium,no5vcF_20_0,ddim_10,ddim,10,32.20711574996926,0.878442240509481,0.0067518120631575584,0.38543301820755005,8.26368522644043,7.358406066894531,3.189441204071045,6.57467794418335,0.3575582802295685
go_stanford,medium,no5vcF_20_0,ddim_5,ddim,5,16.35849512496179,0.636050495991453,0.015203055925667286,0.332557737827301,8.365467071533203,7.451231956481934,3.294842481613159,6.623377323150635,0.36332085728645325
go_stanford,medium,no5vcF_20_0,ddim_3,ddim,3,10.52758462506631,0.9885067570234678,0.0641489326953888,0.3365080654621124,8.25556755065918,7.43502140045166,3.590104818344116,6.453876972198486,0.35600143671035767
go_stanford,medium,no5vcF_20_0,ddim_2,ddim,2,6.732595750008841,0.8542003061383148,0.06513544917106628,0.4803653657436371,8.171342849731445,7.419271945953369,3.609985828399658,6.353754043579102,0.35582786798477173
go_stanford,medium,no5vcF_20_0,ddim_1,ddim,1,3.900690499989423,0.7734033789779141,9.829988479614258,4.889320373535156,21.5104923248291,10.943381309509277,7.370078086853027,5.901788711547852,4.090309143066406
go_stanford,long,no6vc_72_1,ddpm_10,ddpm,10,34.80887600005644,3.075217998174827,0.0,0.28123176097869873,7.973554611206055,8.986167907714844,8.91592025756836,0.949198842048645,0.10815301537513733
go_stanford,long,no6vc_72_1,ddim_10,ddim,10,33.729905249970216,1.9206150561169695,0.022115040570497513,0.41843152046203613,7.746376991271973,8.683086395263672,8.564231872558594,0.9925106167793274,0.11508118361234665
go_stanford,long,no6vc_72_1,ddim_5,ddim,5,17.0123827500106,0.43726116482727917,0.01922919787466526,0.3653417229652405,7.725721836090088,8.681811332702637,8.59341049194336,1.0423074960708618,0.11066614091396332
go_stanford,long,no6vc_72_1,ddim_3,ddim,3,10.467097624996313,0.8858244107791434,0.009371832944452763,0.36113786697387695,7.800753593444824,8.768899917602539,8.67775821685791,0.9537072777748108,0.1154470294713974
go_stanford,long,no6vc_72_1,ddim_2,ddim,2,7.2039816249969135,1.21628899229543,0.01421959325671196,0.39113935828208923,7.935263633728027,8.939112663269043,8.865409851074219,0.9340827465057373,0.12291175127029419
go_stanford,long,no6vc_72_1,ddim_1,ddim,1,4.11807500003647,0.881413115842019,0.3066679537296295,4.777300834655762,21.4677791595459,12.210821151733398,9.78994369506836,5.178399085998535,3.833904266357422
go_stanford,long,no8vc_15_0,ddpm_10,ddpm,10,33.33366775001423,1.1300409563495828,0.0,0.11470735818147659,9.516789436340332,10.854307174682617,10.843731880187988,0.3793736696243286,0.04267393797636032
go_stanford,long,no8vc_15_0,ddim_10,ddim,10,32.17636899992726,1.083579488336204,0.0021292867604643106,0.22763194143772125,9.506078720092773,10.838748931884766,10.806665420532227,0.6370606422424316,0.05244322866201401
go_stanford,long,no8vc_15_0,ddim_5,ddim,5,16.626029625030014,0.6763739291456518,4.137794530834071e-05,0.12873589992523193,9.519495010375977,10.8621826171875,10.850067138671875,0.4061450958251953,0.04310162737965584
go_stanford,long,no8vc_15_0,ddim_3,ddim,3,10.585804500038876,1.070187578816136,0.002239273162558675,0.2237004041671753,9.457399368286133,10.786928176879883,10.763562202453613,0.5114849805831909,0.05196429789066315
go_stanford,long,no8vc_15_0,ddim_2,ddim,2,7.1615881250579605,0.9910078305437796,0.004322166554629803,0.31981360912323,9.43646240234375,10.745624542236328,10.714744567871094,0.5466662645339966,0.06860056519508362
go_stanford,long,no8vc_15_0,ddim_1,ddim,1,4.270988875020976,0.9381657664048719,1.1827857494354248,4.764379024505615,22.676361083984375,13.515692710876465,10.838022232055664,6.344537258148193,4.041449546813965
go_stanford,long,no17vcF_5_2,ddpm_10,ddpm,10,33.54712512506808,0.8280081057367945,0.0,0.1703575849533081,4.6411213874816895,5.222558975219727,5.087104797363281,1.1597003936767578,0.04588773846626282
go_stanford,long,no17vcF_5_2,ddim_10,ddim,10,32.644943250005554,1.9100283595678258,0.0003325875732116401,0.18239325284957886,4.691336631774902,5.254939079284668,5.1195478439331055,1.142918348312378,0.05196458846330643
go_stanford,long,no17vcF_5_2,ddim_5,ddim,5,16.380070874959074,0.3307542164600337,0.001112656551413238,0.1874007135629654,4.7389421463012695,5.319497108459473,5.178142547607422,1.1833782196044922,0.04998515546321869
go_stanford,long,no17vcF_5_2,ddim_3,ddim,3,10.22893862503338,0.9758132790212138,0.002550029195845127,0.19739973545074463,4.7682647705078125,5.357827186584473,5.210152626037598,1.208625316619873,0.05672411993145943
go_stanford,long,no17vcF_5_2,ddim_2,ddim,2,7.066093000048568,0.9606244578027876,0.006850225850939751,0.25324195623397827,4.833197593688965,5.419830322265625,5.264556407928467,1.2357256412506104,0.07077048718929291
go_stanford,long,no17vcF_5_2,ddim_1,ddim,1,3.8227062499629483,0.8599190003696753,3.5304861068725586,4.5595479011535645,21.16570281982422,11.779324531555176,9.096844673156738,5.410660266876221,3.970707416534424
go_stanford,long,sim29h_1_0,ddpm_10,ddpm,10,33.77180999999041,2.1184394234260897,0.0,0.3298673629760742,3.012110710144043,2.679121732711792,1.099299669265747,2.31571102142334,0.14640338718891144
go_stanford,long,sim29h_1_0,ddim_10,ddim,10,32.51722699999959,1.6121472333294768,0.007473292760550976,0.41140592098236084,3.222400665283203,2.8884806632995605,1.1778795719146729,2.50988507270813,0.15387476980686188
go_stanford,long,sim29h_1_0,ddim_5,ddim,5,16.70025462502167,0.9365238902018046,0.0039639538154006,0.3915421962738037,2.8739748001098633,2.499659776687622,1.0143134593963623,2.1354923248291016,0.1458742618560791
go_stanford,long,sim29h_1_0,ddim_3,ddim,3,10.18210949999343,0.9763527856538989,0.017475100234150887,0.4473443031311035,3.007829189300537,2.8319294452667236,1.4688094854354858,2.197579860687256,0.14414569735527039
go_stanford,long,sim29h_1_0,ddim_2,ddim,2,6.9104506249573205,0.9189018335228629,0.01596725918352604,0.5062754154205322,3.0675249099731445,2.791722297668457,1.424402117729187,2.230264902114868,0.16332615911960602
go_stanford,long,sim29h_1_0,ddim_1,ddim,1,3.8362569999890184,0.7752757871556056,7.684212684631348,4.882281303405762,21.228254318237305,11.273333549499512,7.646177291870117,5.801205635070801,3.709428310394287
go_stanford,long,sim3h_1_9,ddpm_10,ddpm,10,33.9258400000233,1.6948997323486776,0.0,0.21249942481517792,8.974584579467773,10.21876335144043,10.107183456420898,1.3442356586456299,0.07100267708301544
go_stanford,long,sim3h_1_9,ddim_10,ddim,10,32.6168454999447,1.618460969623905,0.0014540982665494084,0.24887152016162872,8.930309295654297,10.13845443725586,10.007938385009766,1.4240236282348633,0.08268992602825165
go_stanford,long,sim3h_1_9,ddim_5,ddim,5,16.207302375022437,0.6043221758979873,0.002324208151549101,0.2402089387178421,8.888779640197754,10.125555992126465,10.01954460144043,1.2692281007766724,0.07405157387256622
go_stanford,long,sim3h_1_9,ddim_3,ddim,3,10.065328499962334,1.002388147567627,0.0012718895450234413,0.2559575140476227,8.976037979125977,10.203134536743164,10.09587287902832,1.2805213928222656,0.08399099111557007
go_stanford,long,sim3h_1_9,ddim_2,ddim,2,7.27582400000415,1.0220643217218621,0.0028342169243842363,0.29388701915740967,8.95914077758789,10.223081588745117,10.12116813659668,1.207672357559204,0.08313795924186707
go_stanford,long,sim3h_1_9,ddim_1,ddim,1,3.8097814999673574,0.69082225956828,0.3107242286205292,4.505835056304932,21.662254333496094,12.8663330078125,10.924325942993164,5.513985633850098,3.8506827354431152
go_stanford,long,no30vcF_33_0,ddpm_10,ddpm,10,33.95897637500411,1.2267051713321797,0.0,0.18715518712997437,9.206123352050781,10.34109878540039,10.059074401855469,2.3228378295898438,0.12613120675086975
go_stanford,long,no30vcF_33_0,ddim_10,ddim,10,31.768401750014164,1.7506057678036937,0.005654404405504465,0.21996712684631348,9.044633865356445,10.166448593139648,9.90826416015625,2.1792120933532715,0.13156279921531677
go_stanford,long,no30vcF_33_0,ddim_5,ddim,5,16.485290624956406,0.5721456108874744,0.0015840139240026474,0.21237795054912567,9.108419418334961,10.250808715820312,9.98098087310791,2.2415285110473633,0.12327718734741211
go_stanford,long,no30vcF_33_0,ddim_3,ddim,3,10.153218500022376,0.9390242679323021,0.006818206049501896,0.2653478980064392,9.009477615356445,10.11308479309082,9.834785461425781,2.2203807830810547,0.13651984930038452
go_stanford,long,no30vcF_33_0,ddim_2,ddim,2,7.150281250005719,1.3783495885336954,0.010135851800441742,0.31434813141822815,9.029449462890625,10.126361846923828,9.849063873291016,2.19442081451416,0.14146484434604645
go_stanford,long,no30vcF_33_0,ddim_1,ddim,1,3.741901000012149,0.807802439194124,1.1335842609405518,4.546453475952148,22.225675582885742,13.881433486938477,11.487601280212402,5.828181743621826,3.965137004852295
go_stanford,long,no2vc_192_3,ddpm_10,ddpm,10,33.306819250014996,1.336823415703667,0.0,0.29155540466308594,4.970364570617676,6.064376354217529,6.040802478790283,0.4042104482650757,0.11663289368152618
go_stanford,long,no2vc_192_3,ddim_10,ddim,10,32.48937824997711,1.6834724384040844,0.0009439121931791306,0.2724519968032837,4.968347549438477,6.078665256500244,6.056905746459961,0.3925851583480835,0.12779586017131805
go_stanford,long,no2vc_192_3,ddim_5,ddim,5,16.475321625023298,0.40325602797977567,0.005027133040130138,0.24861466884613037,5.141167640686035,6.238050937652588,6.218354225158691,0.4070097804069519,0.12120131403207779
go_stanford,long,no2vc_192_3,ddim_3,ddim,3,10.136383125001203,1.1802136137868446,0.0010466484818607569,0.29942429065704346,5.053793907165527,6.137282848358154,6.117532730102539,0.38642725348472595,0.11776103079319
go_stanford,long,no2vc_192_3,ddim_2,ddim,2,9.82337600001415,7.72493921912253,0.005681514739990234,0.28891706466674805,5.149627685546875,6.234005451202393,6.214981555938721,0.37194955348968506,0.13511759042739868
go_stanford,long,no2vc_192_3,ddim_1,ddim,1,6.990097750019686,3.86006151810622,0.18549424409866333,4.472299098968506,20.847959518432617,10.236089706420898,6.996452808380127,5.466279029846191,3.958343505859375
go_stanford,long,no5vcF_20_0,ddpm_10,ddpm,10,34.20583287504542,0.7719518572182223,0.0,0.30629342794418335,9.057204246520996,9.420089721679688,8.396955490112305,4.169430732727051,0.2555423974990845
go_stanford,long,no5vcF_20_0,ddim_10,ddim,10,33.320234374997426,1.4453394529952093,0.014808292500674725,0.3919129967689514,9.03550910949707,9.42251205444336,8.504907608032227,3.9013562202453613,0.2518988847732544
go_stanford,long,no5vcF_20_0,ddim_5,ddim,5,16.888019125048004,0.9089471377766111,0.0016810016240924597,0.29943180084228516,9.029623031616211,9.42436695098877,8.460360527038574,4.074760437011719,0.25237414240837097
go_stanford,long,no5vcF_20_0,ddim_3,ddim,3,10.32239725003592,1.010140217588463,0.026432620361447334,0.2843687832355499,9.008960723876953,9.503618240356445,8.676185607910156,3.804335355758667,0.23839673399925232
go_stanford,long,no5vcF_20_0,ddim_2,ddim,2,7.386678250014711,1.2538134623145623,0.013846080750226974,0.4294372797012329,8.955150604248047,9.369384765625,8.46807861328125,3.8698503971099854,0.25375956296920776
go_stanford,long,no5vcF_20_0,ddim_1,ddim,1,3.9053139999793984,0.9332539093257346,1.4375125169754028,4.508641719818115,20.72616195678711,11.98299789428711,8.814783096313477,5.423157691955566,3.7994425296783447
