config_name,scheduler_kind,num_steps,cfg_weight,tts_budget,tts_topk,tts_verifier,num_cases,latency_ms_mean,latency_ms_std,latency_ms_ci95,latency_std_ms_mean,latency_std_ms_std,latency_std_ms_ci95,mse_vs_baseline_mean,mse_vs_baseline_std,mse_vs_baseline_ci95,diversity_mean,diversity_std,diversity_ci95,path_length_mean_mean,path_length_mean_std,path_length_mean_ci95,endpoint_norm_mean_mean,endpoint_norm_mean_std,endpoint_norm_mean_ci95,forward_progress_mean_mean,forward_progress_mean_std,forward_progress_mean_ci95,lateral_abs_mean_mean,lateral_abs_mean_std,lateral_abs_mean_ci95,smoothness_mean_mean,smoothness_mean_std,smoothness_mean_ci95,verifier_score_mean_mean,verifier_score_mean_std,verifier_score_mean_ci95,rank_score,rank
ddim2_cfg2.0_tts8,ddim,2,2.0,8,4,heuristic,12,12.545439194446494,0.7089098768346206,0.40110352205721955,0.4486474335726234,0.3809491168813685,0.21554225367542817,0.3782514960815509,0.203176239454971,0.1149577794114181,0.28107203791538876,0.06063797242156194,0.03430916270668786,9.014202753702799,0.23918023345101105,0.1353289567244232,10.274274110794067,0.2877476366941549,0.162808551993968,10.17327332496643,0.3567744366881599,0.2018641407206485,1.1267613222201665,0.5184835448285395,0.29335968189360573,0.05528978599856297,0.009352403351260254,0.005291620340571665,10.169558763504028,0.51194909707085,0.2896624700251363,9.143341434567263,1
ddim2_cfg0.0_tts16,ddim,2,0.0,16,4,heuristic,12,13.860007472212983,0.7696572522453885,0.43547458533227035,0.5814835338717304,0.44910631843340076,0.25410582076544,0.2229723601291577,0.1358890663277455,0.07688647724376575,0.33181652054190636,0.16203301763472888,0.09167881022203775,8.82983684539795,0.15112680920778157,0.08550804189832427,10.084808667500814,0.1921396817062997,0.10871325901603833,10.050369421641031,0.1885763834473445,0.10669713323120783,0.6406354829668999,0.13868021043931236,0.07846571569184273,0.06272532076885302,0.026752102973964197,0.01513642717633868,10.216442823410034,0.19644047374910695,0.11114666119080882,9.123737830876639,2
ddim2_cfg0.0_tts8,ddim,2,0.0,8,4,heuristic,12,6.891857444464399,0.23875399380311207,0.13508778894047851,0.22423231412390052,0.15938980332524058,0.09018327093879097,0.14684732739503184,0.09896691362162723,0.055995802735906666,0.3723134795824687,0.08199281260535198,0.04639180098072822,8.575127840042114,0.20220496025687104,0.11440822647106644,9.765065828959147,0.22036908442397918,0.12468554720899062,9.697069883346558,0.22880493652792333,0.12945857986238554,0.9088408996661504,0.2579423651059704,0.14594463205075395,0.06923794311781724,0.012429257023106405,0.007032514190355179,9.76725967725118,0.27743302871480285,0.15697251313437294,9.023997004772513,3
ddim2_cfg1.0_tts8,ddim,2,1.0,8,4,heuristic,12,12.524003611095695,0.6600263831115195,0.373445081762457,0.5126542153474453,0.2577726464330575,0.145848604671691,0.20964718547960123,0.10855188970661313,0.06141901348829255,0.32825933148463565,0.0921781681090562,0.05215470836774677,8.779120127360025,0.20070869911161196,0.11356163703157299,10.008447806040445,0.21649209067428507,0.12249193149165889,9.941309293111166,0.2340112519461842,0.13240433011844016,0.8647344186902046,0.290750039176523,0.16450732111775057,0.06280512704203527,0.009295623288736753,0.005259493995876769,10.028319915135702,0.29389650886808033,0.16628760393869987,9.003031296958504,4
ddim2_cfg2.0_tts16,ddim,2,2.0,16,4,heuristic,12,24.600295055554017,1.0850386441281161,0.6139184062031441,0.7238566235421554,0.20693144642002403,0.11708248776851152,0.466049204270045,0.23654374265642064,0.1338372216278499,0.24327941797673702,0.16155769015669452,0.09140986838358929,9.241967042287191,0.18163217717423982,0.10276807865734426,10.543570518493652,0.2200670457371482,0.12451465273418603,10.494733810424805,0.242539669041135,0.1372297363458608,0.7698560381929079,0.4326714139171929,0.24480689814983236,0.052107226103544235,0.021282420457455674,0.012041662956516454,10.616763671239218,0.3443370415995059,0.1948270219862454,8.987453360364054,5
ddim2_cfg0.5_tts8,ddim,2,0.5,8,4,heuristic,12,12.654381472221607,0.7353832139641652,0.4160822226089481,0.6689268562364874,0.3056726850241229,0.17295060284294123,0.16653058429559073,0.08246381126097992,0.046658293557330664,0.35590685531497,0.06682675323761848,0.037810795091391576,8.722671270370483,0.24163564525837755,0.13671823673901853,9.939546982447306,0.2762334632379758,0.15629379507243538,9.868053833643595,0.2960109359767252,0.16748395369785066,0.9198616494735082,0.1802178885043228,0.10196786951194159,0.06675834363947312,0.011994198104470626,0.006786356434243219,9.934985240300497,0.3403725724765332,0.19258391241721,8.903369431170866,6
ddim3_cfg0.0_tts8,ddim,3,0.0,8,4,heuristic,12,9.976931416651448,0.49467085308469216,0.2798863831849347,0.32198392349569455,0.2837173063613231,0.16052817793743612,0.13197336190690598,0.0996666489756151,0.05639171528299333,0.38740308086077374,0.0687452259136185,0.03889627319299469,8.62565795580546,0.20260793773499639,0.11463623244342999,9.82427946726481,0.24151464588893484,0.1366497749008694,9.74333381652832,0.25684408932243813,0.14532322402787246,0.9776127984126409,0.15451934675346543,0.08742755071425604,0.059797350938121475,0.009500948175847346,0.005375667487144506,9.790885130564371,0.2962356000579578,0.167611069368272,8.893353163610605,7
ddim3_cfg2.0_tts8,ddim,3,2.0,8,4,heuristic,12,18.491648666661654,1.4081345022824248,0.7967270972689986,0.9744528208372826,0.8944403736035638,0.5060772826646053,0.33483761673172313,0.15914343341635212,0.09004387404023835,0.280723695953687,0.06945138215970785,0.03929581870178893,8.989939371744791,0.3002616515936119,0.1698890224673956,10.247143268585205,0.3573282024704424,0.20217746320764793,10.15777579943339,0.39789604678383156,0.22513088192573041,1.065077193081379,0.49887205780175176,0.28226343852576347,0.054864535108208656,0.015077354464001897,0.008530816365289724,10.175729751586914,0.5098554044262158,0.288477851893396,8.852186668255595,8
ddim3_cfg0.0_tts16,ddim,3,0.0,16,4,heuristic,12,19.738290027779232,1.0967370035000634,0.6205373761169656,0.8919300158462825,0.9154699333099245,0.5179758761828638,0.21030202321708202,0.12128189006729048,0.06862168924061322,0.2594168856739998,0.05616380917433627,0.03177766653860747,8.858562548955282,0.14231580258326157,0.08052274559275603,10.107869784037272,0.17217741104181888,0.09741854112109964,10.065870443979898,0.18569355831078893,0.1050660213599632,0.700665257871151,0.18784865128982006,0.10628538000130404,0.047567397045592465,0.010620836424408295,0.00600930391327809,10.212881088256836,0.22214128668525904,0.12568826503254685,8.826587992779196,9
ddim2_cfg0.0_tts32,ddim,2,0.0,32,4,heuristic,12,26.49575833334299,0.9875165653734213,0.5587400957506083,0.8706560212628319,0.6580166384054652,0.372307961648355,0.32451461503903073,0.1528747371108879,0.08649702521079912,0.2138588378826777,0.07234981682294864,0.04093576249417852,9.090799490610758,0.11209523746021374,0.06342385121207884,10.365866502126059,0.11420614335697345,0.06461820865805246,10.34410015741984,0.10841256069534143,0.06134018067897218,0.5331663762529691,0.16883425106312305,0.0955269702937285,0.05269094152996937,0.013929333836799677,0.007881262547502287,10.548727989196777,0.10555471170227351,0.059723200391230136,8.824800367834655,10
ddim2_cfg1.0_tts16,ddim,2,1.0,16,4,heuristic,12,24.40763780553033,1.1480142975087027,0.6495502364261848,0.5424855137732084,0.23854768706129212,0.13497105991261163,0.2945484717686971,0.12764910931295478,0.0722242826711774,0.24009254450599352,0.047017997141655624,0.026602936240362092,9.016896565755209,0.18375431857609828,0.10396879318877326,10.279956102371216,0.20700072614695283,0.11712168646412341,10.23617442448934,0.2232696081616128,0.12632667300649,0.7438034117221832,0.263036743585439,0.14882704802149946,0.05479700459788243,0.007399751077661759,0.004186803311091755,10.366674979527792,0.2823983395783763,0.1597819022267933,8.747241789420375,11
ddim3_cfg1.0_tts8,ddim,3,1.0,8,4,heuristic,12,18.184989472220852,0.8958830985604492,0.5068935811539852,0.5810584549072209,0.618843175860897,0.3501434886860628,0.19303685054183006,0.0923832133762747,0.052270723649166934,0.30523766577243805,0.07131674049602596,0.040351244536645126,8.795582056045532,0.16969269910580975,0.09601268299808836,10.036875009536743,0.1895670526418188,0.10725765709479329,9.969354947408041,0.20884987769680838,0.11816794244630328,0.9109183847904205,0.3069174365986609,0.17365488734644224,0.05165425532807907,0.010908090762484647,0.006171833355304073,10.042242606480917,0.2829215568249627,0.16007794025259142,8.73353590082114,12
ddim2_cfg0.5_tts16,ddim,2,0.5,16,4,heuristic,12,24.965052333328686,1.7517746801473084,0.9911598314797667,1.0498395879113012,1.169923510466589,0.6619465406251741,0.2567358122517665,0.14661243006728883,0.08295379144657651,0.25414063533147174,0.06348905243350578,0.03592231308281725,8.971609195073446,0.12140542768374073,0.06869158722720357,10.235117197036743,0.1392622622707398,0.07879504251776853,10.195772250493368,0.14688168154515108,0.0831061348115355,0.6973157351215681,0.16019066628547043,0.09063640181555023,0.05193124804645777,0.0077480125878361256,0.00438385081020636,10.343242645263672,0.17473516456290822,0.09886572641134285,8.695669439327416,13
ddim3_cfg0.5_tts8,ddim,3,0.5,8,4,heuristic,12,18.320658805562413,0.9553812986826918,0.5405578569737226,0.6135436892845395,0.4718368668509902,0.26696683924820863,0.1375430536766847,0.07163282039401599,0.040530083574551304,0.3307577694455783,0.07765075235010563,0.04393504911666824,8.648889541625977,0.22759469390699244,0.12877382063746592,9.866215705871582,0.25751859531970567,0.14570486172258304,9.808773438135782,0.2625632907276518,0.14855916684930526,0.8283363208174706,0.21472809707001056,0.12149385815302777,0.05770836304873228,0.005591398270358182,0.00316363139060695,9.909526427586874,0.2846014872061375,0.1610284503452267,8.594166531114237,14
ddim5_cfg0.0_tts8,ddim,5,0.0,8,4,heuristic,12,15.98100897222644,0.9181331742462411,0.519482746596933,0.5404148589711862,0.42536253864315215,0.24067151266503037,0.11146404039269935,0.0718351171767638,0.04064454375448743,0.3616785754760106,0.08207540796832628,0.0464385337066743,8.547567208607992,0.14363810863411394,0.0812709106720785,9.73923373222351,0.1613112315744725,0.09127042131337514,9.666549523671469,0.16394085503467526,0.09275827084973824,0.9016178399324417,0.2510079078580653,0.1420210935071672,0.058616284281015396,0.010264266936786608,0.005807555733408166,9.741040547688803,0.1828334973169234,0.1034477895149503,8.54314038844164,15
ddim3_cfg2.0_tts16,ddim,3,2.0,16,4,heuristic,12,35.74133536110303,1.683942465563838,0.9527801430772616,0.7793559930651582,0.3939261552844814,0.22288470435844304,0.42104972153902054,0.18660567450551555,0.10558209967990967,0.19495381539066634,0.06833928032221051,0.03866658785244847,9.195075591405233,0.22848890590320797,0.129279768703459,10.49508253733317,0.2644802811938899,0.14964380631178745,10.453623056411743,0.2820493915595243,0.1595844662988283,0.7397285401821136,0.31715113993663685,0.17944515009588968,0.046728277734170355,0.01373000512125018,0.007768481709674157,10.587199608484903,0.35467809033665404,0.20067802111289904,8.400642057632727,16
ddim2_cfg2.0_tts0,ddim,2,2.0,0,0,heuristic,12,12.397938611122248,0.6141562394222504,0.347491604751826,0.6405569463455474,0.5212704584508951,0.2949365267170795,0.3419566924373309,0.2895760501320252,0.16384307428470143,0.5484399224321047,0.1282334748904585,0.07255491862218479,8.716990073521933,0.21335474331025217,0.12071681011339645,9.873946030934652,0.24356026153502006,0.1378071909099167,9.6176807085673,0.2710953310795921,0.15338662312735615,1.6940733740727107,0.5294756766874444,0.29957906597555817,0.08103353530168533,0.013265483106716582,0.007505653637741387,9.409029563268026,0.3845311959967516,0.21756900573012264,8.392703066790487,17
ddim2_cfg1.0_tts0,ddim,2,1.0,0,0,heuristic,12,12.239506083334264,0.48906140778695195,0.276712540727333,0.2941304129799849,0.1512806964662773,0.08559511181143928,0.17104382688800493,0.15409791564384842,0.08718910361696541,0.49869634211063385,0.09408441127214469,0.0532332669710298,8.449445247650146,0.2431284571212913,0.1375628745633032,9.617801348368326,0.29026802890617887,0.16423459813360194,9.45148197809855,0.3617634176801768,0.20468692244899692,1.31234472990036,0.41900228657445543,0.23707286128593397,0.07160443626344204,0.010753063264512074,0.00608411829097154,9.37991452217102,0.48263565963673505,0.273076831451546,8.369445353027194,18
ddim5_cfg2.0_tts8,ddim,5,2.0,8,4,heuristic,12,30.310709416672427,1.6143867905592042,0.9134253151434218,1.0335102798903353,0.7648792638546509,0.4327711839063646,0.3626422919332981,0.18259627793911556,0.10331357001674865,0.2566344154377778,0.07728311819032445,0.043727040509177535,9.007488171259562,0.27860068937781113,0.15763317934852067,10.272665023803711,0.3420120841885652,0.19351155349492563,10.18929918607076,0.4167841694573492,0.23581784338157166,1.0020540952682495,0.5541313668410875,0.31352933593587484,0.04804812495907148,0.010716316066276543,0.006063326606274157,10.230522950490316,0.5965538293484801,0.33753210368123815,8.31583756314939,19
ddim5_cfg0.0_tts16,ddim,5,0.0,16,4,heuristic,12,31.0378265000016,1.2588055009378845,0.7122362609273919,0.7295645008807159,0.31594618776279026,0.17876338422319735,0.20055149557689825,0.08508379833082401,0.04814069079257753,0.24064967160423598,0.04079538257705348,0.023082160610304485,8.814949989318848,0.19300740918867948,0.10920422205766282,10.064779996871948,0.21255024012804088,0.12026161958715913,10.034757375717163,0.21315178271110194,0.12060197434397327,0.633017877737681,0.10838130698079429,0.061322497225275344,0.046218066631505884,0.00980337417337396,0.005546781103604799,10.20592474937439,0.21807686802921977,0.12338860369148652,8.25437708351417,20
ddim3_cfg1.0_tts16,ddim,3,1.0,16,4,heuristic,12,36.423704972226766,2.4616102065950334,1.3927870891092213,1.3074695371958989,2.1086062840093494,1.1930563175739797,0.3150431389609973,0.14760987790781321,0.08351815069022128,0.21972132722536722,0.030623344149463824,0.0173267880684159,9.028692245483398,0.11393715641182901,0.06446601496656858,10.305612961451212,0.13971033979559622,0.07904856624377034,10.273475249608358,0.1491590513586613,0.08439467808491248,0.6486365447441736,0.13500128708234016,0.07638416884917634,0.04760328400880098,0.007133434632179154,0.004036120597032529,10.43882425626119,0.18185417551833963,0.10289368604499542,8.21812671773524,21
ddim3_cfg2.0_tts0,ddim,3,2.0,0,0,heuristic,12,18.234954027785005,1.082618716066301,0.6125492030075939,0.6453749259484174,0.40574623245702085,0.2295725426011027,0.3326105736196041,0.24977291436739618,0.14132233015936765,0.46163808057705563,0.08234299140871694,0.046589933290587734,8.738644560178122,0.3265329289442136,0.18475339693671428,9.923379103342691,0.3966202335559901,0.22440902263741105,9.703027486801147,0.484729468717635,0.27426151546330546,1.6555700848499935,0.49380528042966154,0.27939663935165726,0.06957275979220867,0.012388023026891458,0.007009183860717004,9.510605454444885,0.6274807694659214,0.35503066733921396,8.20139434174557,22
ddim2_cfg0.0_tts0,ddim,2,0.0,0,0,heuristic,12,6.995253638880032,0.3703061243041881,0.20952041373859823,0.4465495091210387,0.5779053393095449,0.326980727152158,0.05046769370286105,0.035651677662982745,0.02017183558186916,0.6100016385316849,0.06494656441828432,0.03674697812084107,8.11055556933085,0.16608834600889122,0.0939733282519432,9.201409022013346,0.1765007263281493,0.09986468702056704,9.01030166943868,0.161031903924014,0.0911123768170745,1.4043838282426198,0.19953732287816897,0.11289886853554636,0.08112681501855452,0.009111201946696582,0.005155147798634987,8.903785149256388,0.1591667266201084,0.09005705341094813,8.15683562535698,23
ddim3_cfg0.0_tts32,ddim,3,0.0,32,4,heuristic,12,39.11969505554996,2.3096284104799536,1.3067952928282367,1.7732956230384296,1.5712214269781284,0.8890022115458838,0.293318061158061,0.11307558912663085,0.06397853738461513,0.2013059159119924,0.02720860109446524,0.015394715302839401,9.017649491628012,0.12358051969453651,0.06992226138598981,10.29151701927185,0.1390239040614198,0.07866017866498036,10.272109667460123,0.13891085508390427,0.07859621518453216,0.5149055048823357,0.08429625593357636,0.047695096733829344,0.047800058809419475,0.008453827361937474,0.00478320311303528,10.48417560259501,0.1327414589522489,0.07510555071753047,8.128737979152394,24
ddim3_cfg0.5_tts16,ddim,3,0.5,16,4,heuristic,12,35.94854866666866,2.03801094901508,1.153113246624756,1.0375920486604258,0.6566594544187545,0.3715400625190891,0.23511016244689623,0.12264509195919265,0.06939299332027776,0.2355822871128718,0.05627177650003062,0.03183875480386971,8.907655000686646,0.21507039526525204,0.12168753158909024,10.16455046335856,0.2391353979929486,0.13530358867591724,10.135488430658976,0.2415742775191007,0.1366835146718433,0.6002470354239146,0.11853167871318619,0.06706561068030516,0.04685806933169564,0.008856551193111434,0.005011065571125896,10.317786852518717,0.25159631593269793,0.14235401671624406,8.120945824527416,25
ddim5_cfg1.0_tts8,ddim,5,1.0,8,4,heuristic,12,30.241612361101662,1.5236674183168908,0.8620959982383047,0.7896264921213724,0.4813682975899165,0.2723597538690324,0.20995719451457262,0.12607393480179352,0.0713330437916986,0.2833532678584258,0.05984893060605084,0.03386272027219239,8.737188895543417,0.33937586822281773,0.19201997389740863,9.972518761952719,0.3926850910602335,0.22218250616977098,9.912668784459433,0.4159972562736529,0.23537260533390447,0.8776208360989889,0.2703399425184908,0.15295922181404345,0.05157068744301796,0.0108798376131848,0.006155847631217426,9.99727471669515,0.48789342586045537,0.27605169274125496,8.085685270653249,26
ddim2_cfg0.5_tts0,ddim,2,0.5,0,0,heuristic,12,12.342842694443512,0.407087780345321,0.23033159477485476,0.47226658038345803,0.370602009242549,0.2096878264024338,0.09647023918417592,0.08828192244773207,0.049950199855980267,0.6364674915870031,0.1135026959547755,0.06422019582197312,8.267459829648336,0.2767649145516349,0.15659449196025757,9.384987115859985,0.31834846478232326,0.18012260040141487,9.168697357177734,0.353300282883579,0.1998984531590532,1.5072989761829376,0.2585816196827681,0.1463063243767089,0.08475013946493466,0.012829981295205517,0.007259245291395073,9.025819937388102,0.4176770071094063,0.2363230138391543,8.01128805987179,27
ddim5_cfg0.5_tts8,ddim,5,0.5,8,4,heuristic,12,29.851152861109796,1.6753298395470937,0.9479070911670486,0.6290953012882304,0.4839389792231926,0.27381425392734576,0.1488840952515602,0.06351321321345124,0.03593598333096649,0.3172912610073884,0.0843161159011222,0.04770633356828586,8.64643128712972,0.1647221774713109,0.0932003456344714,9.867106835047403,0.18998113139469175,0.10749194420464145,9.805848836898804,0.20985215024450773,0.11873503152501456,0.8673206890622774,0.2771299719963056,0.15680104265392888,0.05200547228256861,0.010270479557119926,0.005811070854269543,9.893938302993774,0.27797678963382055,0.15728017483708318,8.001928131829132,28
ddim3_cfg0.0_tts0,ddim,3,0.0,0,0,heuristic,12,10.003200444452254,0.7123957533475612,0.4030758423654655,0.5564286076165458,0.4082456368558829,0.2309867137675495,0.04006067271499584,0.035587675233899545,0.020135622798602384,0.6058313697576523,0.06759281760858042,0.0382442368127672,8.086831291516622,0.29128340240834627,0.16480909977511024,9.187243382136026,0.3274340676595755,0.18526326416300784,8.997098286946615,0.3215165640072559,0.1819151212829425,1.414440433184306,0.2019310156387634,0.1142532277120391,0.07999897189438343,0.010176621023423945,0.0057579653895683276,8.887840986251831,0.3243073016192376,0.18349412973222745,7.989884267325338,29
ddim2_cfg2.0_tts32,ddim,2,2.0,32,4,heuristic,12,48.51605169444421,2.321352845560603,1.3134290164631475,0.7786369994478068,0.2857061478761079,0.16165347095769386,0.4658108589549859,0.19572772807140923,0.11074338736010395,0.15586922193566957,0.04200392076814791,0.023765955463259707,9.323785225550333,0.15116851977241133,0.08553164187192697,10.639478047688803,0.1779801946370232,0.10070177501842519,10.61295747756958,0.18994344017339465,0.10747061838861473,0.5884328534205755,0.26791789946126776,0.1515888219471884,0.04476847437520822,0.006954158935169669,0.003934685822543497,10.799690246582031,0.2541571945494162,0.14380297019579383,7.974488122993886,30
ddim3_cfg1.0_tts0,ddim,3,1.0,0,0,heuristic,12,17.944905555563334,0.8001144128879893,0.45270734623011244,0.5071382269489565,0.4138662202214231,0.23416685818026495,0.12737869034754112,0.08640586302257187,0.048888719310130925,0.5680367027719816,0.1345200018471523,0.07611185609228549,8.432434956232706,0.22448830726750985,0.12701621693820384,9.572883367538452,0.2812630747836321,0.1591395657006432,9.373651822408041,0.3344933299190065,0.18925741778945526,1.4596916437149048,0.2520639174658313,0.14261858718985151,0.07084780434767406,0.010477899451033229,0.005928429707223949,9.249122460683187,0.3902345745321352,0.2207959959201628,7.954887298677506,31
ddim3_cfg0.5_tts0,ddim,3,0.5,0,0,heuristic,12,18.07548086111726,0.9017722528228672,0.5102256838567173,0.3854410491085145,0.29520998321708447,0.16703077201229166,0.08670575843037416,0.1381916179673818,0.07818926847655346,0.5102520436048508,0.09337441832980924,0.05283155064697729,8.29743234316508,0.22452988834948848,0.12703974365009993,9.45129124323527,0.26204851570415966,0.14826790546088767,9.301200866699219,0.3226652048147183,0.18256502600074528,1.273703247308731,0.370892222669196,0.20985203010643097,0.07082634326070547,0.011767662848685571,0.006658182047152946,9.243647813796997,0.42913402629994535,0.24280543269064736,7.9410067355961935,32
ddim5_cfg0.0_tts0,ddim,5,0.0,0,0,heuristic,12,15.6364718333369,0.5114099415998656,0.2893574140999546,0.4508327048863759,0.3433182079081306,0.19425056255838993,0.04520440113265067,0.04007955768621097,0.02267714455075234,0.5508589247862498,0.1154974282379014,0.06534882185818464,8.156619787216187,0.24249508592729194,0.13720451107453777,9.282335837682089,0.2707126738614568,0.15317011442441636,9.107616980870565,0.307428452302464,0.1739440216995101,1.367391546567281,0.32171031167566844,0.18202474434608507,0.07275101418296497,0.009800668555978007,0.0055452502564515595,9.01668612162272,0.3779432026617169,0.2138414975992289,7.836293695777727,33
ddim2_cfg1.0_tts32,ddim,2,1.0,32,4,heuristic,12,49.24981441667834,2.8888761178844002,1.634535536229719,2.2369419500156003,1.6650663060279756,0.942099950403751,0.3810727174083392,0.14691840668593636,0.08312691401605556,0.16744482579330602,0.04464276410827185,0.025259021637774125,9.192417621612549,0.14556401304146818,0.08236059367153757,10.488829692204794,0.17211924368434864,0.09738562984039602,10.471174716949463,0.18179922408367166,0.10286259434390947,0.47519056250651676,0.1745060016249575,0.098736065273107,0.04689846591403087,0.008886707419578024,0.005028128062484761,10.697183847427368,0.23016987516081747,0.1302308665957717,7.83533252935116,34
ddim2_cfg0.5_tts32,ddim,2,0.5,32,4,heuristic,12,49.212201416657486,2.3567185107514215,1.333439025254777,1.6599891099215773,1.4010115657636855,0.792696916538814,0.39172445485989255,0.11981310319487853,0.06779064483436738,0.2628351878374815,0.27438029549237963,0.15524526671359737,9.181655168533325,0.13785223026119356,0.07799724180469657,10.477797269821167,0.1560799807321392,0.08831056251299592,10.444986502329508,0.130146208152835,0.07363714934482739,0.5340346246957779,0.2318318885752505,0.131171239210147,0.06201291084289551,0.03952098488369854,0.022361102236017633,10.64820408821106,0.14647696616251285,0.08287714552712637,7.788162376226677,35
ddim5_cfg2.0_tts0,ddim,5,2.0,0,0,heuristic,12,29.787992138895763,1.4920452391194061,0.8442040660397149,0.3940930156026299,0.1895422699465059,0.10724363496489933,0.34644623659551144,0.2413396658638708,0.13655077063158733,0.41725564499696094,0.08105397548604996,0.04586060387444507,8.752591292063395,0.2894354421526518,0.16376351783105486,9.956674893697103,0.3466770916229381,0.19615102992697228,9.760347763697306,0.4078652595985408,0.23077149507386785,1.5562576601902645,0.4626846263263683,0.26178847168824154,0.06379011987398069,0.010494308435584588,0.005937713964238848,9.604259411493937,0.5252072896898928,0.2971639986811571,7.716689457704828,36
ddim10_cfg0.0_tts8,ddim,10,0.0,8,4,heuristic,12,31.078849611105852,1.637626107133589,0.9265741963098257,1.1874951271208278,0.9713398470624285,0.5495872557325809,0.08710783300921321,0.07180859586008993,0.04062953790695293,0.3683384098112583,0.09352650619056112,0.052917602454975954,8.52527149518331,0.16015379177247172,0.09061553809574431,9.710621198018393,0.18811440437770377,0.10643574396579512,9.628275156021118,0.20352182279968978,0.11515331159577692,1.0252629866202672,0.2837488602606039,0.160546031236635,0.05902903713285923,0.01075906318205088,0.006087513063897563,9.659285386403402,0.2628556142308884,0.14872456444152368,7.706636274578804,37
ddim5_cfg1.0_tts0,ddim,5,1.0,0,0,heuristic,12,30.0326882777679,1.6479498765660903,0.932415418749514,0.593939269456156,0.2216554495755628,0.12541337681020273,0.16496974353988966,0.14064129224050417,0.07957530217554729,0.5277402028441429,0.043802232824095344,0.024783446293856145,8.49692988395691,0.16641295002760428,0.09415699026517554,9.655760208765665,0.2052656355957207,0.1161399665672376,9.457748492558798,0.27505099017565293,0.15562474795441059,1.458379179239273,0.3374725604057393,0.19094307612247854,0.06615755924334128,0.01079275765598669,0.006106577507222663,9.335178057352701,0.38496338062374563,0.21781353720264257,7.435757732050156,38
ddim5_cfg2.0_tts16,ddim,5,2.0,16,4,heuristic,12,60.04090661109746,2.7891872259429755,1.5781312358040738,1.2911099862268316,1.6014308919189684,0.906094825407239,0.3918936749299367,0.18153532543884937,0.10271327962935507,0.1879707034677267,0.06163925848356358,0.03487569362857167,9.172296444574991,0.19368976160937743,0.10959029928435952,10.469111998875936,0.24137813845052072,0.13657253854668092,10.423162698745728,0.27526409633453847,0.15574532411464517,0.7444504201412201,0.3325763105935153,0.18817276199831345,0.0437097412844499,0.009471228496760882,0.005358851995718123,10.555525779724121,0.3785724202654249,0.214197510973051,7.15400325994876,39
ddim5_cfg0.5_tts0,ddim,5,0.5,0,0,heuristic,12,30.17215236110992,1.581836975381253,0.8950085234794604,1.9425902879451877,1.7380826589960063,0.9834128412242615,0.09832205843607274,0.20072257688890652,0.11356948912326063,0.5901733810702959,0.1298307748332359,0.07345867614308511,8.266656756401062,0.2595162586645021,0.14683514616305415,9.379854122797648,0.30525229901200784,0.17271274706522818,9.16430433591207,0.37427911075383513,0.21176834243886486,1.4490022659301758,0.32737778798220035,0.18523142093786307,0.0699442783370614,0.01107685714959907,0.006267321927954133,9.04362404346466,0.4351376175763318,0.24620228422938306,7.138054283030452,40
ddim5_cfg1.0_tts16,ddim,5,1.0,16,4,heuristic,12,60.6223556388967,2.425103024349455,1.3721312062423188,1.6624934362046204,1.8014796577960086,1.0192830700607973,0.3012774934371312,0.12089015397271527,0.06840004367975201,0.21370218197504678,0.04845196231924986,0.02741427841802882,9.023053487141928,0.1771287743035744,0.10022003861488922,10.301735719045004,0.20525399972656672,0.11613338295449306,10.26422611872355,0.21867009275582275,0.12372425217796881,0.6923355584343275,0.1839464029321528,0.10407747514435496,0.04650795925408602,0.007829293772548698,0.004429839969802739,10.414552529652914,0.2581258672313665,0.14604845815221834,6.983814697438588,41
ddim5_cfg0.0_tts32,ddim,5,0.0,32,4,heuristic,12,61.9085828888741,2.578904369181615,1.4591525091260813,1.3401880586126345,1.6903235666564738,0.9563905909021498,0.2901359076301257,0.12392429595533723,0.07011677111636982,0.1876768097281456,0.03081275607292519,0.01743395795291408,9.003564278284708,0.12601792209175092,0.07130135161754189,10.274984757105509,0.14094764290164521,0.07974863637948995,10.254799524943033,0.144380497472215,0.08169095669968911,0.5004408980409304,0.08918540228940725,0.05046139169918285,0.04459759530921777,0.008236988498852687,0.004660514976581962,10.472387711207071,0.1570573920510009,0.08886358502728864,6.97752642688862,42
ddim5_cfg0.5_tts16,ddim,5,0.5,16,4,heuristic,12,59.21930108333287,2.741057664802719,1.5508993730253742,1.3381705797959764,1.1714544053519633,0.6628127259478624,0.2326795943081379,0.10671701971533286,0.06038083805856679,0.22864048928022385,0.045603276683481346,0.025802482787754204,8.883198022842407,0.13323264867588694,0.07538346746631276,10.146850347518921,0.16141559695403357,0.0913294715857591,10.114796161651611,0.1672145306758751,0.09461052721217075,0.616993765036265,0.1756756687409437,0.09939786674489835,0.04634272369245688,0.007330961830570179,0.004147882130572593,10.291704177856445,0.1910238968973959,0.10808194432945559,6.930931881168405,43
ddpm10_cfg0.0_tts0,ddpm,10,0.0,0,0,heuristic,12,34.10768361112243,7.365909817730131,4.1676558157711385,3.9746495578936183,10.436960194814842,5.905266142437804,0.0,0.0,0.0,0.5641286646326383,0.05893869069961279,0.03334770356228343,8.158522089322409,0.3081734180197627,0.17436552573378114,9.27536678314209,0.33210909444842246,0.18790840957851715,9.103362003962198,0.32388738913443355,0.18325654187781248,1.388186792532603,0.2053983107061779,0.11621503457776007,0.06927796360105276,0.008978394216744297,0.0050800047515693406,9.005164941151937,0.3059087891920473,0.17308419135175096,6.901720751479508,44
ddim10_cfg2.0_tts8,ddim,10,2.0,8,4,heuristic,12,58.04776494443647,1.9914935010849983,1.1267935227619978,1.0367564839161425,1.3018439901520953,0.7365875785940645,0.4153359302630027,0.2526391503610144,0.14294405583939462,0.2678078884879748,0.04391133651606858,0.02484517751886787,9.030238151550293,0.2470113028369609,0.13975980134208357,10.290192445119223,0.2940610420410517,0.1663806973449714,10.186010758082071,0.34712995402214064,0.19640726095049602,1.1392192542552948,0.5820315079621018,0.3293153268427881,0.05155141341189543,0.014288321888537098,0.008084379158842617,10.178398211797079,0.5018486685169755,0.28394761458351647,6.87716305985911,45
ddim10_cfg0.0_tts0,ddim,10,0.0,0,0,heuristic,12,30.762692833326984,1.634316235457761,0.9247014601128638,0.817147787492837,0.9510139549406654,0.5380867996303221,0.08726729755289853,0.09094477136516353,0.05145684846448481,0.6759672164916992,0.12692392525936824,0.0718139711667982,8.157536069552103,0.23990818551481294,0.13574083437801648,9.229770263036093,0.30171000370288004,0.17070850481795957,8.943443973859152,0.40610135197595587,0.2297734703839573,1.6441318094730377,0.3128578549948632,0.1770159954633857,0.07535313659658034,0.010072463026222143,0.005699032454800069,8.752619862556458,0.47339327051569907,0.2678474575215003,6.818560228387752,46
ddim3_cfg2.0_tts32,ddim,3,2.0,32,4,heuristic,12,72.07147855555718,3.4224263679303997,1.9364200091101638,2.049693667954482,2.1481532564159913,1.215432123635297,0.4734241267045339,0.20288314163409318,0.11479194370775107,0.17697327335675558,0.09144174636103557,0.0517380385391791,9.325908899307251,0.21853910727808956,0.1236501401671562,10.63508145014445,0.24423800794187941,0.1381906620389504,10.612810452779135,0.25521847764814104,0.1444034476368743,0.5453534896175066,0.2123880502182461,0.12016985200684088,0.05271066507945458,0.043204795331255076,0.024445414210487147,10.81325070063273,0.3052069262758879,0.1726870750230437,6.81045620387323,47
ddim10_cfg1.0_tts8,ddim,10,1.0,8,4,heuristic,12,57.87481858334015,2.3299780231177363,1.3183091700758784,0.9081872824406084,0.6086000519184126,0.3443478957278374,0.1631292508294185,0.08157057855505466,0.04615289957698004,0.3266255334019661,0.06888008898328545,0.03897257915797912,8.751843770345053,0.23719032842050156,0.13420306196349727,9.984664678573608,0.26631013806674686,0.15067914530274745,9.914913892745972,0.28504231927884066,0.16127787457075243,0.9174132396777471,0.2659148495113678,0.1504554897479689,0.048966324888169765,0.008150364432552331,0.004611502797145087,9.98581862449646,0.3366522140622877,0.1904789214839024,6.692733380958527,48
ddim10_cfg0.0_tts16,ddim,10,0.0,16,4,heuristic,12,61.308456055567405,3.1747914808124236,1.7963073817466237,0.7617423133382889,0.5241838161718944,0.29658491402425474,0.2023056698963046,0.12376296867811445,0.07002549161637628,0.28278155128161114,0.06213143404214566,0.03515416816598287,8.81797981262207,0.1420756096722455,0.08038684365976012,10.06045659383138,0.16978660441463506,0.09606581492831043,10.013892332712809,0.18091744873103785,0.10236368297144573,0.7491418719291687,0.20365182560316472,0.11522686760628695,0.04907738075902065,0.010617356185519794,0.006007334782756151,10.143668254216513,0.22653989741494968,0.12817701333961717,6.678908267645377,49
ddim3_cfg1.0_tts32,ddim,3,1.0,32,4,heuristic,12,71.61090297221524,3.6973423090832576,2.0919683458867033,0.8262044727566952,0.6208786921707373,0.3512951904577004,0.36335671817262966,0.1894243385404195,0.10717690899043045,0.1739899522314469,0.04527369139205037,0.02561600235416016,9.162530501683554,0.14147054080955573,0.08004449372242296,10.45878537495931,0.16797714853002826,0.09504201888308722,10.435347159703573,0.17634571089796824,0.09977697878423034,0.5526111920674642,0.138472809431679,0.07834836752480714,0.041467209346592426,0.008311185111108635,0.004702495661959713,10.63523562749227,0.21613973182917792,0.12229256570706643,6.65516801246721,50
ddim3_cfg0.5_tts32,ddim,3,0.5,32,4,heuristic,12,71.38919002776511,3.1817955115010528,1.8002702851700463,1.401975488449563,1.5085906894422274,0.8535655358335046,0.3394557796418667,0.14015223436187968,0.07929859163163157,0.17669434224565825,0.040294101782689766,0.022798534300770317,9.11092734336853,0.11948891737452198,0.06760721943913008,10.396443923314413,0.13784849153090592,0.07799512641889733,10.379612366358439,0.14567064681343642,0.08242092740774913,0.48372669517993927,0.11466701792199077,0.06487897299114435,0.04521299867580334,0.006686238891354111,0.0037830957873136524,10.6029159228007,0.1758430715337959,0.09949258379146433,6.6340665718558345,51
ddim10_cfg0.5_tts8,ddim,10,0.5,8,4,heuristic,12,58.78678249999956,2.5741522085748523,1.4564637211446454,1.1996482586505512,0.6630199144596349,0.3751388315695259,0.1848614108748734,0.14248917709938022,0.08062084145983672,0.33930538098017377,0.06767477169524352,0.038290606702483417,8.667267719904581,0.36761272052491556,0.20799647708953886,9.878854354222616,0.4173857210139469,0.23615820321564213,9.809197743733725,0.4271489979031905,0.2416822971450162,0.9425108432769775,0.18747842301040926,0.1060759036324602,0.05392897377411524,0.007521230037125286,0.004255536502839955,9.870195150375366,0.44786809103537883,0.2534052276623054,6.531890477520687,52
ddim10_cfg2.0_tts0,ddim,10,2.0,0,0,heuristic,12,58.176821611109766,1.9852698735996457,1.1232721740180736,1.2609110849666616,1.7520262753234832,0.9913021848516043,0.4136608686919014,0.30726043631528965,0.17384895770559525,0.4872615958253543,0.07487650023643108,0.042365368216130954,8.71537677447001,0.3171111700124602,0.17942253498233646,9.889833370844523,0.37529420160755117,0.21234268415695687,9.615123748779297,0.44295958097047033,0.2506279766471564,1.8496629695097606,0.46863488658838237,0.2651551483649833,0.07187659200280905,0.010796420412077819,0.00610864990657355,9.354162136713663,0.569449829649277,0.3221965721892367,6.048119140094971,53
ddim10_cfg1.0_tts0,ddim,10,1.0,0,0,heuristic,12,58.63898797222571,2.7081131285010827,1.5322592468613385,2.11785159956858,1.6011055723159637,0.9059107585140789,0.17331921349978074,0.14098658167641923,0.07977066806534569,0.5460024351874987,0.06657800208030817,0.037670050874709926,8.446101228396097,0.2687013530203828,0.15203210252797597,9.600627660751343,0.3114414955961987,0.17621461469289929,9.379553238550821,0.3515754559586199,0.19892254045541113,1.540078083674113,0.20582630229210236,0.11645719361395757,0.0669865586484472,0.007756863889342044,0.004388858905487339,9.228411277135214,0.4051252695370242,0.22922119975426622,5.898528526856329,54
ddim10_cfg0.5_tts0,ddim,10,0.5,0,0,heuristic,12,58.67857341666157,2.699480575001687,1.527374919916402,1.2563907948802417,1.0990189239327777,0.6218284941455404,0.11741702056800325,0.08773839361309832,0.04964266946737191,0.6149753232796987,0.061565221718801834,0.03483380338542785,8.359862049420675,0.22365102850701432,0.12654248188280015,9.482433160146078,0.2627227648334751,0.14864939781887263,9.234871705373129,0.30948390098001743,0.17510700126985518,1.6509912113348644,0.2776534403070648,0.15709722273265536,0.07141852596153815,0.008764707035071206,0.004959099846745237,9.04342269897461,0.3837163483625674,0.21710796227919676,5.712383331678617,55
ddim5_cfg2.0_tts32,ddim,5,2.0,32,4,heuristic,12,118.90827152774995,5.875985917456537,3.3246520101740225,2.486450330121895,2.954965096871489,1.6719288962422088,0.45969395401577157,0.19384266758346225,0.10967681398355214,0.14665433205664158,0.043733506914189285,0.02474456094972327,9.279657681783041,0.16332571368602344,0.09241022186696912,10.594494899113974,0.19753992005815008,0.11176873150084471,10.5635453859965,0.22250723904818628,0.12589532207388854,0.6192528456449509,0.36597217174769775,0.20706824923695635,0.03949763781080643,0.00849991207024419,0.00480927799140676,10.740472078323364,0.33428252875835057,0.18913814580474209,4.395468667961648,56
ddim10_cfg2.0_tts16,ddim,10,2.0,16,4,heuristic,12,115.28053572222855,3.1386212670601314,1.7758421567530223,1.9240987291456164,2.2331446840960645,1.2635205508121998,0.3881231800963481,0.1794080665918955,0.10150966963078875,0.21622281894087791,0.05325207085560977,0.0301301954945235,9.147104104359945,0.22992546437705444,0.13009257817660924,10.439579248428345,0.2699782910573303,0.1527545982369587,10.3859175046285,0.3016996273699128,0.17070263385490037,0.8785419911146164,0.29111576513003534,0.1647142500559064,0.04212258942425251,0.007267911047439506,0.004112207791691745,10.471564690272013,0.39131631500040354,0.22140804820769988,4.308082633213319,57
ddim5_cfg1.0_tts32,ddim,5,1.0,32,4,heuristic,12,119.53840683333459,5.996796081082004,3.3930067950542284,1.8182103420484637,1.5918638296871903,0.9006817503714654,0.35449306418498355,0.1466138183849268,0.08295457696122725,0.1696494451413552,0.05113029660177602,0.028929688696645178,9.135690609614054,0.10771768901252891,0.0609470200129106,10.427979310353598,0.12964305304647578,0.07335246254344878,10.411042849222818,0.13626461150947655,0.07709896193329575,0.4645722930630048,0.13128365146474366,0.07428071848309943,0.039651209798951946,0.004225237834377333,0.0023906533570465854,10.642005602518717,0.17338163130744413,0.09809989287773153,4.265574523514194,58
ddim5_cfg0.5_tts32,ddim,5,0.5,32,4,heuristic,12,118.93216105554909,5.4549838427266915,3.0864476622228483,1.6338325945536234,1.2461343400822298,0.7050668767590539,0.3162240261832873,0.14067356930362201,0.07959356464320543,0.19012690211335817,0.049447369184148104,0.02797748287100298,9.049151341120401,0.15372790541288553,0.08697975062064506,10.332886536916098,0.17998648423278932,0.10183694021984933,10.311496098836264,0.19002122037314867,0.10751462667949502,0.5173940236369768,0.1601420198469766,0.09060887750187789,0.03933388336251179,0.006992361336372089,0.003956300865829046,10.524170398712158,0.23786722773313404,0.13458605380385266,4.17790005528149,59
ddim10_cfg1.0_tts16,ddim,10,1.0,16,4,heuristic,12,116.50931986109946,5.106709164846905,2.88939271277754,2.627231778249825,2.4682723811402436,1.3965565692109454,0.27846790353457135,0.1361339152340438,0.07702501355408864,0.2291513296465079,0.06913749706869915,0.03911822149283621,8.997869809468588,0.19515978615340965,0.11042204396924765,10.264758904774984,0.23592918888450615,0.1334895050979165,10.227372407913208,0.24938110883223755,0.14110064530879773,0.6701666042208672,0.2326889704112886,0.13165617891032605,0.046763385801265635,0.011182893814803998,0.006327317819210168,10.385081688563028,0.3120507456566817,0.17655933036559449,4.160333595510742,60
ddim10_cfg0.5_tts16,ddim,10,0.5,16,4,heuristic,12,117.97689633333006,6.268499042343919,3.5467372173219296,1.6899820071858767,1.5324127657917708,0.8670441443827079,0.24035795591771603,0.12677083814880705,0.07172735397999606,0.23685247202714285,0.03960749731800735,0.022410051253709345,8.927503744761148,0.18353497039043323,0.1038446852694141,10.187763214111328,0.2172341669412242,0.12291180066548589,10.149079402287802,0.2277408200604329,0.1288564992920099,0.7131769756476084,0.19061558896748002,0.10785092237007138,0.04458670069773992,0.010300093682380959,0.00582782662299699,10.292201121648153,0.2707590627487875,0.1531963614082724,3.993934639039974,61
ddim10_cfg0.0_tts32,ddim,10,0.0,32,4,heuristic,12,122.86608280554547,5.172446660694107,2.926587202482309,2.223455518519559,1.9203463226540287,1.0865382169951792,0.28143569578727085,0.13333723051859098,0.07544264021424953,0.205929484218359,0.03556048233968109,0.020120236970301256,8.977947552998861,0.1464767038147482,0.08287699708990488,10.246108134587606,0.1703504112740534,0.09638481868952543,10.22250493367513,0.17242482162480466,0.0975585268364531,0.5450039207935333,0.1383410799013596,0.07827383452661284,0.04062921103710929,0.007128394886162718,0.004033269092287677,10.425105730692545,0.18504407997631536,0.10469854439854687,3.882355039464554,62
ddim10_cfg2.0_tts32,ddim,10,2.0,32,4,heuristic,12,230.36379169444857,6.250672129446309,3.536650691820879,4.812016666107343,3.2080054056008818,1.8150999287957348,0.44472952435414,0.17531886449874803,0.09919598574012427,0.15869475963215032,0.06184724064254654,0.03499337061293761,9.257756074269613,0.18502382275778578,0.1046870827981872,10.565499226252237,0.22324990753258236,0.1263155263262856,10.535797198613485,0.25163062935178715,0.14237343136075709,0.6013910124699274,0.3276757237592066,0.18539999397289772,0.041074301581829786,0.010502635165997842,0.005942425255483498,10.71858835220337,0.3491108869716944,0.19752807927873403,-1.1990403857106922,63
ddim10_cfg1.0_tts32,ddim,10,1.0,32,4,heuristic,12,231.46221316666995,8.760355286638742,4.956637613278886,4.428529972469508,4.074648210939645,2.3054492566102507,0.37739145134886104,0.1699149156679528,0.09613841385422062,0.18764853912095228,0.04836086257445869,0.0273627338850941,9.15105390548706,0.11864530046885848,0.06712989824050389,10.445691267649332,0.1433002070708884,0.0810797248647604,10.415842215220133,0.16248887316847752,0.09193673477085668,0.6165200198690096,0.24171135807325747,0.13676107529678952,0.03891098856305083,0.006444242499488124,0.003646173438966641,10.593738476435343,0.23766922604760518,0.13447402380394138,-1.3788870983519759,64
ddim10_cfg0.5_tts32,ddim,10,0.5,32,4,heuristic,12,231.53287755557196,10.810523732197193,6.11662961112759,3.587129095024085,2.671398720900094,1.5114861152120014,0.2949734553694725,0.12011899242092204,0.06796371795682585,0.17990470429261526,0.024710797247890933,0.013981449734100893,9.041025241216024,0.12290215881302442,0.06953844258519208,10.31783358256022,0.1441262181450245,0.08154708462644637,10.30005153020223,0.14765650018852922,0.08354452972881646,0.48913346976041794,0.13156259829070074,0.07443854750765422,0.040720356783519186,0.005907905069616318,0.0033427119706439415,10.522176424662272,0.1742976700829029,0.0986181906066588,-1.4538971155100429,65
