source_experiment,source_path,encoder,map,scheduler,ddim_steps,cfg_weight,run_index,seed,success,final_distance,steps,path_length,wall_time_s,latency_ms,stuck,fall,stabilizer_mode,exit_code,record_flags
20260414_003556_encoder_benchmark,results/benchmark/20260414_003556_encoder_benchmark/raw_results.json,efficientnet_b0,easy,ddim,2,0.0,0,NA,True,0.17990971465710254,44,4.723,13.391156435012817,NA,NA,NA,NA,0,missing_seed;missing_latency_ms;missing_stuck;missing_fall;missing_stabilizer_mode
20260414_003556_encoder_benchmark,results/benchmark/20260414_003556_encoder_benchmark/raw_results.json,efficientnet_b0,medium,ddim,2,0.0,0,NA,False,3.7534356240389948,49,3.855,12.438200950622559,NA,NA,NA,NA,1,missing_seed;missing_latency_ms;missing_stuck;missing_fall;missing_stabilizer_mode;nonzero_exit_code
20260414_003556_encoder_benchmark,results/benchmark/20260414_003556_encoder_benchmark/raw_results.json,efficientnet_b0,hard,ddim,2,0.0,0,NA,False,2.6834050575956665,49,5.172,13.587958574295044,NA,NA,NA,NA,1,missing_seed;missing_latency_ms;missing_stuck;missing_fall;missing_stabilizer_mode;nonzero_exit_code
20260414_003556_encoder_benchmark,results/benchmark/20260414_003556_encoder_benchmark/raw_results.json,dinov2_small,easy,ddim,2,0.0,0,NA,False,0.9845437718400335,49,4.486,14.600400924682617,NA,NA,NA,NA,1,missing_seed;missing_latency_ms;missing_stuck;missing_fall;missing_stabilizer_mode;nonzero_exit_code
20260414_003556_encoder_benchmark,results/benchmark/20260414_003556_encoder_benchmark/raw_results.json,dinov2_small,medium,ddim,2,0.0,0,NA,False,2.4178786044350944,49,4.845,16.553176879882812,NA,NA,NA,NA,1,missing_seed;missing_latency_ms;missing_stuck;missing_fall;missing_stabilizer_mode;nonzero_exit_code
20260414_003556_encoder_benchmark,results/benchmark/20260414_003556_encoder_benchmark/raw_results.json,dinov2_small,hard,ddim,2,0.0,0,NA,False,2.654129925272122,49,5.24,18.660681009292603,NA,NA,NA,NA,1,missing_seed;missing_latency_ms;missing_stuck;missing_fall;missing_stabilizer_mode;nonzero_exit_code
20260414_003556_encoder_benchmark,results/benchmark/20260414_003556_encoder_benchmark/raw_results.json,resnet50,easy,ddim,2,0.0,0,NA,False,2.6012173078028296,49,3.526,19.087387084960938,NA,NA,NA,NA,1,missing_seed;missing_latency_ms;missing_stuck;missing_fall;missing_stabilizer_mode;nonzero_exit_code
20260414_003556_encoder_benchmark,results/benchmark/20260414_003556_encoder_benchmark/raw_results.json,resnet50,medium,ddim,2,0.0,0,NA,False,4.753991698830047,49,3.327,18.738083362579346,NA,NA,NA,NA,1,missing_seed;missing_latency_ms;missing_stuck;missing_fall;missing_stabilizer_mode;nonzero_exit_code
20260414_003556_encoder_benchmark,results/benchmark/20260414_003556_encoder_benchmark/raw_results.json,resnet50,hard,ddim,2,0.0,0,NA,False,5.417319013577103,49,3.589,18.48874521255493,NA,NA,NA,NA,1,missing_seed;missing_latency_ms;missing_stuck;missing_fall;missing_stabilizer_mode;nonzero_exit_code
20260414_003556_encoder_benchmark,results/benchmark/20260414_003556_encoder_benchmark/raw_results.json,convnext_tiny,easy,ddim,2,0.0,0,NA,True,1.5708508446854528,37,3.737,17.77655816078186,NA,NA,NA,NA,0,missing_seed;missing_latency_ms;missing_stuck;missing_fall;missing_stabilizer_mode;success_final_distance_inconsistent
20260414_003556_encoder_benchmark,results/benchmark/20260414_003556_encoder_benchmark/raw_results.json,convnext_tiny,medium,ddim,2,0.0,0,NA,False,2.377712286386433,49,4.982,19.130464553833008,NA,NA,NA,NA,1,missing_seed;missing_latency_ms;missing_stuck;missing_fall;missing_stabilizer_mode;nonzero_exit_code
20260414_003556_encoder_benchmark,results/benchmark/20260414_003556_encoder_benchmark/raw_results.json,convnext_tiny,hard,ddim,2,0.0,0,NA,False,4.24502550485212,49,4.202,20.32734727859497,NA,NA,NA,NA,1,missing_seed;missing_latency_ms;missing_stuck;missing_fall;missing_stabilizer_mode;nonzero_exit_code
20260414_005304_encoder_benchmark,results/benchmark/20260414_005304_encoder_benchmark/raw_results.json,efficientnet_b0,easy,ddim,2,0.0,0,NA,True,0.275202171911851,44,4.767,7.627259016036987,NA,NA,NA,NA,0,missing_seed;missing_latency_ms;missing_stuck;missing_fall;missing_stabilizer_mode
20260414_005304_encoder_benchmark,results/benchmark/20260414_005304_encoder_benchmark/raw_results.json,efficientnet_b0,easy,ddim,2,0.0,1,NA,True,0.41667923418500236,44,4.7,5.947095155715942,NA,NA,NA,NA,0,missing_seed;missing_latency_ms;missing_stuck;missing_fall;missing_stabilizer_mode
20260414_005304_encoder_benchmark,results/benchmark/20260414_005304_encoder_benchmark/raw_results.json,efficientnet_b0,easy,ddim,2,0.0,2,NA,True,0.2756060911681746,42,4.622,5.685533761978149,NA,NA,NA,NA,0,missing_seed;missing_latency_ms;missing_stuck;missing_fall;missing_stabilizer_mode
20260414_005304_encoder_benchmark,results/benchmark/20260414_005304_encoder_benchmark/raw_results.json,efficientnet_b0,medium,ddim,2,0.0,0,NA,True,0.2906548355094062,84,7.718,7.206699848175049,NA,NA,NA,NA,0,missing_seed;missing_latency_ms;missing_stuck;missing_fall;missing_stabilizer_mode
20260414_005304_encoder_benchmark,results/benchmark/20260414_005304_encoder_benchmark/raw_results.json,efficientnet_b0,medium,ddim,2,0.0,1,NA,True,0.36208095244710126,63,6.768,6.603019714355469,NA,NA,NA,NA,0,missing_seed;missing_latency_ms;missing_stuck;missing_fall;missing_stabilizer_mode
20260414_005304_encoder_benchmark,results/benchmark/20260414_005304_encoder_benchmark/raw_results.json,efficientnet_b0,medium,ddim,2,0.0,2,NA,True,0.2567368658704863,85,7.72,7.556730270385742,NA,NA,NA,NA,0,missing_seed;missing_latency_ms;missing_stuck;missing_fall;missing_stabilizer_mode
20260414_005304_encoder_benchmark,results/benchmark/20260414_005304_encoder_benchmark/raw_results.json,efficientnet_b0,hard,ddim,2,0.0,0,NA,True,0.3313464615776063,71,7.661,7.949575901031494,NA,NA,NA,NA,0,missing_seed;missing_latency_ms;missing_stuck;missing_fall;missing_stabilizer_mode
20260414_005304_encoder_benchmark,results/benchmark/20260414_005304_encoder_benchmark/raw_results.json,efficientnet_b0,hard,ddim,2,0.0,1,NA,False,4.105126467376127,132,12.439,13.314664840698242,NA,NA,NA,NA,1,missing_seed;missing_latency_ms;missing_stuck;missing_fall;missing_stabilizer_mode;nonzero_exit_code
20260414_005304_encoder_benchmark,results/benchmark/20260414_005304_encoder_benchmark/raw_results.json,efficientnet_b0,hard,ddim,2,0.0,2,NA,True,0.3825819190095108,70,7.513,9.888295650482178,NA,NA,NA,NA,0,missing_seed;missing_latency_ms;missing_stuck;missing_fall;missing_stabilizer_mode
20260414_005304_encoder_benchmark,results/benchmark/20260414_005304_encoder_benchmark/raw_results.json,dinov2_small,easy,ddim,2,0.0,0,NA,False,1.5470510299437439,299,16.468,21.06678295135498,NA,NA,NA,NA,1,missing_seed;missing_latency_ms;missing_stuck;missing_fall;missing_stabilizer_mode;nonzero_exit_code
20260414_005304_encoder_benchmark,results/benchmark/20260414_005304_encoder_benchmark/raw_results.json,dinov2_small,easy,ddim,2,0.0,1,NA,False,1.7697720344160148,299,16.904,20.49110698699951,NA,NA,NA,NA,1,missing_seed;missing_latency_ms;missing_stuck;missing_fall;missing_stabilizer_mode;nonzero_exit_code
20260414_005304_encoder_benchmark,results/benchmark/20260414_005304_encoder_benchmark/raw_results.json,dinov2_small,easy,ddim,2,0.0,2,NA,False,1.6401426236937444,299,18.313,20.852624893188477,NA,NA,NA,NA,1,missing_seed;missing_latency_ms;missing_stuck;missing_fall;missing_stabilizer_mode;nonzero_exit_code
20260414_005304_encoder_benchmark,results/benchmark/20260414_005304_encoder_benchmark/raw_results.json,dinov2_small,medium,ddim,2,0.0,0,NA,False,2.9289635734836303,299,17.444,24.635425567626953,NA,NA,NA,NA,1,missing_seed;missing_latency_ms;missing_stuck;missing_fall;missing_stabilizer_mode;nonzero_exit_code
20260414_005304_encoder_benchmark,results/benchmark/20260414_005304_encoder_benchmark/raw_results.json,dinov2_small,medium,ddim,2,0.0,1,NA,False,2.7484002683344726,299,18.395,25.049545764923096,NA,NA,NA,NA,1,missing_seed;missing_latency_ms;missing_stuck;missing_fall;missing_stabilizer_mode;nonzero_exit_code
20260414_005304_encoder_benchmark,results/benchmark/20260414_005304_encoder_benchmark/raw_results.json,dinov2_small,medium,ddim,2,0.0,2,NA,False,2.5288185178104414,299,18.169,24.432132482528687,NA,NA,NA,NA,1,missing_seed;missing_latency_ms;missing_stuck;missing_fall;missing_stabilizer_mode;nonzero_exit_code
20260414_005304_encoder_benchmark,results/benchmark/20260414_005304_encoder_benchmark/raw_results.json,dinov2_small,hard,ddim,2,0.0,0,NA,False,4.483933656486234,180,15.446,18.757594347000122,NA,NA,NA,NA,1,missing_seed;missing_latency_ms;missing_stuck;missing_fall;missing_stabilizer_mode;nonzero_exit_code
20260414_005304_encoder_benchmark,results/benchmark/20260414_005304_encoder_benchmark/raw_results.json,dinov2_small,hard,ddim,2,0.0,1,NA,False,4.346408419596231,170,13.674,20.110989809036255,NA,NA,NA,NA,1,missing_seed;missing_latency_ms;missing_stuck;missing_fall;missing_stabilizer_mode;nonzero_exit_code
20260414_005304_encoder_benchmark,results/benchmark/20260414_005304_encoder_benchmark/raw_results.json,dinov2_small,hard,ddim,2,0.0,2,NA,False,2.6669125989422673,299,20.013,26.24251103401184,NA,NA,NA,NA,1,missing_seed;missing_latency_ms;missing_stuck;missing_fall;missing_stabilizer_mode;nonzero_exit_code
20260414_005304_encoder_benchmark,results/benchmark/20260414_005304_encoder_benchmark/raw_results.json,resnet50,easy,ddim,2,0.0,0,NA,False,6.721586316606073,299,16.32,23.983704328536987,NA,NA,NA,NA,1,missing_seed;missing_latency_ms;missing_stuck;missing_fall;missing_stabilizer_mode;nonzero_exit_code
20260414_005304_encoder_benchmark,results/benchmark/20260414_005304_encoder_benchmark/raw_results.json,resnet50,easy,ddim,2,0.0,1,NA,False,4.2728536866765054,299,18.964,23.89497208595276,NA,NA,NA,NA,1,missing_seed;missing_latency_ms;missing_stuck;missing_fall;missing_stabilizer_mode;nonzero_exit_code
20260414_005304_encoder_benchmark,results/benchmark/20260414_005304_encoder_benchmark/raw_results.json,resnet50,easy,ddim,2,0.0,2,NA,False,5.240962782776176,299,22.528,23.65980815887451,NA,NA,NA,NA,1,missing_seed;missing_latency_ms;missing_stuck;missing_fall;missing_stabilizer_mode;nonzero_exit_code
20260414_005304_encoder_benchmark,results/benchmark/20260414_005304_encoder_benchmark/raw_results.json,resnet50,medium,ddim,2,0.0,0,NA,False,1.2374198075612821,300,14.293,22.730610609054565,NA,NA,NA,NA,1,missing_seed;missing_latency_ms;missing_stuck;missing_fall;missing_stabilizer_mode;nonzero_exit_code
20260414_005304_encoder_benchmark,results/benchmark/20260414_005304_encoder_benchmark/raw_results.json,resnet50,medium,ddim,2,0.0,1,NA,False,0.8325576028720174,299,20.973,25.99675989151001,NA,NA,NA,NA,1,missing_seed;missing_latency_ms;missing_stuck;missing_fall;missing_stabilizer_mode;nonzero_exit_code
20260414_005304_encoder_benchmark,results/benchmark/20260414_005304_encoder_benchmark/raw_results.json,resnet50,medium,ddim,2,0.0,2,NA,False,8.699855001961412,299,17.098,24.357442140579224,NA,NA,NA,NA,1,missing_seed;missing_latency_ms;missing_stuck;missing_fall;missing_stabilizer_mode;nonzero_exit_code
20260414_005304_encoder_benchmark,results/benchmark/20260414_005304_encoder_benchmark/raw_results.json,resnet50,hard,ddim,2,0.0,0,NA,False,10.39524422785208,269,22.106,25.7366886138916,NA,NA,NA,NA,1,missing_seed;missing_latency_ms;missing_stuck;missing_fall;missing_stabilizer_mode;nonzero_exit_code
20260414_005304_encoder_benchmark,results/benchmark/20260414_005304_encoder_benchmark/raw_results.json,resnet50,hard,ddim,2,0.0,1,NA,False,2.157752682941213,299,20.955,24.812052488327026,NA,NA,NA,NA,1,missing_seed;missing_latency_ms;missing_stuck;missing_fall;missing_stabilizer_mode;nonzero_exit_code
20260414_005304_encoder_benchmark,results/benchmark/20260414_005304_encoder_benchmark/raw_results.json,resnet50,hard,ddim,2,0.0,2,NA,False,9.67927545222663,299,16.92,24.160486698150635,NA,NA,NA,NA,1,missing_seed;missing_latency_ms;missing_stuck;missing_fall;missing_stabilizer_mode;nonzero_exit_code
20260414_005304_encoder_benchmark,results/benchmark/20260414_005304_encoder_benchmark/raw_results.json,convnext_tiny,easy,ddim,2,0.0,0,NA,True,2.2609689013431833,211,14.819,15.839622735977173,NA,NA,NA,NA,0,missing_seed;missing_latency_ms;missing_stuck;missing_fall;missing_stabilizer_mode;success_final_distance_inconsistent
20260414_005304_encoder_benchmark,results/benchmark/20260414_005304_encoder_benchmark/raw_results.json,convnext_tiny,easy,ddim,2,0.0,1,NA,True,1.5600521732945343,36,3.68,7.686437129974365,NA,NA,NA,NA,0,missing_seed;missing_latency_ms;missing_stuck;missing_fall;missing_stabilizer_mode;success_final_distance_inconsistent
20260414_005304_encoder_benchmark,results/benchmark/20260414_005304_encoder_benchmark/raw_results.json,convnext_tiny,easy,ddim,2,0.0,2,NA,True,1.2792102275044552,92,8.298,10.948964595794678,NA,NA,NA,NA,0,missing_seed;missing_latency_ms;missing_stuck;missing_fall;missing_stabilizer_mode;success_final_distance_inconsistent
20260414_005304_encoder_benchmark,results/benchmark/20260414_005304_encoder_benchmark/raw_results.json,convnext_tiny,medium,ddim,2,0.0,0,NA,True,1.5951145664863702,58,6.022,8.87490725517273,NA,NA,NA,NA,0,missing_seed;missing_latency_ms;missing_stuck;missing_fall;missing_stabilizer_mode;success_final_distance_inconsistent
20260414_005304_encoder_benchmark,results/benchmark/20260414_005304_encoder_benchmark/raw_results.json,convnext_tiny,medium,ddim,2,0.0,1,NA,True,1.0897190623321222,258,15.084,16.858693838119507,NA,NA,NA,NA,0,missing_seed;missing_latency_ms;missing_stuck;missing_fall;missing_stabilizer_mode;success_final_distance_inconsistent
20260414_005304_encoder_benchmark,results/benchmark/20260414_005304_encoder_benchmark/raw_results.json,convnext_tiny,medium,ddim,2,0.0,2,NA,False,8.352658945058215,299,16.687,20.63181734085083,NA,NA,NA,NA,1,missing_seed;missing_latency_ms;missing_stuck;missing_fall;missing_stabilizer_mode;nonzero_exit_code
20260414_005304_encoder_benchmark,results/benchmark/20260414_005304_encoder_benchmark/raw_results.json,convnext_tiny,hard,ddim,2,0.0,0,NA,False,1.8543624114503618,299,22.154,24.554134368896484,NA,NA,NA,NA,1,missing_seed;missing_latency_ms;missing_stuck;missing_fall;missing_stabilizer_mode;nonzero_exit_code
20260414_005304_encoder_benchmark,results/benchmark/20260414_005304_encoder_benchmark/raw_results.json,convnext_tiny,hard,ddim,2,0.0,1,NA,False,2.846636207225118,299,19.961,21.961199045181274,NA,NA,NA,NA,1,missing_seed;missing_latency_ms;missing_stuck;missing_fall;missing_stabilizer_mode;nonzero_exit_code
20260414_005304_encoder_benchmark,results/benchmark/20260414_005304_encoder_benchmark/raw_results.json,convnext_tiny,hard,ddim,2,0.0,2,NA,False,4.597192135813772,147,14.796,15.443848371505737,NA,NA,NA,NA,1,missing_seed;missing_latency_ms;missing_stuck;missing_fall;missing_stabilizer_mode;nonzero_exit_code
20260421_seeded_mujoco_cfg_medium_ddim3,results/benchmark/20260421_seeded_mujoco_cfg_medium_ddim3/raw_results.json,efficientnet_b0,medium,ddim,3,0.0,0,NA,True,0.4874549606312364,68,6.321,8.680404901504517,NA,NA,NA,NA,0,missing_seed;missing_latency_ms;missing_stuck;missing_fall;missing_stabilizer_mode
20260421_seeded_mujoco_cfg_medium_ddim3,results/benchmark/20260421_seeded_mujoco_cfg_medium_ddim3/raw_results.json,efficientnet_b0,medium,ddim,3,0.0,1,NA,True,0.4874549606312364,68,6.321,7.311690807342529,NA,NA,NA,NA,0,missing_seed;missing_latency_ms;missing_stuck;missing_fall;missing_stabilizer_mode
20260421_seeded_mujoco_cfg_medium_ddim3,results/benchmark/20260421_seeded_mujoco_cfg_medium_ddim3/raw_results.json,efficientnet_b0,medium,ddim,3,0.0,2,NA,True,0.4874549606312364,68,6.321,7.156802415847778,NA,NA,NA,NA,0,missing_seed;missing_latency_ms;missing_stuck;missing_fall;missing_stabilizer_mode
20260421_seeded_mujoco_cfg_medium_ddim3,results/benchmark/20260421_seeded_mujoco_cfg_medium_ddim3/raw_results.json,efficientnet_b0,medium,ddim,3,0.5,0,NA,True,0.4874549606312364,68,6.321,8.707774639129639,NA,NA,NA,NA,0,missing_seed;missing_latency_ms;missing_stuck;missing_fall;missing_stabilizer_mode
20260421_seeded_mujoco_cfg_medium_ddim3,results/benchmark/20260421_seeded_mujoco_cfg_medium_ddim3/raw_results.json,efficientnet_b0,medium,ddim,3,0.5,1,NA,True,0.4874549606312364,68,6.321,8.66535496711731,NA,NA,NA,NA,0,missing_seed;missing_latency_ms;missing_stuck;missing_fall;missing_stabilizer_mode
20260421_seeded_mujoco_cfg_medium_ddim3,results/benchmark/20260421_seeded_mujoco_cfg_medium_ddim3/raw_results.json,efficientnet_b0,medium,ddim,3,0.5,2,NA,True,0.4874549606312364,68,6.321,8.728546619415283,NA,NA,NA,NA,0,missing_seed;missing_latency_ms;missing_stuck;missing_fall;missing_stabilizer_mode
20260421_seeded_mujoco_cfg_medium_ddim3,results/benchmark/20260421_seeded_mujoco_cfg_medium_ddim3/raw_results.json,efficientnet_b0,medium,ddim,3,1.0,0,NA,True,0.4874549606312364,68,6.321,9.383355140686035,NA,NA,NA,NA,0,missing_seed;missing_latency_ms;missing_stuck;missing_fall;missing_stabilizer_mode
20260421_seeded_mujoco_cfg_medium_ddim3,results/benchmark/20260421_seeded_mujoco_cfg_medium_ddim3/raw_results.json,efficientnet_b0,medium,ddim,3,1.0,1,NA,True,0.4874549606312364,68,6.321,9.107207775115967,NA,NA,NA,NA,0,missing_seed;missing_latency_ms;missing_stuck;missing_fall;missing_stabilizer_mode
20260421_seeded_mujoco_cfg_medium_ddim3,results/benchmark/20260421_seeded_mujoco_cfg_medium_ddim3/raw_results.json,efficientnet_b0,medium,ddim,3,1.0,2,NA,True,0.4874549606312364,68,6.321,8.87173867225647,NA,NA,NA,NA,0,missing_seed;missing_latency_ms;missing_stuck;missing_fall;missing_stabilizer_mode
20260421_seeded_mujoco_cfg_medium_ddim3,results/benchmark/20260421_seeded_mujoco_cfg_medium_ddim3/raw_results.json,efficientnet_b0,medium,ddim,3,2.0,0,NA,True,0.4874549606312364,68,6.321,8.957773208618164,NA,NA,NA,NA,0,missing_seed;missing_latency_ms;missing_stuck;missing_fall;missing_stabilizer_mode
20260421_seeded_mujoco_cfg_medium_ddim3,results/benchmark/20260421_seeded_mujoco_cfg_medium_ddim3/raw_results.json,efficientnet_b0,medium,ddim,3,2.0,1,NA,True,0.4874549606312364,68,6.321,9.548328161239624,NA,NA,NA,NA,0,missing_seed;missing_latency_ms;missing_stuck;missing_fall;missing_stabilizer_mode
20260421_seeded_mujoco_cfg_medium_ddim3,results/benchmark/20260421_seeded_mujoco_cfg_medium_ddim3/raw_results.json,efficientnet_b0,medium,ddim,3,2.0,2,NA,True,0.4874549606312364,68,6.321,9.239601850509644,NA,NA,NA,NA,0,missing_seed;missing_latency_ms;missing_stuck;missing_fall;missing_stabilizer_mode
20260421_seeded_mujoco_ddim10_medium_hard,results/benchmark/20260421_seeded_mujoco_ddim10_medium_hard/raw_results.json,efficientnet_b0,medium,ddim,10,0.0,0,NA,True,0.4874549606312364,68,6.321,9.406047344207764,NA,NA,NA,NA,0,missing_seed;missing_latency_ms;missing_stuck;missing_fall;missing_stabilizer_mode
20260421_seeded_mujoco_ddim10_medium_hard,results/benchmark/20260421_seeded_mujoco_ddim10_medium_hard/raw_results.json,efficientnet_b0,medium,ddim,10,0.0,1,NA,True,0.4874549606312364,68,6.321,9.701693296432495,NA,NA,NA,NA,0,missing_seed;missing_latency_ms;missing_stuck;missing_fall;missing_stabilizer_mode
20260421_seeded_mujoco_ddim10_medium_hard,results/benchmark/20260421_seeded_mujoco_ddim10_medium_hard/raw_results.json,efficientnet_b0,medium,ddim,10,0.0,2,NA,True,0.4874549606312364,68,6.321,10.537277221679688,NA,NA,NA,NA,0,missing_seed;missing_latency_ms;missing_stuck;missing_fall;missing_stabilizer_mode
20260421_seeded_mujoco_ddim10_medium_hard,results/benchmark/20260421_seeded_mujoco_ddim10_medium_hard/raw_results.json,efficientnet_b0,hard,ddim,10,0.0,0,NA,True,0.4748348452672784,110,8.442,12.649790525436401,NA,NA,NA,NA,0,missing_seed;missing_latency_ms;missing_stuck;missing_fall;missing_stabilizer_mode
20260421_seeded_mujoco_ddim10_medium_hard,results/benchmark/20260421_seeded_mujoco_ddim10_medium_hard/raw_results.json,efficientnet_b0,hard,ddim,10,0.0,1,NA,True,0.48795858603164305,140,9.591,13.49561595916748,NA,NA,NA,NA,0,missing_seed;missing_latency_ms;missing_stuck;missing_fall;missing_stabilizer_mode
20260421_seeded_mujoco_ddim10_medium_hard,results/benchmark/20260421_seeded_mujoco_ddim10_medium_hard/raw_results.json,efficientnet_b0,hard,ddim,10,0.0,2,NA,True,0.48435488464141646,140,9.604,14.441781997680664,NA,NA,NA,NA,0,missing_seed;missing_latency_ms;missing_stuck;missing_fall;missing_stabilizer_mode
20260421_seeded_mujoco_ddim2_medium_hard,results/benchmark/20260421_seeded_mujoco_ddim2_medium_hard/raw_results.json,efficientnet_b0,medium,ddim,2,0.0,0,NA,True,0.4874549606312364,68,6.321,8.44530701637268,NA,NA,NA,NA,0,missing_seed;missing_latency_ms;missing_stuck;missing_fall;missing_stabilizer_mode
20260421_seeded_mujoco_ddim2_medium_hard,results/benchmark/20260421_seeded_mujoco_ddim2_medium_hard/raw_results.json,efficientnet_b0,medium,ddim,2,0.0,1,NA,True,0.4874549606312364,68,6.321,7.138384819030762,NA,NA,NA,NA,0,missing_seed;missing_latency_ms;missing_stuck;missing_fall;missing_stabilizer_mode
20260421_seeded_mujoco_ddim2_medium_hard,results/benchmark/20260421_seeded_mujoco_ddim2_medium_hard/raw_results.json,efficientnet_b0,medium,ddim,2,0.0,2,NA,True,0.4874549606312364,68,6.321,7.000629901885986,NA,NA,NA,NA,0,missing_seed;missing_latency_ms;missing_stuck;missing_fall;missing_stabilizer_mode
20260421_seeded_mujoco_ddim2_medium_hard,results/benchmark/20260421_seeded_mujoco_ddim2_medium_hard/raw_results.json,efficientnet_b0,hard,ddim,2,0.0,0,NA,True,0.4748348452672784,110,8.442,8.756384372711182,NA,NA,NA,NA,0,missing_seed;missing_latency_ms;missing_stuck;missing_fall;missing_stabilizer_mode
20260421_seeded_mujoco_ddim2_medium_hard,results/benchmark/20260421_seeded_mujoco_ddim2_medium_hard/raw_results.json,efficientnet_b0,hard,ddim,2,0.0,1,NA,True,0.48795858603164305,140,9.591,10.728818416595459,NA,NA,NA,NA,0,missing_seed;missing_latency_ms;missing_stuck;missing_fall;missing_stabilizer_mode
20260421_seeded_mujoco_ddim2_medium_hard,results/benchmark/20260421_seeded_mujoco_ddim2_medium_hard/raw_results.json,efficientnet_b0,hard,ddim,2,0.0,2,NA,True,0.48435488464141646,140,9.604,10.546396255493164,NA,NA,NA,NA,0,missing_seed;missing_latency_ms;missing_stuck;missing_fall;missing_stabilizer_mode
20260421_seeded_mujoco_ddim3_medium_hard,results/benchmark/20260421_seeded_mujoco_ddim3_medium_hard/raw_results.json,efficientnet_b0,medium,ddim,3,0.0,0,NA,True,0.4874549606312364,68,6.321,7.827804088592529,NA,NA,NA,NA,0,missing_seed;missing_latency_ms;missing_stuck;missing_fall;missing_stabilizer_mode
20260421_seeded_mujoco_ddim3_medium_hard,results/benchmark/20260421_seeded_mujoco_ddim3_medium_hard/raw_results.json,efficientnet_b0,medium,ddim,3,0.0,1,NA,True,0.4874549606312364,68,6.321,8.184568643569946,NA,NA,NA,NA,0,missing_seed;missing_latency_ms;missing_stuck;missing_fall;missing_stabilizer_mode
20260421_seeded_mujoco_ddim3_medium_hard,results/benchmark/20260421_seeded_mujoco_ddim3_medium_hard/raw_results.json,efficientnet_b0,medium,ddim,3,0.0,2,NA,True,0.4874549606312364,68,6.321,7.5896995067596436,NA,NA,NA,NA,0,missing_seed;missing_latency_ms;missing_stuck;missing_fall;missing_stabilizer_mode
20260421_seeded_mujoco_ddim3_medium_hard,results/benchmark/20260421_seeded_mujoco_ddim3_medium_hard/raw_results.json,efficientnet_b0,hard,ddim,3,0.0,0,NA,True,0.4748348452672784,110,8.442,9.466274738311768,NA,NA,NA,NA,0,missing_seed;missing_latency_ms;missing_stuck;missing_fall;missing_stabilizer_mode
20260421_seeded_mujoco_ddim3_medium_hard,results/benchmark/20260421_seeded_mujoco_ddim3_medium_hard/raw_results.json,efficientnet_b0,hard,ddim,3,0.0,1,NA,True,0.48795858603164305,140,9.591,10.673251390457153,NA,NA,NA,NA,0,missing_seed;missing_latency_ms;missing_stuck;missing_fall;missing_stabilizer_mode
20260421_seeded_mujoco_ddim3_medium_hard,results/benchmark/20260421_seeded_mujoco_ddim3_medium_hard/raw_results.json,efficientnet_b0,hard,ddim,3,0.0,2,NA,True,0.48435488464141646,140,9.604,10.54541826248169,NA,NA,NA,NA,0,missing_seed;missing_latency_ms;missing_stuck;missing_fall;missing_stabilizer_mode
20260421_seeded_mujoco_ddim5_medium_hard,results/benchmark/20260421_seeded_mujoco_ddim5_medium_hard/raw_results.json,efficientnet_b0,medium,ddim,5,0.0,0,NA,True,0.4874549606312364,68,6.321,8.459237337112427,NA,NA,NA,NA,0,missing_seed;missing_latency_ms;missing_stuck;missing_fall;missing_stabilizer_mode
20260421_seeded_mujoco_ddim5_medium_hard,results/benchmark/20260421_seeded_mujoco_ddim5_medium_hard/raw_results.json,efficientnet_b0,medium,ddim,5,0.0,1,NA,True,0.4874549606312364,68,6.321,8.187995195388794,NA,NA,NA,NA,0,missing_seed;missing_latency_ms;missing_stuck;missing_fall;missing_stabilizer_mode
20260421_seeded_mujoco_ddim5_medium_hard,results/benchmark/20260421_seeded_mujoco_ddim5_medium_hard/raw_results.json,efficientnet_b0,medium,ddim,5,0.0,2,NA,True,0.4874549606312364,68,6.321,8.421018838882446,NA,NA,NA,NA,0,missing_seed;missing_latency_ms;missing_stuck;missing_fall;missing_stabilizer_mode
20260421_seeded_mujoco_ddim5_medium_hard,results/benchmark/20260421_seeded_mujoco_ddim5_medium_hard/raw_results.json,efficientnet_b0,hard,ddim,5,0.0,0,NA,True,0.4748348452672784,110,8.442,10.099962949752808,NA,NA,NA,NA,0,missing_seed;missing_latency_ms;missing_stuck;missing_fall;missing_stabilizer_mode
20260421_seeded_mujoco_ddim5_medium_hard,results/benchmark/20260421_seeded_mujoco_ddim5_medium_hard/raw_results.json,efficientnet_b0,hard,ddim,5,0.0,1,NA,True,0.48795858603164305,140,9.591,11.376120328903198,NA,NA,NA,NA,0,missing_seed;missing_latency_ms;missing_stuck;missing_fall;missing_stabilizer_mode
20260421_seeded_mujoco_ddim5_medium_hard,results/benchmark/20260421_seeded_mujoco_ddim5_medium_hard/raw_results.json,efficientnet_b0,hard,ddim,5,0.0,2,NA,True,0.48435488464141646,140,9.604,11.41802453994751,NA,NA,NA,NA,0,missing_seed;missing_latency_ms;missing_stuck;missing_fall;missing_stabilizer_mode
20260421_seeded_mujoco_encoder_benchmark,results/benchmark/20260421_seeded_mujoco_encoder_benchmark/raw_results.json,efficientnet_b0,easy,ddim,3,0.0,0,NA,True,0.46967422141842124,75,5.458,8.721113204956055,NA,NA,NA,NA,0,missing_seed;missing_latency_ms;missing_stuck;missing_fall;missing_stabilizer_mode
20260421_seeded_mujoco_encoder_benchmark,results/benchmark/20260421_seeded_mujoco_encoder_benchmark/raw_results.json,efficientnet_b0,easy,ddim,3,0.0,1,NA,True,0.44382543518933204,76,5.495,7.369075059890747,NA,NA,NA,NA,0,missing_seed;missing_latency_ms;missing_stuck;missing_fall;missing_stabilizer_mode
20260421_seeded_mujoco_encoder_benchmark,results/benchmark/20260421_seeded_mujoco_encoder_benchmark/raw_results.json,efficientnet_b0,easy,ddim,3,0.0,2,NA,True,0.44382543518933204,76,5.495,7.627209901809692,NA,NA,NA,NA,0,missing_seed;missing_latency_ms;missing_stuck;missing_fall;missing_stabilizer_mode
20260421_seeded_mujoco_encoder_benchmark,results/benchmark/20260421_seeded_mujoco_encoder_benchmark/raw_results.json,efficientnet_b0,medium,ddim,3,0.0,0,NA,True,0.4874549606312364,68,6.321,8.03464388847351,NA,NA,NA,NA,0,missing_seed;missing_latency_ms;missing_stuck;missing_fall;missing_stabilizer_mode
20260421_seeded_mujoco_encoder_benchmark,results/benchmark/20260421_seeded_mujoco_encoder_benchmark/raw_results.json,efficientnet_b0,medium,ddim,3,0.0,1,NA,True,0.4874549606312364,68,6.321,7.8717474937438965,NA,NA,NA,NA,0,missing_seed;missing_latency_ms;missing_stuck;missing_fall;missing_stabilizer_mode
20260421_seeded_mujoco_encoder_benchmark,results/benchmark/20260421_seeded_mujoco_encoder_benchmark/raw_results.json,efficientnet_b0,medium,ddim,3,0.0,2,NA,True,0.4874549606312364,68,6.321,7.799414873123169,NA,NA,NA,NA,0,missing_seed;missing_latency_ms;missing_stuck;missing_fall;missing_stabilizer_mode
20260421_seeded_mujoco_encoder_benchmark,results/benchmark/20260421_seeded_mujoco_encoder_benchmark/raw_results.json,efficientnet_b0,hard,ddim,3,0.0,0,NA,True,0.4748348452672784,110,8.442,9.427546977996826,NA,NA,NA,NA,0,missing_seed;missing_latency_ms;missing_stuck;missing_fall;missing_stabilizer_mode
20260421_seeded_mujoco_encoder_benchmark,results/benchmark/20260421_seeded_mujoco_encoder_benchmark/raw_results.json,efficientnet_b0,hard,ddim,3,0.0,1,NA,True,0.48795858603164305,140,9.591,10.872418880462646,NA,NA,NA,NA,0,missing_seed;missing_latency_ms;missing_stuck;missing_fall;missing_stabilizer_mode
20260421_seeded_mujoco_encoder_benchmark,results/benchmark/20260421_seeded_mujoco_encoder_benchmark/raw_results.json,efficientnet_b0,hard,ddim,3,0.0,2,NA,True,0.48435488464141646,140,9.604,10.476203918457031,NA,NA,NA,NA,0,missing_seed;missing_latency_ms;missing_stuck;missing_fall;missing_stabilizer_mode
20260421_seeded_mujoco_encoder_benchmark,results/benchmark/20260421_seeded_mujoco_encoder_benchmark/raw_results.json,dinov2_small,easy,ddim,3,0.0,0,NA,True,0.46967422141842124,75,5.458,9.860334873199463,NA,NA,NA,NA,0,missing_seed;missing_latency_ms;missing_stuck;missing_fall;missing_stabilizer_mode
20260421_seeded_mujoco_encoder_benchmark,results/benchmark/20260421_seeded_mujoco_encoder_benchmark/raw_results.json,dinov2_small,easy,ddim,3,0.0,1,NA,True,0.44382543518933204,76,5.495,9.627844095230103,NA,NA,NA,NA,0,missing_seed;missing_latency_ms;missing_stuck;missing_fall;missing_stabilizer_mode
20260421_seeded_mujoco_encoder_benchmark,results/benchmark/20260421_seeded_mujoco_encoder_benchmark/raw_results.json,dinov2_small,easy,ddim,3,0.0,2,NA,True,0.44382543518933204,76,5.495,9.995874881744385,NA,NA,NA,NA,0,missing_seed;missing_latency_ms;missing_stuck;missing_fall;missing_stabilizer_mode
20260421_seeded_mujoco_encoder_benchmark,results/benchmark/20260421_seeded_mujoco_encoder_benchmark/raw_results.json,dinov2_small,medium,ddim,3,0.0,0,NA,True,0.4874549606312364,68,6.321,10.180070638656616,NA,NA,NA,NA,0,missing_seed;missing_latency_ms;missing_stuck;missing_fall;missing_stabilizer_mode
20260421_seeded_mujoco_encoder_benchmark,results/benchmark/20260421_seeded_mujoco_encoder_benchmark/raw_results.json,dinov2_small,medium,ddim,3,0.0,1,NA,True,0.4874549606312364,68,6.321,10.209138631820679,NA,NA,NA,NA,0,missing_seed;missing_latency_ms;missing_stuck;missing_fall;missing_stabilizer_mode
20260421_seeded_mujoco_encoder_benchmark,results/benchmark/20260421_seeded_mujoco_encoder_benchmark/raw_results.json,dinov2_small,medium,ddim,3,0.0,2,NA,True,0.4874549606312364,68,6.321,10.3143789768219,NA,NA,NA,NA,0,missing_seed;missing_latency_ms;missing_stuck;missing_fall;missing_stabilizer_mode
20260421_seeded_mujoco_encoder_benchmark,results/benchmark/20260421_seeded_mujoco_encoder_benchmark/raw_results.json,dinov2_small,hard,ddim,3,0.0,0,NA,True,0.4748348452672784,110,8.442,12.082070589065552,NA,NA,NA,NA,0,missing_seed;missing_latency_ms;missing_stuck;missing_fall;missing_stabilizer_mode
20260421_seeded_mujoco_encoder_benchmark,results/benchmark/20260421_seeded_mujoco_encoder_benchmark/raw_results.json,dinov2_small,hard,ddim,3,0.0,1,NA,True,0.48795858603164305,140,9.591,13.51256537437439,NA,NA,NA,NA,0,missing_seed;missing_latency_ms;missing_stuck;missing_fall;missing_stabilizer_mode
20260421_seeded_mujoco_encoder_benchmark,results/benchmark/20260421_seeded_mujoco_encoder_benchmark/raw_results.json,dinov2_small,hard,ddim,3,0.0,2,NA,True,0.48435488464141646,140,9.604,13.225657224655151,NA,NA,NA,NA,0,missing_seed;missing_latency_ms;missing_stuck;missing_fall;missing_stabilizer_mode
20260421_seeded_mujoco_encoder_benchmark,results/benchmark/20260421_seeded_mujoco_encoder_benchmark/raw_results.json,convnext_tiny,easy,ddim,3,0.0,0,NA,True,0.46967422141842124,75,5.458,9.772908449172974,NA,NA,NA,NA,0,missing_seed;missing_latency_ms;missing_stuck;missing_fall;missing_stabilizer_mode
20260421_seeded_mujoco_encoder_benchmark,results/benchmark/20260421_seeded_mujoco_encoder_benchmark/raw_results.json,convnext_tiny,easy,ddim,3,0.0,1,NA,True,0.44382543518933204,76,5.495,9.935844421386719,NA,NA,NA,NA,0,missing_seed;missing_latency_ms;missing_stuck;missing_fall;missing_stabilizer_mode
20260421_seeded_mujoco_encoder_benchmark,results/benchmark/20260421_seeded_mujoco_encoder_benchmark/raw_results.json,convnext_tiny,easy,ddim,3,0.0,2,NA,True,0.44382543518933204,76,5.495,9.59327244758606,NA,NA,NA,NA,0,missing_seed;missing_latency_ms;missing_stuck;missing_fall;missing_stabilizer_mode
20260421_seeded_mujoco_encoder_benchmark,results/benchmark/20260421_seeded_mujoco_encoder_benchmark/raw_results.json,convnext_tiny,medium,ddim,3,0.0,0,NA,True,0.4874549606312364,68,6.321,9.880289554595947,NA,NA,NA,NA,0,missing_seed;missing_latency_ms;missing_stuck;missing_fall;missing_stabilizer_mode
20260421_seeded_mujoco_encoder_benchmark,results/benchmark/20260421_seeded_mujoco_encoder_benchmark/raw_results.json,convnext_tiny,medium,ddim,3,0.0,1,NA,True,0.4874549606312364,68,6.321,9.903449773788452,NA,NA,NA,NA,0,missing_seed;missing_latency_ms;missing_stuck;missing_fall;missing_stabilizer_mode
20260421_seeded_mujoco_encoder_benchmark,results/benchmark/20260421_seeded_mujoco_encoder_benchmark/raw_results.json,convnext_tiny,medium,ddim,3,0.0,2,NA,True,0.4874549606312364,68,6.321,10.383979797363281,NA,NA,NA,NA,0,missing_seed;missing_latency_ms;missing_stuck;missing_fall;missing_stabilizer_mode
20260421_seeded_mujoco_encoder_benchmark,results/benchmark/20260421_seeded_mujoco_encoder_benchmark/raw_results.json,convnext_tiny,hard,ddim,3,0.0,0,NA,True,0.4748348452672784,110,8.442,12.825298547744751,NA,NA,NA,NA,0,missing_seed;missing_latency_ms;missing_stuck;missing_fall;missing_stabilizer_mode
20260421_seeded_mujoco_encoder_benchmark,results/benchmark/20260421_seeded_mujoco_encoder_benchmark/raw_results.json,convnext_tiny,hard,ddim,3,0.0,1,NA,True,0.48795858603164305,140,9.591,13.922199726104736,NA,NA,NA,NA,0,missing_seed;missing_latency_ms;missing_stuck;missing_fall;missing_stabilizer_mode
20260421_seeded_mujoco_encoder_benchmark,results/benchmark/20260421_seeded_mujoco_encoder_benchmark/raw_results.json,convnext_tiny,hard,ddim,3,0.0,2,NA,True,0.48435488464141646,140,9.604,13.583866119384766,NA,NA,NA,NA,0,missing_seed;missing_latency_ms;missing_stuck;missing_fall;missing_stabilizer_mode
20260421_seeded_mujoco_encoder_benchmark,results/benchmark/20260421_seeded_mujoco_encoder_benchmark/raw_results.json,resnet50,easy,ddim,3,0.0,0,NA,True,0.46967422141842124,75,5.458,10.57793140411377,NA,NA,NA,NA,0,missing_seed;missing_latency_ms;missing_stuck;missing_fall;missing_stabilizer_mode
20260421_seeded_mujoco_encoder_benchmark,results/benchmark/20260421_seeded_mujoco_encoder_benchmark/raw_results.json,resnet50,easy,ddim,3,0.0,1,NA,True,0.44382543518933204,76,5.495,11.105535507202148,NA,NA,NA,NA,0,missing_seed;missing_latency_ms;missing_stuck;missing_fall;missing_stabilizer_mode
20260421_seeded_mujoco_encoder_benchmark,results/benchmark/20260421_seeded_mujoco_encoder_benchmark/raw_results.json,resnet50,easy,ddim,3,0.0,2,NA,True,0.44382543518933204,76,5.495,10.864079236984253,NA,NA,NA,NA,0,missing_seed;missing_latency_ms;missing_stuck;missing_fall;missing_stabilizer_mode
20260421_seeded_mujoco_encoder_benchmark,results/benchmark/20260421_seeded_mujoco_encoder_benchmark/raw_results.json,resnet50,medium,ddim,3,0.0,0,NA,True,0.4874549606312364,68,6.321,11.236730575561523,NA,NA,NA,NA,0,missing_seed;missing_latency_ms;missing_stuck;missing_fall;missing_stabilizer_mode
20260421_seeded_mujoco_encoder_benchmark,results/benchmark/20260421_seeded_mujoco_encoder_benchmark/raw_results.json,resnet50,medium,ddim,3,0.0,1,NA,True,0.4874549606312364,68,6.321,11.276493787765503,NA,NA,NA,NA,0,missing_seed;missing_latency_ms;missing_stuck;missing_fall;missing_stabilizer_mode
20260421_seeded_mujoco_encoder_benchmark,results/benchmark/20260421_seeded_mujoco_encoder_benchmark/raw_results.json,resnet50,medium,ddim,3,0.0,2,NA,True,0.4874549606312364,68,6.321,11.151991844177246,NA,NA,NA,NA,0,missing_seed;missing_latency_ms;missing_stuck;missing_fall;missing_stabilizer_mode
20260421_seeded_mujoco_encoder_benchmark,results/benchmark/20260421_seeded_mujoco_encoder_benchmark/raw_results.json,resnet50,hard,ddim,3,0.0,0,NA,True,0.4748348452672784,110,8.442,14.070903301239014,NA,NA,NA,NA,0,missing_seed;missing_latency_ms;missing_stuck;missing_fall;missing_stabilizer_mode
20260421_seeded_mujoco_encoder_benchmark,results/benchmark/20260421_seeded_mujoco_encoder_benchmark/raw_results.json,resnet50,hard,ddim,3,0.0,1,NA,True,0.48795858603164305,140,9.591,15.629319667816162,NA,NA,NA,NA,0,missing_seed;missing_latency_ms;missing_stuck;missing_fall;missing_stabilizer_mode
20260421_seeded_mujoco_encoder_benchmark,results/benchmark/20260421_seeded_mujoco_encoder_benchmark/raw_results.json,resnet50,hard,ddim,3,0.0,2,NA,True,0.48435488464141646,140,9.604,15.917542457580566,NA,NA,NA,NA,0,missing_seed;missing_latency_ms;missing_stuck;missing_fall;missing_stabilizer_mode
ddim_cfg_encoder_ablation,results/benchmark/ddim_cfg_encoder_ablation/raw_results.json,efficientnet_b0,easy,ddpm,10,0.0,0,NA,True,0.29769140607682987,44,4.773,11.494502782821655,NA,NA,NA,NA,0,missing_seed;missing_latency_ms;missing_stuck;missing_fall;missing_stabilizer_mode
ddim_cfg_encoder_ablation,results/benchmark/ddim_cfg_encoder_ablation/raw_results.json,efficientnet_b0,easy,ddpm,10,0.0,1,NA,True,0.3641238052778203,46,4.932,10.509746789932251,NA,NA,NA,NA,0,missing_seed;missing_latency_ms;missing_stuck;missing_fall;missing_stabilizer_mode
ddim_cfg_encoder_ablation,results/benchmark/ddim_cfg_encoder_ablation/raw_results.json,efficientnet_b0,easy,ddpm,10,0.0,2,NA,True,0.372178951813506,44,4.697,8.71607780456543,NA,NA,NA,NA,0,missing_seed;missing_latency_ms;missing_stuck;missing_fall;missing_stabilizer_mode
ddim_cfg_encoder_ablation,results/benchmark/ddim_cfg_encoder_ablation/raw_results.json,efficientnet_b0,easy,ddpm,10,0.5,0,NA,True,0.26426858928938207,44,4.652,12.020614624023438,NA,NA,NA,NA,0,missing_seed;missing_latency_ms;missing_stuck;missing_fall;missing_stabilizer_mode
ddim_cfg_encoder_ablation,results/benchmark/ddim_cfg_encoder_ablation/raw_results.json,efficientnet_b0,easy,ddpm,10,0.5,1,NA,True,0.21115884103678945,43,4.611,12.973987102508545,NA,NA,NA,NA,0,missing_seed;missing_latency_ms;missing_stuck;missing_fall;missing_stabilizer_mode
ddim_cfg_encoder_ablation,results/benchmark/ddim_cfg_encoder_ablation/raw_results.json,efficientnet_b0,easy,ddpm,10,0.5,2,NA,True,0.1921459121605244,43,4.653,12.378263473510742,NA,NA,NA,NA,0,missing_seed;missing_latency_ms;missing_stuck;missing_fall;missing_stabilizer_mode
ddim_cfg_encoder_ablation,results/benchmark/ddim_cfg_encoder_ablation/raw_results.json,efficientnet_b0,easy,ddpm,10,1.0,0,NA,True,0.18966170031137028,43,4.628,10.621564865112305,NA,NA,NA,NA,0,missing_seed;missing_latency_ms;missing_stuck;missing_fall;missing_stabilizer_mode
ddim_cfg_encoder_ablation,results/benchmark/ddim_cfg_encoder_ablation/raw_results.json,efficientnet_b0,easy,ddpm,10,1.0,1,NA,True,0.184447174890265,44,4.722,10.565008640289307,NA,NA,NA,NA,0,missing_seed;missing_latency_ms;missing_stuck;missing_fall;missing_stabilizer_mode
ddim_cfg_encoder_ablation,results/benchmark/ddim_cfg_encoder_ablation/raw_results.json,efficientnet_b0,easy,ddpm,10,1.0,2,NA,True,0.33232799690215703,44,4.68,10.385782241821289,NA,NA,NA,NA,0,missing_seed;missing_latency_ms;missing_stuck;missing_fall;missing_stabilizer_mode
ddim_cfg_encoder_ablation,results/benchmark/ddim_cfg_encoder_ablation/raw_results.json,efficientnet_b0,easy,ddim,2,0.0,0,NA,True,0.2690739283765708,43,4.63,7.497398853302002,NA,NA,NA,NA,0,missing_seed;missing_latency_ms;missing_stuck;missing_fall;missing_stabilizer_mode
ddim_cfg_encoder_ablation,results/benchmark/ddim_cfg_encoder_ablation/raw_results.json,efficientnet_b0,easy,ddim,2,0.0,1,NA,True,0.383684384503722,44,4.705,7.2528235912323,NA,NA,NA,NA,0,missing_seed;missing_latency_ms;missing_stuck;missing_fall;missing_stabilizer_mode
ddim_cfg_encoder_ablation,results/benchmark/ddim_cfg_encoder_ablation/raw_results.json,efficientnet_b0,easy,ddim,2,0.0,2,NA,True,0.295007912904044,43,4.619,7.193573236465454,NA,NA,NA,NA,0,missing_seed;missing_latency_ms;missing_stuck;missing_fall;missing_stabilizer_mode
ddim_cfg_encoder_ablation,results/benchmark/ddim_cfg_encoder_ablation/raw_results.json,efficientnet_b0,easy,ddim,2,0.5,0,NA,True,0.21445177002300553,43,4.663,8.066976308822632,NA,NA,NA,NA,0,missing_seed;missing_latency_ms;missing_stuck;missing_fall;missing_stabilizer_mode
ddim_cfg_encoder_ablation,results/benchmark/ddim_cfg_encoder_ablation/raw_results.json,efficientnet_b0,easy,ddim,2,0.5,1,NA,True,0.5276285329481338,47,5.042,8.371081590652466,NA,NA,NA,NA,0,missing_seed;missing_latency_ms;missing_stuck;missing_fall;missing_stabilizer_mode
ddim_cfg_encoder_ablation,results/benchmark/ddim_cfg_encoder_ablation/raw_results.json,efficientnet_b0,easy,ddim,2,0.5,2,NA,True,0.2502894951371311,45,4.811,8.654295921325684,NA,NA,NA,NA,0,missing_seed;missing_latency_ms;missing_stuck;missing_fall;missing_stabilizer_mode
ddim_cfg_encoder_ablation,results/benchmark/ddim_cfg_encoder_ablation/raw_results.json,efficientnet_b0,easy,ddim,2,1.0,0,NA,False,1.3414852969406708,299,25.227,24.36828589439392,NA,NA,NA,NA,1,missing_seed;missing_latency_ms;missing_stuck;missing_fall;missing_stabilizer_mode;nonzero_exit_code
ddim_cfg_encoder_ablation,results/benchmark/ddim_cfg_encoder_ablation/raw_results.json,efficientnet_b0,easy,ddim,2,1.0,1,NA,True,0.27583564075006717,46,4.941,8.813135862350464,NA,NA,NA,NA,0,missing_seed;missing_latency_ms;missing_stuck;missing_fall;missing_stabilizer_mode
ddim_cfg_encoder_ablation,results/benchmark/ddim_cfg_encoder_ablation/raw_results.json,efficientnet_b0,easy,ddim,2,1.0,2,NA,True,0.1912958708310245,44,4.722,8.805791854858398,NA,NA,NA,NA,0,missing_seed;missing_latency_ms;missing_stuck;missing_fall;missing_stabilizer_mode
ddim_cfg_encoder_ablation,results/benchmark/ddim_cfg_encoder_ablation/raw_results.json,efficientnet_b0,medium,ddpm,10,0.0,0,NA,True,0.22804521008782458,62,6.656,10.589454174041748,NA,NA,NA,NA,0,missing_seed;missing_latency_ms;missing_stuck;missing_fall;missing_stabilizer_mode
ddim_cfg_encoder_ablation,results/benchmark/ddim_cfg_encoder_ablation/raw_results.json,efficientnet_b0,medium,ddpm,10,0.0,1,NA,True,0.16718991209101083,63,6.714,10.670250654220581,NA,NA,NA,NA,0,missing_seed;missing_latency_ms;missing_stuck;missing_fall;missing_stabilizer_mode
ddim_cfg_encoder_ablation,results/benchmark/ddim_cfg_encoder_ablation/raw_results.json,efficientnet_b0,medium,ddpm,10,0.0,2,NA,True,0.30951576826552785,62,6.631,10.486697673797607,NA,NA,NA,NA,0,missing_seed;missing_latency_ms;missing_stuck;missing_fall;missing_stabilizer_mode
ddim_cfg_encoder_ablation,results/benchmark/ddim_cfg_encoder_ablation/raw_results.json,efficientnet_b0,medium,ddpm,10,0.5,0,NA,True,0.2440086477750325,62,6.647,13.059658527374268,NA,NA,NA,NA,0,missing_seed;missing_latency_ms;missing_stuck;missing_fall;missing_stabilizer_mode
ddim_cfg_encoder_ablation,results/benchmark/ddim_cfg_encoder_ablation/raw_results.json,efficientnet_b0,medium,ddpm,10,0.5,1,NA,True,0.28988984715060295,62,6.629,13.474112510681152,NA,NA,NA,NA,0,missing_seed;missing_latency_ms;missing_stuck;missing_fall;missing_stabilizer_mode
ddim_cfg_encoder_ablation,results/benchmark/ddim_cfg_encoder_ablation/raw_results.json,efficientnet_b0,medium,ddpm,10,0.5,2,NA,True,0.3095013114431017,61,6.566,13.279853105545044,NA,NA,NA,NA,0,missing_seed;missing_latency_ms;missing_stuck;missing_fall;missing_stabilizer_mode
ddim_cfg_encoder_ablation,results/benchmark/ddim_cfg_encoder_ablation/raw_results.json,efficientnet_b0,medium,ddpm,10,1.0,0,NA,True,0.1175242535351746,64,6.828,14.24843168258667,NA,NA,NA,NA,0,missing_seed;missing_latency_ms;missing_stuck;missing_fall;missing_stabilizer_mode
ddim_cfg_encoder_ablation,results/benchmark/ddim_cfg_encoder_ablation/raw_results.json,efficientnet_b0,medium,ddpm,10,1.0,1,NA,True,0.22759198859582033,62,6.712,13.182417392730713,NA,NA,NA,NA,0,missing_seed;missing_latency_ms;missing_stuck;missing_fall;missing_stabilizer_mode
ddim_cfg_encoder_ablation,results/benchmark/ddim_cfg_encoder_ablation/raw_results.json,efficientnet_b0,medium,ddpm,10,1.0,2,NA,True,0.2771265375239261,61,6.55,13.725624084472656,NA,NA,NA,NA,0,missing_seed;missing_latency_ms;missing_stuck;missing_fall;missing_stabilizer_mode
ddim_cfg_encoder_ablation,results/benchmark/ddim_cfg_encoder_ablation/raw_results.json,efficientnet_b0,medium,ddim,2,0.0,0,NA,True,0.693979271158008,68,7.317,9.418663024902344,NA,NA,NA,NA,0,missing_seed;missing_latency_ms;missing_stuck;missing_fall;missing_stabilizer_mode;success_final_distance_inconsistent
ddim_cfg_encoder_ablation,results/benchmark/ddim_cfg_encoder_ablation/raw_results.json,efficientnet_b0,medium,ddim,2,0.0,1,NA,True,0.23644370334183148,61,6.695,8.226986169815063,NA,NA,NA,NA,0,missing_seed;missing_latency_ms;missing_stuck;missing_fall;missing_stabilizer_mode
ddim_cfg_encoder_ablation,results/benchmark/ddim_cfg_encoder_ablation/raw_results.json,efficientnet_b0,medium,ddim,2,0.0,2,NA,True,0.31166023051554076,161,10.943,13.02900743484497,NA,NA,NA,NA,0,missing_seed;missing_latency_ms;missing_stuck;missing_fall;missing_stabilizer_mode
ddim_cfg_encoder_ablation,results/benchmark/ddim_cfg_encoder_ablation/raw_results.json,efficientnet_b0,medium,ddim,2,0.5,0,NA,True,0.4094009025026689,60,6.431,9.550976037979126,NA,NA,NA,NA,0,missing_seed;missing_latency_ms;missing_stuck;missing_fall;missing_stabilizer_mode
ddim_cfg_encoder_ablation,results/benchmark/ddim_cfg_encoder_ablation/raw_results.json,efficientnet_b0,medium,ddim,2,0.5,1,NA,True,0.32658936807250744,61,6.505,9.589696168899536,NA,NA,NA,NA,0,missing_seed;missing_latency_ms;missing_stuck;missing_fall;missing_stabilizer_mode
ddim_cfg_encoder_ablation,results/benchmark/ddim_cfg_encoder_ablation/raw_results.json,efficientnet_b0,medium,ddim,2,0.5,2,NA,True,0.3765440498879245,60,6.441,9.698203325271606,NA,NA,NA,NA,0,missing_seed;missing_latency_ms;missing_stuck;missing_fall;missing_stabilizer_mode
ddim_cfg_encoder_ablation,results/benchmark/ddim_cfg_encoder_ablation/raw_results.json,efficientnet_b0,medium,ddim,2,1.0,0,NA,True,0.04538814833191588,63,6.793,9.1671884059906,NA,NA,NA,NA,0,missing_seed;missing_latency_ms;missing_stuck;missing_fall;missing_stabilizer_mode
ddim_cfg_encoder_ablation,results/benchmark/ddim_cfg_encoder_ablation/raw_results.json,efficientnet_b0,medium,ddim,2,1.0,1,NA,True,0.27688957530575264,61,6.567,8.642401933670044,NA,NA,NA,NA,0,missing_seed;missing_latency_ms;missing_stuck;missing_fall;missing_stabilizer_mode
ddim_cfg_encoder_ablation,results/benchmark/ddim_cfg_encoder_ablation/raw_results.json,efficientnet_b0,medium,ddim,2,1.0,2,NA,True,0.34903177839560695,60,6.469,8.273595094680786,NA,NA,NA,NA,0,missing_seed;missing_latency_ms;missing_stuck;missing_fall;missing_stabilizer_mode
ddim_cfg_encoder_ablation,results/benchmark/ddim_cfg_encoder_ablation/raw_results.json,efficientnet_b0,hard,ddpm,10,0.0,0,NA,True,0.6204574062101283,261,23.755,21.639161109924316,NA,NA,NA,NA,0,missing_seed;missing_latency_ms;missing_stuck;missing_fall;missing_stabilizer_mode;success_final_distance_inconsistent
ddim_cfg_encoder_ablation,results/benchmark/ddim_cfg_encoder_ablation/raw_results.json,efficientnet_b0,hard,ddpm,10,0.0,1,NA,True,0.4706266579189924,69,7.483,9.512430906295776,NA,NA,NA,NA,0,missing_seed;missing_latency_ms;missing_stuck;missing_fall;missing_stabilizer_mode
ddim_cfg_encoder_ablation,results/benchmark/ddim_cfg_encoder_ablation/raw_results.json,efficientnet_b0,hard,ddpm,10,0.0,2,NA,True,0.3987324534697421,102,8.622,11.249863147735596,NA,NA,NA,NA,0,missing_seed;missing_latency_ms;missing_stuck;missing_fall;missing_stabilizer_mode
ddim_cfg_encoder_ablation,results/benchmark/ddim_cfg_encoder_ablation/raw_results.json,efficientnet_b0,hard,ddpm,10,0.5,0,NA,True,0.3752278915672451,75,8.091,12.641560316085815,NA,NA,NA,NA,0,missing_seed;missing_latency_ms;missing_stuck;missing_fall;missing_stabilizer_mode
ddim_cfg_encoder_ablation,results/benchmark/ddim_cfg_encoder_ablation/raw_results.json,efficientnet_b0,hard,ddpm,10,0.5,1,NA,True,0.35366873613877736,71,7.582,12.321638822555542,NA,NA,NA,NA,0,missing_seed;missing_latency_ms;missing_stuck;missing_fall;missing_stabilizer_mode
ddim_cfg_encoder_ablation,results/benchmark/ddim_cfg_encoder_ablation/raw_results.json,efficientnet_b0,hard,ddpm,10,0.5,2,NA,True,0.3365880412432979,70,7.552,12.027634143829346,NA,NA,NA,NA,0,missing_seed;missing_latency_ms;missing_stuck;missing_fall;missing_stabilizer_mode
ddim_cfg_encoder_ablation,results/benchmark/ddim_cfg_encoder_ablation/raw_results.json,efficientnet_b0,hard,ddpm,10,1.0,0,NA,True,0.36058653969470356,95,8.596,13.41990876197815,NA,NA,NA,NA,0,missing_seed;missing_latency_ms;missing_stuck;missing_fall;missing_stabilizer_mode
ddim_cfg_encoder_ablation,results/benchmark/ddim_cfg_encoder_ablation/raw_results.json,efficientnet_b0,hard,ddpm,10,1.0,1,NA,True,0.7221608005216013,67,7.203,11.846647024154663,NA,NA,NA,NA,0,missing_seed;missing_latency_ms;missing_stuck;missing_fall;missing_stabilizer_mode;success_final_distance_inconsistent
ddim_cfg_encoder_ablation,results/benchmark/ddim_cfg_encoder_ablation/raw_results.json,efficientnet_b0,hard,ddpm,10,1.0,2,NA,True,0.5584862128754838,68,7.29,12.366713047027588,NA,NA,NA,NA,0,missing_seed;missing_latency_ms;missing_stuck;missing_fall;missing_stabilizer_mode
ddim_cfg_encoder_ablation,results/benchmark/ddim_cfg_encoder_ablation/raw_results.json,efficientnet_b0,hard,ddim,2,0.0,0,NA,True,6.881649881349166,214,22.006,15.068974494934082,NA,NA,NA,NA,0,missing_seed;missing_latency_ms;missing_stuck;missing_fall;missing_stabilizer_mode;success_final_distance_inconsistent
ddim_cfg_encoder_ablation,results/benchmark/ddim_cfg_encoder_ablation/raw_results.json,efficientnet_b0,hard,ddim,2,0.0,1,NA,True,0.38967346761359045,73,7.879,8.123543500900269,NA,NA,NA,NA,0,missing_seed;missing_latency_ms;missing_stuck;missing_fall;missing_stabilizer_mode
ddim_cfg_encoder_ablation,results/benchmark/ddim_cfg_encoder_ablation/raw_results.json,efficientnet_b0,hard,ddim,2,0.0,2,NA,True,0.6164848404340535,77,8.32,8.102305173873901,NA,NA,NA,NA,0,missing_seed;missing_latency_ms;missing_stuck;missing_fall;missing_stabilizer_mode;success_final_distance_inconsistent
ddim_cfg_encoder_ablation,results/benchmark/ddim_cfg_encoder_ablation/raw_results.json,efficientnet_b0,hard,ddim,2,0.5,0,NA,True,0.3669612385048318,75,8.027,9.223965406417847,NA,NA,NA,NA,0,missing_seed;missing_latency_ms;missing_stuck;missing_fall;missing_stabilizer_mode
ddim_cfg_encoder_ablation,results/benchmark/ddim_cfg_encoder_ablation/raw_results.json,efficientnet_b0,hard,ddim,2,0.5,1,NA,True,0.49801525153854437,75,8.077,9.225668907165527,NA,NA,NA,NA,0,missing_seed;missing_latency_ms;missing_stuck;missing_fall;missing_stabilizer_mode
ddim_cfg_encoder_ablation,results/benchmark/ddim_cfg_encoder_ablation/raw_results.json,efficientnet_b0,hard,ddim,2,0.5,2,NA,True,0.38235817750899487,71,7.648,8.887874603271484,NA,NA,NA,NA,0,missing_seed;missing_latency_ms;missing_stuck;missing_fall;missing_stabilizer_mode
ddim_cfg_encoder_ablation,results/benchmark/ddim_cfg_encoder_ablation/raw_results.json,efficientnet_b0,hard,ddim,2,1.0,0,NA,True,0.32125644395249087,71,7.587,8.792772054672241,NA,NA,NA,NA,0,missing_seed;missing_latency_ms;missing_stuck;missing_fall;missing_stabilizer_mode
ddim_cfg_encoder_ablation,results/benchmark/ddim_cfg_encoder_ablation/raw_results.json,efficientnet_b0,hard,ddim,2,1.0,1,NA,True,0.36069376639609413,70,7.501,8.810641288757324,NA,NA,NA,NA,0,missing_seed;missing_latency_ms;missing_stuck;missing_fall;missing_stabilizer_mode
ddim_cfg_encoder_ablation,results/benchmark/ddim_cfg_encoder_ablation/raw_results.json,efficientnet_b0,hard,ddim,2,1.0,2,NA,True,0.4922698760324465,68,7.324,8.626169204711914,NA,NA,NA,NA,0,missing_seed;missing_latency_ms;missing_stuck;missing_fall;missing_stabilizer_mode
ddim_cfg_encoder_ablation,results/benchmark/ddim_cfg_encoder_ablation/raw_results.json,convnext_tiny,easy,ddpm,10,0.0,0,NA,False,2.420613749713077,130,10.03,13.880257606506348,NA,NA,NA,NA,1,missing_seed;missing_latency_ms;missing_stuck;missing_fall;missing_stabilizer_mode;nonzero_exit_code
ddim_cfg_encoder_ablation,results/benchmark/ddim_cfg_encoder_ablation/raw_results.json,convnext_tiny,easy,ddpm,10,0.0,1,NA,False,6.783456191624812,299,19.428,24.397735595703125,NA,NA,NA,NA,1,missing_seed;missing_latency_ms;missing_stuck;missing_fall;missing_stabilizer_mode;nonzero_exit_code
ddim_cfg_encoder_ablation,results/benchmark/ddim_cfg_encoder_ablation/raw_results.json,convnext_tiny,easy,ddpm,10,0.0,2,NA,False,1.5140662210227132,299,18.427,22.096536874771118,NA,NA,NA,NA,1,missing_seed;missing_latency_ms;missing_stuck;missing_fall;missing_stabilizer_mode;nonzero_exit_code
ddim_cfg_encoder_ablation,results/benchmark/ddim_cfg_encoder_ablation/raw_results.json,convnext_tiny,easy,ddpm,10,0.5,0,NA,True,1.2867264262215956,278,17.513,29.376988410949707,NA,NA,NA,NA,0,missing_seed;missing_latency_ms;missing_stuck;missing_fall;missing_stabilizer_mode;success_final_distance_inconsistent
ddim_cfg_encoder_ablation,results/benchmark/ddim_cfg_encoder_ablation/raw_results.json,convnext_tiny,easy,ddpm,10,0.5,1,NA,False,1.6865406461194468,299,18.621,32.73730278015137,NA,NA,NA,NA,1,missing_seed;missing_latency_ms;missing_stuck;missing_fall;missing_stabilizer_mode;nonzero_exit_code
ddim_cfg_encoder_ablation,results/benchmark/ddim_cfg_encoder_ablation/raw_results.json,convnext_tiny,easy,ddpm,10,0.5,2,NA,True,0.5588928281889113,259,19.58,31.119658708572388,NA,NA,NA,NA,0,missing_seed;missing_latency_ms;missing_stuck;missing_fall;missing_stabilizer_mode
ddim_cfg_encoder_ablation,results/benchmark/ddim_cfg_encoder_ablation/raw_results.json,convnext_tiny,easy,ddpm,10,1.0,0,NA,False,2.6949074331371756,249,15.444,25.76917266845703,NA,NA,NA,NA,1,missing_seed;missing_latency_ms;missing_stuck;missing_fall;missing_stabilizer_mode;nonzero_exit_code
ddim_cfg_encoder_ablation,results/benchmark/ddim_cfg_encoder_ablation/raw_results.json,convnext_tiny,easy,ddpm,10,1.0,1,NA,True,0.6695535648445166,59,5.998,12.860636711120605,NA,NA,NA,NA,0,missing_seed;missing_latency_ms;missing_stuck;missing_fall;missing_stabilizer_mode;success_final_distance_inconsistent
ddim_cfg_encoder_ablation,results/benchmark/ddim_cfg_encoder_ablation/raw_results.json,convnext_tiny,easy,ddpm,10,1.0,2,NA,True,1.73262196216024,35,3.442,9.654692649841309,NA,NA,NA,NA,0,missing_seed;missing_latency_ms;missing_stuck;missing_fall;missing_stabilizer_mode;success_final_distance_inconsistent
ddim_cfg_encoder_ablation,results/benchmark/ddim_cfg_encoder_ablation/raw_results.json,convnext_tiny,easy,ddim,2,0.0,0,NA,True,2.264258375858418,135,10.961,11.965217590332031,NA,NA,NA,NA,0,missing_seed;missing_latency_ms;missing_stuck;missing_fall;missing_stabilizer_mode;success_final_distance_inconsistent
ddim_cfg_encoder_ablation,results/benchmark/ddim_cfg_encoder_ablation/raw_results.json,convnext_tiny,easy,ddim,2,0.0,1,NA,True,0.30766601653253844,53,5.745,8.600963830947876,NA,NA,NA,NA,0,missing_seed;missing_latency_ms;missing_stuck;missing_fall;missing_stabilizer_mode
ddim_cfg_encoder_ablation,results/benchmark/ddim_cfg_encoder_ablation/raw_results.json,convnext_tiny,easy,ddim,2,0.0,2,NA,True,0.9213711884012874,272,21.37,18.991052627563477,NA,NA,NA,NA,0,missing_seed;missing_latency_ms;missing_stuck;missing_fall;missing_stabilizer_mode;success_final_distance_inconsistent
ddim_cfg_encoder_ablation,results/benchmark/ddim_cfg_encoder_ablation/raw_results.json,convnext_tiny,easy,ddim,2,0.5,0,NA,True,1.4464990137352323,39,3.863,8.385556936264038,NA,NA,NA,NA,0,missing_seed;missing_latency_ms;missing_stuck;missing_fall;missing_stabilizer_mode;success_final_distance_inconsistent
ddim_cfg_encoder_ablation,results/benchmark/ddim_cfg_encoder_ablation/raw_results.json,convnext_tiny,easy,ddim,2,0.5,1,NA,True,1.6422631448339817,37,3.57,8.24989652633667,NA,NA,NA,NA,0,missing_seed;missing_latency_ms;missing_stuck;missing_fall;missing_stabilizer_mode;success_final_distance_inconsistent
ddim_cfg_encoder_ablation,results/benchmark/ddim_cfg_encoder_ablation/raw_results.json,convnext_tiny,easy,ddim,2,0.5,2,NA,True,1.497738407891712,39,3.725,8.419373035430908,NA,NA,NA,NA,0,missing_seed;missing_latency_ms;missing_stuck;missing_fall;missing_stabilizer_mode;success_final_distance_inconsistent
ddim_cfg_encoder_ablation,results/benchmark/ddim_cfg_encoder_ablation/raw_results.json,convnext_tiny,easy,ddim,2,1.0,0,NA,True,3.0715515724796156,269,18.433,21.623088598251343,NA,NA,NA,NA,0,missing_seed;missing_latency_ms;missing_stuck;missing_fall;missing_stabilizer_mode;success_final_distance_inconsistent
ddim_cfg_encoder_ablation,results/benchmark/ddim_cfg_encoder_ablation/raw_results.json,convnext_tiny,easy,ddim,2,1.0,1,NA,True,1.224245379440331,123,9.156,14.71539855003357,NA,NA,NA,NA,0,missing_seed;missing_latency_ms;missing_stuck;missing_fall;missing_stabilizer_mode;success_final_distance_inconsistent
ddim_cfg_encoder_ablation,results/benchmark/ddim_cfg_encoder_ablation/raw_results.json,convnext_tiny,easy,ddim,2,1.0,2,NA,True,2.1429520111353404,199,14.35,17.591552734375,NA,NA,NA,NA,0,missing_seed;missing_latency_ms;missing_stuck;missing_fall;missing_stabilizer_mode;success_final_distance_inconsistent
ddim_cfg_encoder_ablation,results/benchmark/ddim_cfg_encoder_ablation/raw_results.json,convnext_tiny,medium,ddpm,10,0.0,0,NA,False,8.680149766879198,299,16.957,21.418436288833618,NA,NA,NA,NA,1,missing_seed;missing_latency_ms;missing_stuck;missing_fall;missing_stabilizer_mode;nonzero_exit_code
ddim_cfg_encoder_ablation,results/benchmark/ddim_cfg_encoder_ablation/raw_results.json,convnext_tiny,medium,ddpm,10,0.0,1,NA,False,3.8314284698144894,271,19.126,22.466988801956177,NA,NA,NA,NA,1,missing_seed;missing_latency_ms;missing_stuck;missing_fall;missing_stabilizer_mode;nonzero_exit_code
ddim_cfg_encoder_ablation,results/benchmark/ddim_cfg_encoder_ablation/raw_results.json,convnext_tiny,medium,ddpm,10,0.0,2,NA,False,8.688523308671734,299,27.195,29.894575595855713,NA,NA,NA,NA,1,missing_seed;missing_latency_ms;missing_stuck;missing_fall;missing_stabilizer_mode;nonzero_exit_code
ddim_cfg_encoder_ablation,results/benchmark/ddim_cfg_encoder_ablation/raw_results.json,convnext_tiny,medium,ddpm,10,0.5,0,NA,True,1.6082467634943336,85,7.008,14.115123987197876,NA,NA,NA,NA,0,missing_seed;missing_latency_ms;missing_stuck;missing_fall;missing_stabilizer_mode;success_final_distance_inconsistent
ddim_cfg_encoder_ablation,results/benchmark/ddim_cfg_encoder_ablation/raw_results.json,convnext_tiny,medium,ddpm,10,0.5,1,NA,False,2.460432625181189,299,19.042,30.85779047012329,NA,NA,NA,NA,1,missing_seed;missing_latency_ms;missing_stuck;missing_fall;missing_stabilizer_mode;nonzero_exit_code
ddim_cfg_encoder_ablation,results/benchmark/ddim_cfg_encoder_ablation/raw_results.json,convnext_tiny,medium,ddpm,10,0.5,2,NA,False,0.9001237596353071,299,22.206,40.395644187927246,NA,NA,NA,NA,1,missing_seed;missing_latency_ms;missing_stuck;missing_fall;missing_stabilizer_mode;nonzero_exit_code
ddim_cfg_encoder_ablation,results/benchmark/ddim_cfg_encoder_ablation/raw_results.json,convnext_tiny,medium,ddpm,10,1.0,0,NA,False,7.877451230120628,299,25.467,37.475388288497925,NA,NA,NA,NA,1,missing_seed;missing_latency_ms;missing_stuck;missing_fall;missing_stabilizer_mode;nonzero_exit_code
ddim_cfg_encoder_ablation,results/benchmark/ddim_cfg_encoder_ablation/raw_results.json,convnext_tiny,medium,ddpm,10,1.0,1,NA,True,2.8078544578957434,296,13.256,30.63064432144165,NA,NA,NA,NA,0,missing_seed;missing_latency_ms;missing_stuck;missing_fall;missing_stabilizer_mode;success_final_distance_inconsistent
ddim_cfg_encoder_ablation,results/benchmark/ddim_cfg_encoder_ablation/raw_results.json,convnext_tiny,medium,ddpm,10,1.0,2,NA,False,9.434440091068945,215,13.393,24.664582014083862,NA,NA,NA,NA,1,missing_seed;missing_latency_ms;missing_stuck;missing_fall;missing_stabilizer_mode;nonzero_exit_code
ddim_cfg_encoder_ablation,results/benchmark/ddim_cfg_encoder_ablation/raw_results.json,convnext_tiny,medium,ddim,2,0.0,0,NA,True,1.6748925249892905,58,5.76,8.960386276245117,NA,NA,NA,NA,0,missing_seed;missing_latency_ms;missing_stuck;missing_fall;missing_stabilizer_mode;success_final_distance_inconsistent
ddim_cfg_encoder_ablation,results/benchmark/ddim_cfg_encoder_ablation/raw_results.json,convnext_tiny,medium,ddim,2,0.0,1,NA,False,2.635752156644854,299,22.095,20.8025484085083,NA,NA,NA,NA,1,missing_seed;missing_latency_ms;missing_stuck;missing_fall;missing_stabilizer_mode;nonzero_exit_code
ddim_cfg_encoder_ablation,results/benchmark/ddim_cfg_encoder_ablation/raw_results.json,convnext_tiny,medium,ddim,2,0.0,2,NA,False,7.60569766392078,299,25.385,20.874411821365356,NA,NA,NA,NA,1,missing_seed;missing_latency_ms;missing_stuck;missing_fall;missing_stabilizer_mode;nonzero_exit_code
ddim_cfg_encoder_ablation,results/benchmark/ddim_cfg_encoder_ablation/raw_results.json,convnext_tiny,medium,ddim,2,0.5,0,NA,True,1.6603675982107096,255,22.903,24.35977268218994,NA,NA,NA,NA,0,missing_seed;missing_latency_ms;missing_stuck;missing_fall;missing_stabilizer_mode;success_final_distance_inconsistent
ddim_cfg_encoder_ablation,results/benchmark/ddim_cfg_encoder_ablation/raw_results.json,convnext_tiny,medium,ddim,2,0.5,1,NA,False,3.280416263125459,207,16.77,18.349838733673096,NA,NA,NA,NA,1,missing_seed;missing_latency_ms;missing_stuck;missing_fall;missing_stabilizer_mode;nonzero_exit_code
ddim_cfg_encoder_ablation,results/benchmark/ddim_cfg_encoder_ablation/raw_results.json,convnext_tiny,medium,ddim,2,0.5,2,NA,True,1.5191637132857008,56,5.949,9.840683460235596,NA,NA,NA,NA,0,missing_seed;missing_latency_ms;missing_stuck;missing_fall;missing_stabilizer_mode;success_final_distance_inconsistent
ddim_cfg_encoder_ablation,results/benchmark/ddim_cfg_encoder_ablation/raw_results.json,convnext_tiny,medium,ddim,2,1.0,0,NA,False,3.6476774289517437,148,13.751,16.70120143890381,NA,NA,NA,NA,1,missing_seed;missing_latency_ms;missing_stuck;missing_fall;missing_stabilizer_mode;nonzero_exit_code
ddim_cfg_encoder_ablation,results/benchmark/ddim_cfg_encoder_ablation/raw_results.json,convnext_tiny,medium,ddim,2,1.0,1,NA,False,2.855986842590491,299,25.378,26.82148551940918,NA,NA,NA,NA,1,missing_seed;missing_latency_ms;missing_stuck;missing_fall;missing_stabilizer_mode;nonzero_exit_code
ddim_cfg_encoder_ablation,results/benchmark/ddim_cfg_encoder_ablation/raw_results.json,convnext_tiny,medium,ddim,2,1.0,2,NA,False,3.916961628232015,104,11.718,14.291068315505981,NA,NA,NA,NA,1,missing_seed;missing_latency_ms;missing_stuck;missing_fall;missing_stabilizer_mode;nonzero_exit_code
ddim_cfg_encoder_ablation,results/benchmark/ddim_cfg_encoder_ablation/raw_results.json,convnext_tiny,hard,ddpm,10,0.0,0,NA,False,8.229663824676498,299,15.856,26.95575785636902,NA,NA,NA,NA,1,missing_seed;missing_latency_ms;missing_stuck;missing_fall;missing_stabilizer_mode;nonzero_exit_code
ddim_cfg_encoder_ablation,results/benchmark/ddim_cfg_encoder_ablation/raw_results.json,convnext_tiny,hard,ddpm,10,0.0,1,NA,False,10.55354279153522,192,12.916,17.480934858322144,NA,NA,NA,NA,1,missing_seed;missing_latency_ms;missing_stuck;missing_fall;missing_stabilizer_mode;nonzero_exit_code
ddim_cfg_encoder_ablation,results/benchmark/ddim_cfg_encoder_ablation/raw_results.json,convnext_tiny,hard,ddpm,10,0.0,2,NA,False,12.828904989174447,240,19.078,22.21174645423889,NA,NA,NA,NA,1,missing_seed;missing_latency_ms;missing_stuck;missing_fall;missing_stabilizer_mode;nonzero_exit_code
ddim_cfg_encoder_ablation,results/benchmark/ddim_cfg_encoder_ablation/raw_results.json,convnext_tiny,hard,ddpm,10,0.5,0,NA,False,9.676470893835882,299,18.244,30.765738248825073,NA,NA,NA,NA,1,missing_seed;missing_latency_ms;missing_stuck;missing_fall;missing_stabilizer_mode;nonzero_exit_code
ddim_cfg_encoder_ablation,results/benchmark/ddim_cfg_encoder_ablation/raw_results.json,convnext_tiny,hard,ddpm,10,0.5,1,NA,False,6.613244755208142,299,13.965,30.09434151649475,NA,NA,NA,NA,1,missing_seed;missing_latency_ms;missing_stuck;missing_fall;missing_stabilizer_mode;nonzero_exit_code
ddim_cfg_encoder_ablation,results/benchmark/ddim_cfg_encoder_ablation/raw_results.json,convnext_tiny,hard,ddpm,10,0.5,2,NA,False,8.632893055024196,299,16.683,30.933754444122314,NA,NA,NA,NA,1,missing_seed;missing_latency_ms;missing_stuck;missing_fall;missing_stabilizer_mode;nonzero_exit_code
ddim_cfg_encoder_ablation,results/benchmark/ddim_cfg_encoder_ablation/raw_results.json,convnext_tiny,hard,ddpm,10,1.0,0,NA,False,9.366049394523445,300,15.28,30.991332054138184,NA,NA,NA,NA,1,missing_seed;missing_latency_ms;missing_stuck;missing_fall;missing_stabilizer_mode;nonzero_exit_code
ddim_cfg_encoder_ablation,results/benchmark/ddim_cfg_encoder_ablation/raw_results.json,convnext_tiny,hard,ddpm,10,1.0,1,NA,False,3.7499801936596944,299,23.638,36.50698161125183,NA,NA,NA,NA,1,missing_seed;missing_latency_ms;missing_stuck;missing_fall;missing_stabilizer_mode;nonzero_exit_code
ddim_cfg_encoder_ablation,results/benchmark/ddim_cfg_encoder_ablation/raw_results.json,convnext_tiny,hard,ddpm,10,1.0,2,NA,False,2.7119012177916804,299,22.965,39.61314105987549,NA,NA,NA,NA,1,missing_seed;missing_latency_ms;missing_stuck;missing_fall;missing_stabilizer_mode;nonzero_exit_code
ddim_cfg_encoder_ablation,results/benchmark/ddim_cfg_encoder_ablation/raw_results.json,convnext_tiny,hard,ddim,2,0.0,0,NA,False,4.151913669909817,299,25.666,26.166724920272827,NA,NA,NA,NA,1,missing_seed;missing_latency_ms;missing_stuck;missing_fall;missing_stabilizer_mode;nonzero_exit_code
ddim_cfg_encoder_ablation,results/benchmark/ddim_cfg_encoder_ablation/raw_results.json,convnext_tiny,hard,ddim,2,0.0,1,NA,False,0.6529433863728153,299,23.261,24.935763597488403,NA,NA,NA,NA,1,missing_seed;missing_latency_ms;missing_stuck;missing_fall;missing_stabilizer_mode;nonzero_exit_code
ddim_cfg_encoder_ablation,results/benchmark/ddim_cfg_encoder_ablation/raw_results.json,convnext_tiny,hard,ddim,2,0.0,2,NA,False,4.51467222813185,299,16.808,21.09515380859375,NA,NA,NA,NA,1,missing_seed;missing_latency_ms;missing_stuck;missing_fall;missing_stabilizer_mode;nonzero_exit_code
ddim_cfg_encoder_ablation,results/benchmark/ddim_cfg_encoder_ablation/raw_results.json,convnext_tiny,hard,ddim,2,0.5,0,NA,False,10.199110298612718,174,11.115,17.978798627853394,NA,NA,NA,NA,1,missing_seed;missing_latency_ms;missing_stuck;missing_fall;missing_stabilizer_mode;nonzero_exit_code
ddim_cfg_encoder_ablation,results/benchmark/ddim_cfg_encoder_ablation/raw_results.json,convnext_tiny,hard,ddim,2,0.5,1,NA,False,9.649415642303994,299,16.387,24.999847888946533,NA,NA,NA,NA,1,missing_seed;missing_latency_ms;missing_stuck;missing_fall;missing_stabilizer_mode;nonzero_exit_code
ddim_cfg_encoder_ablation,results/benchmark/ddim_cfg_encoder_ablation/raw_results.json,convnext_tiny,hard,ddim,2,0.5,2,NA,False,7.965641771930872,299,26.718,30.110494136810303,NA,NA,NA,NA,1,missing_seed;missing_latency_ms;missing_stuck;missing_fall;missing_stabilizer_mode;nonzero_exit_code
ddim_cfg_encoder_ablation,results/benchmark/ddim_cfg_encoder_ablation/raw_results.json,convnext_tiny,hard,ddim,2,1.0,0,NA,False,4.408248810483592,169,15.614,19.50786590576172,NA,NA,NA,NA,1,missing_seed;missing_latency_ms;missing_stuck;missing_fall;missing_stabilizer_mode;nonzero_exit_code
ddim_cfg_encoder_ablation,results/benchmark/ddim_cfg_encoder_ablation/raw_results.json,convnext_tiny,hard,ddim,2,1.0,1,NA,False,2.799965238807797,299,24.517,29.88987398147583,NA,NA,NA,NA,1,missing_seed;missing_latency_ms;missing_stuck;missing_fall;missing_stabilizer_mode;nonzero_exit_code
ddim_cfg_encoder_ablation,results/benchmark/ddim_cfg_encoder_ablation/raw_results.json,convnext_tiny,hard,ddim,2,1.0,2,NA,False,1.4996312243014944,299,15.353,24.172964811325073,NA,NA,NA,NA,1,missing_seed;missing_latency_ms;missing_stuck;missing_fall;missing_stabilizer_mode;nonzero_exit_code
