dataset_name,suite_name,traj_name,guidance_scale,latency_ms,latency_std_ms,shift_vs_w0,diversity,path_length_mean,endpoint_norm_mean,forward_progress_mean,lateral_abs_mean,smoothness_mean
go_stanford,short,no27vc_26_0,0.0,37.686951749975606,22.120591559257857,0.0,0.18844816088676453,9.530659675598145,10.85106086730957,10.693901062011719,1.7378746271133423,0.04916995018720627
go_stanford,short,no27vc_26_0,-1.0,29.682428500024116,1.6734129562974203,0.018136585131287575,0.17618116736412048,9.514342308044434,10.845191955566406,10.735490798950195,1.4346168041229248,0.045417267829179764
go_stanford,short,no27vc_26_0,0.5,55.87531850000005,2.074667309435062,0.013088231906294823,0.19018396735191345,9.559873580932617,10.871076583862305,10.666197776794434,2.0179200172424316,0.05262099206447601
go_stanford,short,no27vc_26_0,1.0,53.62304037501531,0.8827100815807931,0.024014893919229507,0.1934409737586975,9.549460411071777,10.85728645324707,10.641340255737305,2.0796852111816406,0.0549994558095932
go_stanford,short,no27vc_26_0,2.0,52.7679107499921,0.8503358281620412,0.12024172395467758,0.22008171677589417,9.593658447265625,10.886687278747559,10.556737899780273,2.555722236633301,0.06120704859495163
go_stanford,short,no27vc_26_0,4.0,52.106371249976746,1.242924113086241,0.39713650941848755,0.224895179271698,9.678153991699219,10.933392524719238,10.441855430603027,3.15720796585083,0.0770772248506546
go_stanford,short,no15vcF_7_0,0.0,28.106212125010188,0.9592830475330673,0.0,0.13760130107402802,9.419332504272461,10.56059455871582,10.351031303405762,2.0540671348571777,0.12634727358818054
go_stanford,short,no15vcF_7_0,-1.0,27.69615037504991,0.6053105945280981,0.0002503953583072871,0.1378692388534546,9.408903121948242,10.536484718322754,10.31903076171875,2.0891730785369873,0.1293511986732483
go_stanford,short,no15vcF_7_0,0.5,52.121164375051876,0.8083502810128415,0.0005726927192881703,0.11317533254623413,9.440600395202637,10.59667682647705,10.39836311340332,2.01098370552063,0.12455298006534576
go_stanford,short,no15vcF_7_0,1.0,50.928215500050555,0.8700086955270873,0.0005136948311701417,0.12819784879684448,9.459213256835938,10.612975120544434,10.400418281555176,2.0679407119750977,0.12428306043148041
go_stanford,short,no15vcF_7_0,2.0,51.2191623750482,1.0312816330963108,0.0017583775334060192,0.13680121302604675,9.474638938903809,10.648324966430664,10.451096534729004,1.9924335479736328,0.11993366479873657
go_stanford,short,no15vcF_7_0,4.0,52.12522650001006,0.9279871134748139,0.002992806024849415,0.12794438004493713,9.4923734664917,10.683256149291992,10.487935066223145,1.9986612796783447,0.11761384457349777
go_stanford,short,no4vc_116_0,0.0,27.54759337497603,0.7381223555602983,0.0,0.2473030984401703,8.597539901733398,9.445038795471191,8.062320709228516,4.881186485290527,0.11807151138782501
go_stanford,short,no4vc_116_0,-1.0,27.555824625011383,0.20004960343639236,0.003608380677178502,0.26348915696144104,8.613199234008789,9.443535804748535,7.974384307861328,5.015514850616455,0.12216341495513916
go_stanford,short,no4vc_116_0,0.5,52.00966924996919,0.6476000209091797,0.0008621378801763058,0.2365732192993164,8.57756233215332,9.408772468566895,8.020772933959961,4.885236740112305,0.11994672566652298
go_stanford,short,no4vc_116_0,1.0,53.558728750005,1.72976924627579,0.0016307522309944034,0.19695007801055908,8.585607528686523,9.440871238708496,8.11904525756836,4.794946670532227,0.11655977368354797
go_stanford,short,no4vc_116_0,2.0,54.58004012498918,0.6352782233032147,0.006490195635706186,0.18692825734615326,8.509255409240723,9.367910385131836,8.105894088745117,4.675871849060059,0.11200287193059921
go_stanford,short,no4vc_116_0,4.0,53.36180512492206,1.8593474025285042,0.04872913658618927,0.17923322319984436,8.512168884277344,9.401644706726074,8.316520690917969,4.364232063293457,0.10394582152366638
go_stanford,short,sim3h_1_10,0.0,28.280285500045466,1.090951413648857,0.0,0.22096818685531616,6.334994316101074,7.42644739151001,7.379147529602051,0.7255963087081909,0.09548752754926682
go_stanford,short,sim3h_1_10,-1.0,27.794002000007367,0.7371975299962376,0.002170857274904847,0.23565930128097534,6.314460754394531,7.403599739074707,7.34403133392334,0.8128846883773804,0.10240047425031662
go_stanford,short,sim3h_1_10,0.5,52.56010012502088,1.2789432249135229,0.0014482028782367706,0.20102806389331818,6.407569885253906,7.511679649353027,7.476442337036133,0.6645134687423706,0.08984491229057312
go_stanford,short,sim3h_1_10,1.0,52.63555787502128,1.057242873598049,0.003127815667539835,0.20051810145378113,6.438965797424316,7.535077095031738,7.501888275146484,0.6298661231994629,0.08635352551937103
go_stanford,short,sim3h_1_10,2.0,52.15778412500072,0.9932212885648385,0.007375141605734825,0.2115611433982849,6.2430877685546875,7.329546928405762,7.301040172576904,0.5619795322418213,0.08819815516471863
go_stanford,short,sim3h_1_10,4.0,52.70708412498948,0.6597764058880247,0.023566443473100662,0.17900285124778748,6.474861145019531,7.567316055297852,7.551870346069336,0.4267091751098633,0.0706525444984436
go_stanford,short,sim26h_4_6,0.0,27.317759749990955,0.7611178226784798,0.0,0.21814218163490295,8.707258224487305,9.576601028442383,9.023127555847168,3.1600818634033203,0.16246189177036285
go_stanford,short,sim26h_4_6,-1.0,27.81893575001959,0.8276249392906301,0.028816379606723785,0.23634643852710724,8.711296081542969,9.655191421508789,9.230451583862305,2.761725902557373,0.1515635848045349
go_stanford,short,sim26h_4_6,0.5,52.036840874990276,0.9839053207941089,0.00537450797855854,0.21650730073451996,8.659235954284668,9.483770370483398,8.876153945922852,3.2932212352752686,0.16698922216892242
go_stanford,short,sim26h_4_6,1.0,51.864710500098,1.1283740249182148,0.021029941737651825,0.19237031042575836,8.683328628540039,9.50023078918457,8.83187484741211,3.4661364555358887,0.16813203692436218
go_stanford,short,sim26h_4_6,2.0,51.32402187504681,1.063994838104464,0.09154033660888672,0.18502235412597656,8.717144012451172,9.44366455078125,8.621042251586914,3.8318793773651123,0.1786704957485199
go_stanford,short,sim26h_4_6,4.0,52.03801562498711,1.8479262363292108,0.3183508515357971,0.13327552378177643,8.773496627807617,9.387002944946289,8.282373428344727,4.409878253936768,0.19296902418136597
go_stanford,short,sim8hF_0_12,0.0,27.34434962502519,0.83060935641106,0.0,0.3245767652988434,7.835065841674805,8.291787147521973,5.760899543762207,5.910101413726807,0.16237257421016693
go_stanford,short,sim8hF_0_12,-1.0,27.713118249977242,0.5654038312021408,0.007845956832170486,0.3172653615474701,7.846935272216797,8.336079597473145,5.939475059509277,5.797908782958984,0.16263353824615479
go_stanford,short,sim8hF_0_12,0.5,51.604302125070944,0.9823561805254907,0.00013663258869200945,0.3317927122116089,7.835112571716309,8.276108741760254,5.723453998565674,5.924882411956787,0.16599570214748383
go_stanford,short,sim8hF_0_12,1.0,52.088878375030845,0.9326215176653604,0.00929562933743,0.3615339696407318,7.846145153045654,8.278268814086914,5.583849906921387,6.04521369934082,0.16144448518753052
go_stanford,short,sim8hF_0_12,2.0,52.43307199998526,0.5862304399549,0.018220260739326477,0.36544179916381836,7.791162490844727,8.231449127197266,5.523064613342285,6.04733943939209,0.16007646918296814
go_stanford,short,sim8hF_0_12,4.0,51.61773849999918,0.7245340428417849,0.12332841753959656,0.33953410387039185,7.885398864746094,8.204381942749023,5.0486345291137695,6.415225028991699,0.1707039475440979
go_stanford,short,sim2h_0_1,0.0,27.387811750003266,0.6955840206114038,0.0,0.21641510725021362,9.19395637512207,9.899852752685547,8.94210433959961,4.194387435913086,0.19653964042663574
go_stanford,short,sim2h_0_1,-1.0,27.448266250104325,0.9762480656580341,0.000558617408387363,0.2386302798986435,9.179397583007812,9.85850715637207,8.904386520385742,4.16269588470459,0.2034212350845337
go_stanford,short,sim2h_0_1,0.5,51.640796500009856,1.1933189739000594,0.0015039866557344794,0.19945652782917023,9.182204246520996,9.878933906555176,8.891439437866211,4.26771354675293,0.19566422700881958
go_stanford,short,sim2h_0_1,1.0,51.99191612501863,1.074686045847807,0.002094910480082035,0.16584432125091553,9.191558837890625,9.9031982421875,8.914140701293945,4.286559581756592,0.19344231486320496
go_stanford,short,sim2h_0_1,2.0,52.499589374974676,1.1570277056829832,0.006893940269947052,0.17040210962295532,9.198719024658203,9.896929740905762,8.872823715209961,4.352240085601807,0.19072258472442627
go_stanford,short,sim2h_0_1,4.0,55.086521999953675,1.3128522836164922,0.013703176751732826,0.13974592089653015,9.24648380279541,10.004993438720703,8.984107971191406,4.389908313751221,0.17846724390983582
go_stanford,short,sim21h_0_4,0.0,28.456964249954808,1.2079020548515667,0.0,0.4785803556442261,8.477344512939453,9.243812561035156,8.003166198730469,4.491062641143799,0.14172157645225525
go_stanford,short,sim21h_0_4,-1.0,28.558975874972248,1.5500334360283068,0.09111242741346359,0.6422311067581177,8.205389976501465,8.813593864440918,7.286396026611328,4.769928455352783,0.15408435463905334
go_stanford,short,sim21h_0_4,0.5,52.76585224996211,0.869075021060037,0.025979669764637947,0.44689276814460754,8.373395919799805,9.171941757202148,8.094425201416016,4.158050537109375,0.14335794746875763
go_stanford,short,sim21h_0_4,1.0,52.697942874971204,1.2221626280508737,0.10496307909488678,0.41770070791244507,8.615280151367188,9.543621063232422,8.623470306396484,3.9426462650299072,0.12912337481975555
go_stanford,short,sim21h_0_4,2.0,52.671040125005675,0.8717457832770953,0.2671286463737488,0.34689101576805115,8.864459037780762,9.896090507507324,9.102503776550293,3.7777934074401855,0.13279378414154053
go_stanford,short,sim21h_0_4,4.0,51.81856100000459,1.1789939043256834,0.8032708764076233,0.20371690392494202,9.249072074890137,10.477516174316406,9.930274963378906,3.2765016555786133,0.13832680881023407
go_stanford,medium,no27vc_26_0,0.0,27.488209749975567,0.9426032704961108,0.0,0.2387412190437317,9.454570770263672,10.697845458984375,10.099281311035156,3.459346055984497,0.09046811610460281
go_stanford,medium,no27vc_26_0,-1.0,27.564427874978037,0.762866369460058,0.021018153056502342,0.2185966819524765,9.535685539245605,10.754557609558105,10.00634765625,3.8899853229522705,0.08379951119422913
go_stanford,medium,no27vc_26_0,0.5,51.69945750000693,1.0918833136651875,0.0038419074844568968,0.20995718240737915,9.47374153137207,10.728424072265625,10.188343048095703,3.294741630554199,0.0933142825961113
go_stanford,medium,no27vc_26_0,1.0,52.51688974996682,0.5313487229508896,0.022652946412563324,0.22893691062927246,9.43000602722168,10.693419456481934,10.234920501708984,3.0230813026428223,0.09846319258213043
go_stanford,medium,no27vc_26_0,2.0,52.38902012501967,1.2248999869662707,0.07567891478538513,0.2246246188879013,9.414857864379883,10.661214828491211,10.314430236816406,2.6095786094665527,0.11915571987628937
go_stanford,medium,no27vc_26_0,4.0,52.07114962499304,0.8244981104621988,0.45183247327804565,0.2539771795272827,9.438129425048828,10.625479698181152,10.500653266906738,1.4553478956222534,0.15423235297203064
go_stanford,medium,no15vcF_7_0,0.0,27.65309649998926,0.7244060407873785,0.0,0.1920224130153656,8.231463432312012,9.430824279785156,9.412384033203125,0.48172396421432495,0.050180912017822266
go_stanford,medium,no15vcF_7_0,-1.0,27.86664062506361,1.0425906122676136,0.004567552357912064,0.15606187283992767,8.374398231506348,9.562994003295898,9.536291122436523,0.6466817855834961,0.02710191160440445
go_stanford,medium,no15vcF_7_0,0.5,52.66339762499683,1.1673993545470316,0.004495076835155487,0.23458553850650787,8.249348640441895,9.441741943359375,9.41456413269043,0.5922503471374512,0.06618615984916687
go_stanford,medium,no15vcF_7_0,1.0,53.12656812498062,2.1177953607150255,0.0038885455578565598,0.21818868815898895,8.224584579467773,9.415138244628906,9.398761749267578,0.4488644599914551,0.08104165643453598
go_stanford,medium,no15vcF_7_0,2.0,53.279113124972355,0.7630747205913293,0.01946570724248886,0.28156161308288574,8.072898864746094,9.201922416687012,9.181628227233887,0.4504190683364868,0.121808722615242
go_stanford,medium,no15vcF_7_0,4.0,52.69625625001595,0.5106105357845475,0.09940917789936066,0.3772951364517212,7.870166301727295,8.780412673950195,8.740240097045898,0.6342583894729614,0.2042553424835205
go_stanford,medium,no4vc_116_0,0.0,28.344771500002253,0.31493050597375605,0.0,0.1284637749195099,5.445064067840576,6.212579727172852,6.179464340209961,0.6076788902282715,0.04219985753297806
go_stanford,medium,no4vc_116_0,-1.0,27.887577250027107,0.4036893416908141,0.005092380102723837,0.11994384974241257,5.3215131759643555,6.081879615783691,6.059684753417969,0.48949065804481506,0.03140149638056755
go_stanford,medium,no4vc_116_0,0.5,53.11545750006985,1.0717919467669221,9.832013893174008e-05,0.13871106505393982,5.46653938293457,6.224501132965088,6.190587043762207,0.6242575645446777,0.04849739372730255
go_stanford,medium,no4vc_116_0,1.0,52.946902999963186,0.7326792097009537,0.008857930079102516,0.161593958735466,5.647028923034668,6.417463779449463,6.367043495178223,0.7679888606071472,0.058954186737537384
go_stanford,medium,no4vc_116_0,2.0,52.662753249961725,0.5660376717932815,0.02620333433151245,0.1672949492931366,5.774835109710693,6.530941009521484,6.461771488189697,0.8992618322372437,0.07169526815414429
go_stanford,medium,no4vc_116_0,4.0,52.797981750046574,0.42333698895298194,0.0843571349978447,0.16954560577869415,6.050553321838379,6.77570915222168,6.674905776977539,1.1270819902420044,0.10138090699911118
go_stanford,medium,sim3h_1_10,0.0,27.992544625050186,0.5765799710856906,0.0,0.3497060239315033,7.278116226196289,8.333616256713867,8.116846084594727,1.7136225700378418,0.06404578685760498
go_stanford,medium,sim3h_1_10,-1.0,28.03029475003882,0.5508178376707505,0.027322735637426376,0.2933390736579895,7.540185451507568,8.567773818969727,8.25847053527832,2.1805877685546875,0.06921999156475067
go_stanford,medium,sim3h_1_10,0.5,52.74669962497569,0.5871006024079182,0.023145509883761406,0.3590085208415985,7.231472492218018,8.316312789916992,8.17060661315918,1.3324264287948608,0.06474614143371582
go_stanford,medium,sim3h_1_10,1.0,53.14795512495607,0.3898007472924671,0.07465289533138275,0.39891648292541504,7.160759925842285,8.252228736877441,8.140036582946777,1.0562533140182495,0.0686379000544548
go_stanford,medium,sim3h_1_10,2.0,53.027096374989924,0.832861060850937,0.19525229930877686,0.4750612676143646,6.834475040435791,7.889490127563477,7.793459892272949,0.9199838638305664,0.08662903308868408
go_stanford,medium,sim3h_1_10,4.0,52.61216899998544,1.0455613435268927,0.9257195591926575,0.6195314526557922,6.727730751037598,7.627579212188721,7.372930526733398,1.5764938592910767,0.14053653180599213
go_stanford,medium,sim26h_4_6,0.0,27.722766249979713,0.7816399672824562,0.0,0.372964471578598,9.249655723571777,10.490859985351562,10.329757690429688,1.5100493431091309,0.08725015074014664
go_stanford,medium,sim26h_4_6,-1.0,27.738506499929372,0.7431297909989362,0.004157619550824165,0.32597285509109497,9.281064987182617,10.539921760559082,10.392410278320312,1.4829195737838745,0.08117074519395828
go_stanford,medium,sim26h_4_6,0.5,53.25820924994673,1.037996405487349,0.0019296155078336596,0.40799471735954285,9.24051284790039,10.468762397766113,10.302730560302734,1.4648113250732422,0.0880504846572876
go_stanford,medium,sim26h_4_6,1.0,52.60462499998653,0.816216307963905,0.037161123007535934,0.3479076623916626,9.257920265197754,10.498767852783203,10.377546310424805,1.2615735530853271,0.09248113632202148
go_stanford,medium,sim26h_4_6,2.0,53.16195912499211,1.3526760366826776,0.01772710308432579,0.44000858068466187,9.176061630249023,10.385189056396484,10.208517074584961,1.5069983005523682,0.09860751032829285
go_stanford,medium,sim26h_4_6,4.0,54.7610166250081,1.2700982238630976,0.15641435980796814,0.5745971202850342,9.212837219238281,10.334599494934082,10.037960052490234,1.8303921222686768,0.1268025040626526
go_stanford,medium,sim2h_0_1,0.0,29.10608725005659,0.5543041559592912,0.0,0.19322627782821655,9.408613204956055,10.371757507324219,9.498746871948242,4.121362209320068,0.13127966225147247
go_stanford,medium,sim2h_0_1,-1.0,29.31742625000311,0.40638347946146036,0.0005212525720708072,0.20815473794937134,9.370182991027832,10.32659912109375,9.456748008728027,4.095473289489746,0.13521473109722137
go_stanford,medium,sim2h_0_1,0.5,54.69297499993786,0.6125695541332764,0.0035322997719049454,0.17201955616474152,9.4569673538208,10.453187942504883,9.636283874511719,4.011556625366211,0.12599140405654907
go_stanford,medium,sim2h_0_1,1.0,53.52386725002134,1.260715575766266,0.0028807593043893576,0.164888396859169,9.475839614868164,10.462052345275879,9.627378463745117,4.06341552734375,0.12707091867923737
go_stanford,medium,sim2h_0_1,2.0,52.472225249971416,0.721919659203309,0.002766501856967807,0.1375717669725418,9.510004043579102,10.496766090393066,9.630788803100586,4.156286716461182,0.1252157986164093
go_stanford,medium,sim2h_0_1,4.0,52.688156125014984,1.4511313269314325,0.007374122738838196,0.13678467273712158,9.598209381103516,10.590963363647461,9.723987579345703,4.1783952713012695,0.12230744957923889
go_stanford,medium,sim21h_0_4,0.0,28.867921624993187,0.8527087122097293,0.0,0.37453407049179077,7.42923641204834,8.346134185791016,8.156230926513672,1.5448390245437622,0.06880460679531097
go_stanford,medium,sim21h_0_4,-1.0,27.934990750054567,0.5685466436199629,0.020770085975527763,0.31311577558517456,7.538594722747803,8.510030746459961,8.39877700805664,1.1885428428649902,0.05249428376555443
go_stanford,medium,sim21h_0_4,0.5,52.971268749985256,0.4503529893389267,0.0029003629460930824,0.3634970784187317,7.308190822601318,8.219141006469727,8.02502727508545,1.568289041519165,0.07174420356750488
go_stanford,medium,sim21h_0_4,1.0,53.92601337504743,0.5525440538946188,0.026358120143413544,0.3875344395637512,7.348561763763428,8.207080841064453,7.920609474182129,1.9079229831695557,0.08258074522018433
go_stanford,medium,sim21h_0_4,2.0,53.99722575003807,0.8032959433486923,0.07482895255088806,0.4621608257293701,7.270464897155762,8.047050476074219,7.670614242553711,2.197720527648926,0.1007821261882782
go_stanford,medium,sim21h_0_4,4.0,53.38178249999714,0.8261178267946764,0.492886483669281,0.5893419981002808,7.28105354309082,7.804100036621094,6.948307037353516,3.2047505378723145,0.15202224254608154
go_stanford,medium,sim26h_0_2,0.0,29.988577875030842,1.2446194442613838,0.0,0.2658129632472992,9.343332290649414,10.14992904663086,8.545799255371094,5.4262542724609375,0.16489923000335693
go_stanford,medium,sim26h_0_2,-1.0,30.07097100001488,0.5051947812977613,0.0036211619153618813,0.28390049934387207,9.298906326293945,10.077406883239746,8.404708862304688,5.503997802734375,0.16937634348869324
go_stanford,medium,sim26h_0_2,0.5,56.0473102499941,0.9919633666978989,7.120366353774443e-05,0.24260489642620087,9.340592384338379,10.156429290771484,8.55959701538086,5.430386543273926,0.1625272035598755
go_stanford,medium,sim26h_0_2,1.0,55.181488500011255,0.9243024362737856,0.002394589129835367,0.26425015926361084,9.401422500610352,10.236152648925781,8.675928115844727,5.381024360656738,0.16108407080173492
go_stanford,medium,sim26h_0_2,2.0,55.27536150003698,0.7699919648473152,0.010560495778918266,0.20786994695663452,9.438547134399414,10.296304702758789,8.80224609375,5.312136173248291,0.1584058254957199
go_stanford,medium,sim26h_0_2,4.0,55.868042499980675,0.8766276815538132,0.037602949887514114,0.19052092730998993,9.505025863647461,10.409477233886719,9.023351669311523,5.165591239929199,0.152316153049469
go_stanford,long,no27vc_26_0,0.0,28.949993250023454,1.090703985031967,0.0,0.11960297077894211,9.592063903808594,10.69874095916748,10.169722557067871,3.3024818897247314,0.13572145998477936
go_stanford,long,no27vc_26_0,-1.0,29.473524499962878,0.9850137990167857,0.002254430204629898,0.11518090963363647,9.573274612426758,10.63241195678711,10.060249328613281,3.4235243797302246,0.14870008826255798
go_stanford,long,no27vc_26_0,0.5,54.33998950002206,1.2745884424532128,0.0011309338733553886,0.13949903845787048,9.578916549682617,10.699331283569336,10.155336380004883,3.3409574031829834,0.13024738430976868
go_stanford,long,no27vc_26_0,1.0,53.6962603749771,0.6893374483940162,0.0006305999704636633,0.15478390455245972,9.583292961120605,10.723701477050781,10.213363647460938,3.230193853378296,0.12401413172483444
go_stanford,long,no27vc_26_0,2.0,53.578030875002014,1.2266672148482678,0.0028191525489091873,0.16549572348594666,9.606831550598145,10.777301788330078,10.28042221069336,3.1922645568847656,0.11265631020069122
go_stanford,long,no27vc_26_0,4.0,53.445903124952565,0.6052259273047145,0.02548617124557495,0.15514926612377167,9.706817626953125,10.945913314819336,10.545170783996582,2.8929831981658936,0.09169401228427887
go_stanford,long,no15vcF_7_0,0.0,28.313048375053995,0.8435828730544624,0.0,0.18965594470500946,7.686759948730469,8.717233657836914,8.524372100830078,1.7721974849700928,0.0481606125831604
go_stanford,long,no15vcF_7_0,-1.0,28.044922125076255,0.7360846965037038,0.0042441124096512794,0.16506965458393097,7.582995891571045,8.592607498168945,8.41384220123291,1.7036769390106201,0.04769328981637955
go_stanford,long,no15vcF_7_0,0.5,53.68675374998588,0.5881312473275107,0.002399449236690998,0.2298281192779541,7.695395469665527,8.721256256103516,8.500288009643555,1.8873302936553955,0.051149845123291016
go_stanford,long,no15vcF_7_0,1.0,53.355935750062145,0.6904272774119546,0.012712720781564713,0.2181512713432312,7.872110366821289,8.946025848388672,8.756217956542969,1.780405879020691,0.04551929235458374
go_stanford,long,no15vcF_7_0,2.0,53.43717387498259,0.5144419982601578,0.02453029900789261,0.2879212498664856,7.960720062255859,9.01148796081543,8.745361328125,2.0605928897857666,0.0571378692984581
go_stanford,long,no15vcF_7_0,4.0,52.3933387499369,0.6885200571000882,0.08634184300899506,0.32668694853782654,8.176963806152344,9.29292106628418,9.01773452758789,2.1251699924468994,0.057893455028533936
go_stanford,long,no4vc_116_0,0.0,28.221137499969018,0.5652243442967296,0.0,0.17429271340370178,6.656169891357422,7.653388023376465,7.625524520874023,0.6007091999053955,0.03905026614665985
go_stanford,long,no4vc_116_0,-1.0,28.901384375018324,1.2656812008474088,0.00794651173055172,0.168014258146286,6.472654342651367,7.450235843658447,7.426931381225586,0.5363210439682007,0.03957487642765045
go_stanford,long,no4vc_116_0,0.5,53.56811375000348,0.6232089600005676,0.0030375225469470024,0.16617920994758606,6.773831367492676,7.780246734619141,7.756715774536133,0.5557456016540527,0.03909279406070709
go_stanford,long,no4vc_116_0,1.0,53.47932174996117,0.6414891522671002,0.018045537173748016,0.18305514752864838,6.956448554992676,7.9815673828125,7.95596170425415,0.568400502204895,0.03696385398507118
go_stanford,long,no4vc_116_0,2.0,52.47651987500035,0.9632443205674684,0.040635284036397934,0.16010990738868713,7.092823505401611,8.135127067565918,8.101672172546387,0.6744101047515869,0.04167889803647995
go_stanford,long,no4vc_116_0,4.0,52.78282812497537,1.0354114749739776,0.13169638812541962,0.1739438772201538,7.429794788360596,8.503405570983887,8.464465141296387,0.7442833185195923,0.04862010478973389
go_stanford,long,sim3h_1_10,0.0,28.35428862505296,0.4961657987130512,0.0,0.4709748327732086,7.90673828125,8.85569953918457,7.736680030822754,4.125583171844482,0.09900769591331482
go_stanford,long,sim3h_1_10,-1.0,28.297502749950354,0.5344091238084008,0.14752689003944397,0.450359046459198,8.096864700317383,8.958444595336914,7.316075325012207,5.031353950500488,0.10586299747228622
go_stanford,long,sim3h_1_10,0.5,53.97724275002247,1.3063504280620428,0.09560082852840424,0.48532915115356445,7.756718635559082,8.75345230102539,7.9948039054870605,3.349778413772583,0.09379643946886063
go_stanford,long,sim3h_1_10,1.0,55.685776375014484,1.0923057173645332,0.26920610666275024,0.43079909682273865,7.780150413513184,8.82432746887207,8.261438369750977,2.9003658294677734,0.0886165052652359
go_stanford,long,sim3h_1_10,2.0,54.6046547499941,0.7557250496247452,1.0523639917373657,0.5399469137191772,7.728565216064453,8.828948974609375,8.554649353027344,1.774604082107544,0.09064817428588867
go_stanford,long,sim3h_1_10,4.0,53.97978237499501,1.0796958293530075,3.0885634422302246,0.4065712094306946,8.068426132202148,9.202641487121582,9.140989303588867,0.8317098021507263,0.0960482507944107
go_stanford,long,sim26h_4_6,0.0,28.58960112502018,1.032678098434524,0.0,0.6188870668411255,8.729028701782227,9.528952598571777,8.900548934936523,2.9665699005126953,0.18150962889194489
go_stanford,long,sim26h_4_6,-1.0,28.600541124973233,0.6086555420770925,0.007703794632107019,0.5682183504104614,8.807300567626953,9.61700439453125,8.975820541381836,3.023151397705078,0.18207937479019165
go_stanford,long,sim26h_4_6,0.5,54.04618324996591,1.0529329160549294,0.012042124755680561,0.6218527555465698,8.74106216430664,9.536656379699707,8.966470718383789,2.7266845703125,0.18892326951026917
go_stanford,long,sim26h_4_6,1.0,53.34755237498712,0.6004308632821017,0.018606694415211678,0.5186423063278198,8.730725288391113,9.451332092285156,8.779508590698242,3.1891698837280273,0.19978047907352448
go_stanford,long,sim26h_4_6,2.0,54.292555875008475,0.9857542173008668,0.022083643823862076,0.6575350761413574,8.658563613891602,9.33808708190918,8.726161003112793,2.9441676139831543,0.20363754034042358
go_stanford,long,sim26h_4_6,4.0,53.94519062502923,0.9178662866550459,0.08483713865280151,0.701819121837616,8.449392318725586,9.24609375,8.729706764221191,2.5073466300964355,0.1723385751247406
go_stanford,long,sim2h_0_1,0.0,28.734070625006325,0.42062612558809037,0.0,0.1875726878643036,9.437089920043945,10.181009292602539,9.070026397705078,4.584377288818359,0.18461157381534576
go_stanford,long,sim2h_0_1,-1.0,29.253250499976957,0.6420228000167074,0.002403806196525693,0.20133669674396515,9.372800827026367,10.151134490966797,9.10507583618164,4.439332485198975,0.17869603633880615
go_stanford,long,sim2h_0_1,0.5,55.01544187501395,0.9463134364850713,4.0053862903732806e-05,0.16288727521896362,9.44390869140625,10.186605453491211,9.07853889465332,4.592706680297852,0.18595436215400696
go_stanford,long,sim2h_0_1,1.0,54.06236412497378,0.9557088241430659,0.0005280486075207591,0.16763384640216827,9.507743835449219,10.24977970123291,9.127991676330566,4.633978843688965,0.18619313836097717
go_stanford,long,sim2h_0_1,2.0,53.85212724996791,0.759686259361809,0.0169172752648592,0.1885642409324646,9.551824569702148,10.207511901855469,8.922183990478516,4.928981781005859,0.1992214322090149
go_stanford,long,sim2h_0_1,4.0,53.63626900000895,0.5256734997077634,0.03352060541510582,0.12967421114444733,9.687132835388184,10.306327819824219,8.940641403198242,5.112253665924072,0.20851942896842957
go_stanford,long,sim21h_0_4,0.0,28.31617825000876,0.3860632559535425,0.0,0.45353615283966064,7.435216903686523,8.228387832641602,7.514395713806152,3.188638687133789,0.14345169067382812
go_stanford,long,sim21h_0_4,-1.0,28.223994999962088,0.46220594842101836,0.031769029796123505,0.4344797730445862,7.333203315734863,8.168560028076172,7.625496864318848,2.7690091133117676,0.1502496898174286
go_stanford,long,sim21h_0_4,0.5,53.59124449995534,0.739286937584716,0.022219177335500717,0.3851333558559418,7.518176078796387,8.291387557983398,7.423218727111816,3.578307628631592,0.1353008896112442
go_stanford,long,sim21h_0_4,1.0,53.34475837503305,0.7617396682866143,0.06960040330886841,0.4109489917755127,7.70885705947876,8.4699125289917,7.432605743408203,3.9292025566101074,0.12643206119537354
go_stanford,long,sim21h_0_4,2.0,53.34923712499062,0.9546793701651859,0.17403537034988403,0.4246835708618164,7.841981887817383,8.540519714355469,7.325185775756836,4.263880729675293,0.1299315094947815
go_stanford,long,sim21h_0_4,4.0,53.78088962504535,0.47827083441231316,0.7216609716415405,0.45377010107040405,8.110780715942383,8.678520202636719,6.8512091636657715,5.209352970123291,0.13107427954673767
go_stanford,long,sim26h_0_2,0.0,28.836260249988754,0.6907348452170943,0.0,0.5467824935913086,6.692070960998535,7.129472732543945,6.445699214935303,2.6931309700012207,0.10728521645069122
go_stanford,long,sim26h_0_2,-1.0,28.721088375050385,0.6552725202181712,0.22455132007598877,0.5108866691589355,6.542516231536865,7.139837265014648,6.822850227355957,1.7716214656829834,0.08933371305465698
go_stanford,long,sim26h_0_2,0.5,57.744475625042924,5.051475828046368,0.15756388008594513,0.5855934619903564,6.628095626831055,6.917920112609863,5.840142250061035,3.427366256713867,0.12481680512428284
go_stanford,long,sim26h_0_2,1.0,53.44820737499845,0.9064503259094508,0.40801262855529785,0.5455192923545837,7.077109336853027,7.3267316818237305,5.854679107666016,4.175345420837402,0.13176973164081573
go_stanford,long,sim26h_0_2,2.0,53.309030875027474,0.6590529059722625,1.1764051914215088,0.5317504405975342,7.5164899826049805,7.600432395935059,5.401433944702148,5.157528400421143,0.1600322425365448
go_stanford,long,sim26h_0_2,4.0,53.27827125000795,0.810764931489315,4.160437107086182,0.5108272433280945,8.382616996765137,8.1842622756958,3.839038372039795,7.091579437255859,0.21233172714710236
