run_id,protocol_sha256,trial_key,trial_id,attempt,status,config_id,scheduler,diffusion_steps,cfg_weight,tts_enabled,selection,candidate_k,scene_id,goal_seed,diffusion_seed,stabilizer_mode,success_radius_m,max_steps,simulated_timeout_s,success,final_distance_m,path_length_m,shortest_path_m,spl,path_efficiency,collision,fall,stuck,timeout,intervention,recovery_count,scientific_denominator,infrastructure_invalid,crash,sampler_mean_ms,sampler_p95_ms,full_loop_mean_ms,full_loop_p95_ms,loop_hz_mean,trajectory_n,source_trial_json,git_commit
u09-v03-controlled-20260711,102bf5192a404f8585153aecf4d5c8885d8bc6940e5105e5f19b02f6e40b4c1b,ddim2_cfg0_standard_k8__easy__s11__g0__policy_only_off,ddim2_cfg0_standard_k8__easy__s11__g0__policy_only_off__a01,1,completed,ddim2_cfg0_standard_k8,ddim,2,0.0,False,mean_of_8,8,easy,0,11,policy_only_off,0.5,62,15.5,True,0.4888570414390293,4.539120455701495,4.5,0.9913814898539746,0.9913814898539746,False,False,False,False,False,0,True,False,False,9.368917100073304,11.276832401927093,52.42188875597161,57.51329600025201,19.076000955537598,43,results/research/ral_mujoco_controlled/u09-v03-controlled-20260711/trials/ddim2_cfg0_standard_k8__easy__s11__g0__policy_only_off__a01.json,463ac70129c6afec71fa84e3eba457d436781642
u09-v03-controlled-20260711,102bf5192a404f8585153aecf4d5c8885d8bc6940e5105e5f19b02f6e40b4c1b,ddim2_cfg0_standard_k8__easy__s11__g0__system_stabilizer_on,ddim2_cfg0_standard_k8__easy__s11__g0__system_stabilizer_on__a01,1,failed,ddim2_cfg0_standard_k8,ddim,2,0.0,False,mean_of_8,8,easy,0,11,system_stabilizer_on,0.5,62,15.5,False,1.1559110697629988,4.713758169470263,4.5,0.0,0.954652283425417,False,False,True,True,False,1,True,False,False,9.561166043330678,12.740561250211613,54.74151995750095,58.90829849849979,18.2676696002661,61,results/research/ral_mujoco_controlled/u09-v03-controlled-20260711/trials/ddim2_cfg0_standard_k8__easy__s11__g0__system_stabilizer_on__a01.json,463ac70129c6afec71fa84e3eba457d436781642
u09-v03-controlled-20260711,102bf5192a404f8585153aecf4d5c8885d8bc6940e5105e5f19b02f6e40b4c1b,ddim2_cfg0_standard_k8__easy__s23__g0__policy_only_off,ddim2_cfg0_standard_k8__easy__s23__g0__policy_only_off__a01,1,completed,ddim2_cfg0_standard_k8,ddim,2,0.0,False,mean_of_8,8,easy,0,23,policy_only_off,0.5,62,15.5,True,0.4804147636558759,4.739493005030525,4.5,0.9494686446891417,0.9494686446891417,False,False,False,False,False,0,True,False,False,9.754617512421314,12.446756001736503,53.62664507135508,57.8733515480053,18.647446594307922,44,results/research/ral_mujoco_controlled/u09-v03-controlled-20260711/trials/ddim2_cfg0_standard_k8__easy__s23__g0__policy_only_off__a01.json,463ac70129c6afec71fa84e3eba457d436781642
u09-v03-controlled-20260711,102bf5192a404f8585153aecf4d5c8885d8bc6940e5105e5f19b02f6e40b4c1b,ddim2_cfg0_standard_k8__easy__s23__g0__system_stabilizer_on,ddim2_cfg0_standard_k8__easy__s23__g0__system_stabilizer_on__a01,1,failed,ddim2_cfg0_standard_k8,ddim,2,0.0,False,mean_of_8,8,easy,0,23,system_stabilizer_on,0.5,62,15.5,False,1.154317492008857,4.706194025486967,4.5,0.0,0.9561866713590008,False,False,True,True,False,1,True,False,False,10.10429493449603,12.133197000366636,54.668271446760315,60.84400269937759,18.292145947469148,61,results/research/ral_mujoco_controlled/u09-v03-controlled-20260711/trials/ddim2_cfg0_standard_k8__easy__s23__g0__system_stabilizer_on__a01.json,463ac70129c6afec71fa84e3eba457d436781642
u09-v03-controlled-20260711,102bf5192a404f8585153aecf4d5c8885d8bc6940e5105e5f19b02f6e40b4c1b,ddim2_cfg0_standard_k8__easy__s47__g0__policy_only_off,ddim2_cfg0_standard_k8__easy__s47__g0__policy_only_off__a01,1,completed,ddim2_cfg0_standard_k8,ddim,2,0.0,False,mean_of_8,8,easy,0,47,policy_only_off,0.5,62,15.5,True,0.4037708133060481,4.46983168204516,4.5,1.0,1.0,False,False,False,False,False,0,True,False,False,10.74115982070604,13.69744560106483,54.29791212509372,59.306172201468144,18.416914405404018,42,results/research/ral_mujoco_controlled/u09-v03-controlled-20260711/trials/ddim2_cfg0_standard_k8__easy__s47__g0__policy_only_off__a01.json,463ac70129c6afec71fa84e3eba457d436781642
u09-v03-controlled-20260711,102bf5192a404f8585153aecf4d5c8885d8bc6940e5105e5f19b02f6e40b4c1b,ddim2_cfg0_standard_k8__easy__s47__g0__system_stabilizer_on,ddim2_cfg0_standard_k8__easy__s47__g0__system_stabilizer_on__a01,1,failed,ddim2_cfg0_standard_k8,ddim,2,0.0,False,mean_of_8,8,easy,0,47,system_stabilizer_on,0.5,62,15.5,False,1.1559110697629988,4.713758169470263,4.5,0.0,0.954652283425417,False,False,True,True,False,1,True,False,False,10.380919913349436,12.25997949950397,55.183559766133996,61.91800670276278,18.121339113278758,61,results/research/ral_mujoco_controlled/u09-v03-controlled-20260711/trials/ddim2_cfg0_standard_k8__easy__s47__g0__system_stabilizer_on__a01.json,463ac70129c6afec71fa84e3eba457d436781642
u09-v03-controlled-20260711,102bf5192a404f8585153aecf4d5c8885d8bc6940e5105e5f19b02f6e40b4c1b,ddim2_cfg0_standard_k8__medium__s11__g0__policy_only_off,ddim2_cfg0_standard_k8__medium__s11__g0__policy_only_off__a01,1,completed,ddim2_cfg0_standard_k8,ddim,2,0.0,False,mean_of_8,8,medium,0,11,policy_only_off,0.5,62,15.5,True,0.4932882535459365,6.333290711094453,6.5,1.0,1.0,False,False,False,False,False,0,True,False,False,9.560457517376822,12.19581999885122,53.11270815818397,58.127526401221985,18.827885729752854,59,results/research/ral_mujoco_controlled/u09-v03-controlled-20260711/trials/ddim2_cfg0_standard_k8__medium__s11__g0__policy_only_off__a01.json,463ac70129c6afec71fa84e3eba457d436781642
u09-v03-controlled-20260711,102bf5192a404f8585153aecf4d5c8885d8bc6940e5105e5f19b02f6e40b4c1b,ddim2_cfg0_standard_k8__medium__s11__g0__system_stabilizer_on,ddim2_cfg0_standard_k8__medium__s11__g0__system_stabilizer_on__a01,1,failed,ddim2_cfg0_standard_k8,ddim,2,0.0,False,mean_of_8,8,medium,0,11,system_stabilizer_on,0.5,62,15.5,False,1.0874251977199199,5.719570875849,6.5,0.0,1.0,False,False,False,True,False,0,True,False,False,9.97559943118239,13.144193650987289,54.526215728771405,59.682748999694006,18.339801994957412,61,results/research/ral_mujoco_controlled/u09-v03-controlled-20260711/trials/ddim2_cfg0_standard_k8__medium__s11__g0__system_stabilizer_on__a01.json,463ac70129c6afec71fa84e3eba457d436781642
u09-v03-controlled-20260711,102bf5192a404f8585153aecf4d5c8885d8bc6940e5105e5f19b02f6e40b4c1b,ddim2_cfg0_standard_k8__medium__s23__g0__policy_only_off,ddim2_cfg0_standard_k8__medium__s23__g0__policy_only_off__a01,1,completed,ddim2_cfg0_standard_k8,ddim,2,0.0,False,mean_of_8,8,medium,0,23,policy_only_off,0.5,62,15.5,True,0.40926803863896244,6.414161533054822,6.5,1.0,1.0,False,False,False,False,False,0,True,False,False,10.022029535970692,12.702696249107248,52.67846236873945,57.88662819977617,18.983090147927737,59,results/research/ral_mujoco_controlled/u09-v03-controlled-20260711/trials/ddim2_cfg0_standard_k8__medium__s23__g0__policy_only_off__a01.json,463ac70129c6afec71fa84e3eba457d436781642
u09-v03-controlled-20260711,102bf5192a404f8585153aecf4d5c8885d8bc6940e5105e5f19b02f6e40b4c1b,ddim2_cfg0_standard_k8__medium__s23__g0__system_stabilizer_on,ddim2_cfg0_standard_k8__medium__s23__g0__system_stabilizer_on__a01,1,failed,ddim2_cfg0_standard_k8,ddim,2,0.0,False,mean_of_8,8,medium,0,23,system_stabilizer_on,0.5,62,15.5,False,1.0874251977199199,5.719570875849,6.5,0.0,1.0,False,False,False,True,False,0,True,False,False,10.358759224330022,13.413336049598001,54.53797388129761,60.116419901169124,18.33584801255193,61,results/research/ral_mujoco_controlled/u09-v03-controlled-20260711/trials/ddim2_cfg0_standard_k8__medium__s23__g0__system_stabilizer_on__a01.json,463ac70129c6afec71fa84e3eba457d436781642
u09-v03-controlled-20260711,102bf5192a404f8585153aecf4d5c8885d8bc6940e5105e5f19b02f6e40b4c1b,ddim2_cfg0_standard_k8__medium__s47__g0__policy_only_off,ddim2_cfg0_standard_k8__medium__s47__g0__policy_only_off__a01,1,failed,ddim2_cfg0_standard_k8,ddim,2,0.0,False,mean_of_8,8,medium,0,47,policy_only_off,0.5,62,15.5,False,2.4479685870408465,5.446967275629881,6.5,0.0,1.0,False,False,True,True,False,1,True,False,False,10.43506643162056,12.901820450315427,53.241248555665756,58.20305040106177,18.782429547167023,61,results/research/ral_mujoco_controlled/u09-v03-controlled-20260711/trials/ddim2_cfg0_standard_k8__medium__s47__g0__policy_only_off__a01.json,463ac70129c6afec71fa84e3eba457d436781642
u09-v03-controlled-20260711,102bf5192a404f8585153aecf4d5c8885d8bc6940e5105e5f19b02f6e40b4c1b,ddim2_cfg0_standard_k8__medium__s47__g0__system_stabilizer_on,ddim2_cfg0_standard_k8__medium__s47__g0__system_stabilizer_on__a01,1,failed,ddim2_cfg0_standard_k8,ddim,2,0.0,False,mean_of_8,8,medium,0,47,system_stabilizer_on,0.5,62,15.5,False,1.0874251977199199,5.719570875849,6.5,0.0,1.0,False,False,False,True,False,0,True,False,False,10.051584758724042,12.862917450001987,54.11715359286202,60.53052149727591,18.47842936314187,61,results/research/ral_mujoco_controlled/u09-v03-controlled-20260711/trials/ddim2_cfg0_standard_k8__medium__s47__g0__system_stabilizer_on__a01.json,463ac70129c6afec71fa84e3eba457d436781642
u09-v03-controlled-20260711,102bf5192a404f8585153aecf4d5c8885d8bc6940e5105e5f19b02f6e40b4c1b,ddim2_cfg0_tts8__easy__s11__g0__policy_only_off,ddim2_cfg0_tts8__easy__s11__g0__policy_only_off__a01,1,completed,ddim2_cfg0_tts8,ddim,2,0.0,True,rank_8_keep_1,8,easy,0,11,policy_only_off,0.5,62,15.5,True,0.4764234624543972,4.349685090621314,4.5,1.0,1.0,False,False,False,False,False,0,True,False,False,9.991395921277121,12.473541100916918,55.08351007712265,63.08184299850837,18.15425339815665,41,results/research/ral_mujoco_controlled/u09-v03-controlled-20260711/trials/ddim2_cfg0_tts8__easy__s11__g0__policy_only_off__a01.json,463ac70129c6afec71fa84e3eba457d436781642
u09-v03-controlled-20260711,102bf5192a404f8585153aecf4d5c8885d8bc6940e5105e5f19b02f6e40b4c1b,ddim2_cfg0_tts8__easy__s11__g0__system_stabilizer_on,ddim2_cfg0_tts8__easy__s11__g0__system_stabilizer_on__a01,1,failed,ddim2_cfg0_tts8,ddim,2,0.0,True,rank_8_keep_1,8,easy,0,11,system_stabilizer_on,0.5,62,15.5,False,1.1559110697629988,4.713758169470263,4.5,0.0,0.954652283425417,False,False,True,True,False,1,True,False,False,10.478391782548304,12.156771749687323,54.647006659658295,58.47432960108562,18.299263969351564,61,results/research/ral_mujoco_controlled/u09-v03-controlled-20260711/trials/ddim2_cfg0_tts8__easy__s11__g0__system_stabilizer_on__a01.json,463ac70129c6afec71fa84e3eba457d436781642
u09-v03-controlled-20260711,102bf5192a404f8585153aecf4d5c8885d8bc6940e5105e5f19b02f6e40b4c1b,ddim2_cfg0_tts8__easy__s23__g0__policy_only_off,ddim2_cfg0_tts8__easy__s23__g0__policy_only_off__a01,1,completed,ddim2_cfg0_tts8,ddim,2,0.0,True,rank_8_keep_1,8,easy,0,23,policy_only_off,0.5,62,15.5,True,0.4785918660350615,4.374066445645527,4.5,1.0,1.0,False,False,False,False,False,0,True,False,False,10.356962052499416,12.229860398838355,54.643155051449774,57.487199600291206,18.300553821580042,41,results/research/ral_mujoco_controlled/u09-v03-controlled-20260711/trials/ddim2_cfg0_tts8__easy__s23__g0__policy_only_off__a01.json,463ac70129c6afec71fa84e3eba457d436781642
u09-v03-controlled-20260711,102bf5192a404f8585153aecf4d5c8885d8bc6940e5105e5f19b02f6e40b4c1b,ddim2_cfg0_tts8__easy__s23__g0__system_stabilizer_on,ddim2_cfg0_tts8__easy__s23__g0__system_stabilizer_on__a01,1,failed,ddim2_cfg0_tts8,ddim,2,0.0,True,rank_8_keep_1,8,easy,0,23,system_stabilizer_on,0.5,62,15.5,False,1.154317492008857,4.706194025486967,4.5,0.0,0.9561866713590008,False,False,True,True,False,1,True,False,False,10.180365782656262,12.383604751448729,54.2529256167751,57.97057339877938,18.43218570485346,61,results/research/ral_mujoco_controlled/u09-v03-controlled-20260711/trials/ddim2_cfg0_tts8__easy__s23__g0__system_stabilizer_on__a01.json,463ac70129c6afec71fa84e3eba457d436781642
u09-v03-controlled-20260711,102bf5192a404f8585153aecf4d5c8885d8bc6940e5105e5f19b02f6e40b4c1b,ddim2_cfg0_tts8__easy__s47__g0__policy_only_off,ddim2_cfg0_tts8__easy__s47__g0__policy_only_off__a01,1,completed,ddim2_cfg0_tts8,ddim,2,0.0,True,rank_8_keep_1,8,easy,0,47,policy_only_off,0.5,62,15.5,True,0.4870418770537254,4.3367384821416,4.5,1.0,1.0,False,False,False,False,False,0,True,False,False,10.503683736954516,12.367459149572822,55.11542776945041,60.633931801930885,18.14374015535236,41,results/research/ral_mujoco_controlled/u09-v03-controlled-20260711/trials/ddim2_cfg0_tts8__easy__s47__g0__policy_only_off__a01.json,463ac70129c6afec71fa84e3eba457d436781642
u09-v03-controlled-20260711,102bf5192a404f8585153aecf4d5c8885d8bc6940e5105e5f19b02f6e40b4c1b,ddim2_cfg0_tts8__easy__s47__g0__system_stabilizer_on,ddim2_cfg0_tts8__easy__s47__g0__system_stabilizer_on__a01,1,failed,ddim2_cfg0_tts8,ddim,2,0.0,True,rank_8_keep_1,8,easy,0,47,system_stabilizer_on,0.5,62,15.5,False,1.1559110697629988,4.713758169470263,4.5,0.0,0.954652283425417,False,False,True,True,False,1,True,False,False,10.248891673536095,13.052285502453742,55.61909191462117,59.75969889877887,17.97943773578798,61,results/research/ral_mujoco_controlled/u09-v03-controlled-20260711/trials/ddim2_cfg0_tts8__easy__s47__g0__system_stabilizer_on__a01.json,463ac70129c6afec71fa84e3eba457d436781642
u09-v03-controlled-20260711,102bf5192a404f8585153aecf4d5c8885d8bc6940e5105e5f19b02f6e40b4c1b,ddim2_cfg0_tts8__medium__s11__g0__policy_only_off,ddim2_cfg0_tts8__medium__s11__g0__policy_only_off__a01,1,failed,ddim2_cfg0_tts8,ddim,2,0.0,True,rank_8_keep_1,8,medium,0,11,policy_only_off,0.5,62,15.5,False,0.5881237376669326,6.572858888646269,6.5,0.0,0.9889151905007237,False,False,False,True,False,0,True,False,False,10.134162965688779,12.418023648206145,55.06226845731578,58.61783930085948,18.161256846422866,61,results/research/ral_mujoco_controlled/u09-v03-controlled-20260711/trials/ddim2_cfg0_tts8__medium__s11__g0__policy_only_off__a01.json,463ac70129c6afec71fa84e3eba457d436781642
u09-v03-controlled-20260711,102bf5192a404f8585153aecf4d5c8885d8bc6940e5105e5f19b02f6e40b4c1b,ddim2_cfg0_tts8__medium__s11__g0__system_stabilizer_on,ddim2_cfg0_tts8__medium__s11__g0__system_stabilizer_on__a01,1,failed,ddim2_cfg0_tts8,ddim,2,0.0,True,rank_8_keep_1,8,medium,0,11,system_stabilizer_on,0.5,62,15.5,False,1.0874251977199199,5.719570875849,6.5,0.0,1.0,False,False,False,True,False,0,True,False,False,10.424737913879277,13.391299249997246,55.32205049142141,60.52231139874493,18.075974970505953,61,results/research/ral_mujoco_controlled/u09-v03-controlled-20260711/trials/ddim2_cfg0_tts8__medium__s11__g0__system_stabilizer_on__a01.json,463ac70129c6afec71fa84e3eba457d436781642
u09-v03-controlled-20260711,102bf5192a404f8585153aecf4d5c8885d8bc6940e5105e5f19b02f6e40b4c1b,ddim2_cfg0_tts8__medium__s23__g0__policy_only_off,ddim2_cfg0_tts8__medium__s23__g0__policy_only_off__a01,1,completed,ddim2_cfg0_tts8,ddim,2,0.0,True,rank_8_keep_1,8,medium,0,23,policy_only_off,0.5,62,15.5,True,0.40924554618434367,6.432917793972513,6.5,1.0,1.0,False,False,False,False,False,0,True,False,False,10.138417859515789,12.51969260192709,54.69393243126025,59.84241379992454,18.283563743689623,60,results/research/ral_mujoco_controlled/u09-v03-controlled-20260711/trials/ddim2_cfg0_tts8__medium__s23__g0__policy_only_off__a01.json,463ac70129c6afec71fa84e3eba457d436781642
u09-v03-controlled-20260711,102bf5192a404f8585153aecf4d5c8885d8bc6940e5105e5f19b02f6e40b4c1b,ddim2_cfg0_tts8__medium__s23__g0__system_stabilizer_on,ddim2_cfg0_tts8__medium__s23__g0__system_stabilizer_on__a01,1,failed,ddim2_cfg0_tts8,ddim,2,0.0,True,rank_8_keep_1,8,medium,0,23,system_stabilizer_on,0.5,62,15.5,False,1.0874251977199199,5.719570875849,6.5,0.0,1.0,False,False,False,True,False,0,True,False,False,10.430621897065631,13.38094590064429,55.51525301700043,59.94836370118718,18.0130675022551,61,results/research/ral_mujoco_controlled/u09-v03-controlled-20260711/trials/ddim2_cfg0_tts8__medium__s23__g0__system_stabilizer_on__a01.json,463ac70129c6afec71fa84e3eba457d436781642
u09-v03-controlled-20260711,102bf5192a404f8585153aecf4d5c8885d8bc6940e5105e5f19b02f6e40b4c1b,ddim2_cfg0_tts8__medium__s47__g0__policy_only_off,ddim2_cfg0_tts8__medium__s47__g0__policy_only_off__a01,1,completed,ddim2_cfg0_tts8,ddim,2,0.0,True,rank_8_keep_1,8,medium,0,47,policy_only_off,0.5,62,15.5,True,0.46412018502702357,6.4180126997981475,6.5,1.0,1.0,False,False,False,False,False,0,True,False,False,9.992684017465523,12.845539599220501,54.72201156897364,58.893652449660294,18.274182021608674,60,results/research/ral_mujoco_controlled/u09-v03-controlled-20260711/trials/ddim2_cfg0_tts8__medium__s47__g0__policy_only_off__a01.json,463ac70129c6afec71fa84e3eba457d436781642
u09-v03-controlled-20260711,102bf5192a404f8585153aecf4d5c8885d8bc6940e5105e5f19b02f6e40b4c1b,ddim2_cfg0_tts8__medium__s47__g0__system_stabilizer_on,ddim2_cfg0_tts8__medium__s47__g0__system_stabilizer_on__a01,1,failed,ddim2_cfg0_tts8,ddim,2,0.0,True,rank_8_keep_1,8,medium,0,47,system_stabilizer_on,0.5,62,15.5,False,1.0874251977199199,5.719570875849,6.5,0.0,1.0,False,False,False,True,False,0,True,False,False,10.355396930992418,12.990851897666289,54.97832471192558,59.692697700666024,18.188986391269317,61,results/research/ral_mujoco_controlled/u09-v03-controlled-20260711/trials/ddim2_cfg0_tts8__medium__s47__g0__system_stabilizer_on__a01.json,463ac70129c6afec71fa84e3eba457d436781642
u09-v03-controlled-20260711,102bf5192a404f8585153aecf4d5c8885d8bc6940e5105e5f19b02f6e40b4c1b,ddim2_cfg2_tts8__easy__s11__g0__policy_only_off,ddim2_cfg2_tts8__easy__s11__g0__policy_only_off__a01,1,completed,ddim2_cfg2_tts8,ddim,2,2.0,True,rank_8_keep_1,8,easy,0,11,policy_only_off,0.5,62,15.5,True,0.47391723456005785,4.296498516908247,4.5,1.0,1.0,False,False,False,False,False,0,True,False,False,17.96040345957531,20.27455779898446,77.03417131549367,80.63508389896015,12.981252123872368,40,results/research/ral_mujoco_controlled/u09-v03-controlled-20260711/trials/ddim2_cfg2_tts8__easy__s11__g0__policy_only_off__a01.json,463ac70129c6afec71fa84e3eba457d436781642
u09-v03-controlled-20260711,102bf5192a404f8585153aecf4d5c8885d8bc6940e5105e5f19b02f6e40b4c1b,ddim2_cfg2_tts8__easy__s11__g0__system_stabilizer_on,ddim2_cfg2_tts8__easy__s11__g0__system_stabilizer_on__a01,1,failed,ddim2_cfg2_tts8,ddim,2,2.0,True,rank_8_keep_1,8,easy,0,11,system_stabilizer_on,0.5,62,15.5,False,1.1559110697629988,4.713758169470263,4.5,0.0,0.954652283425417,False,False,True,True,False,1,True,False,False,18.615808043804186,21.291592499437684,78.90270325523043,86.9677058992238,12.673837001062575,61,results/research/ral_mujoco_controlled/u09-v03-controlled-20260711/trials/ddim2_cfg2_tts8__easy__s11__g0__system_stabilizer_on__a01.json,463ac70129c6afec71fa84e3eba457d436781642
u09-v03-controlled-20260711,102bf5192a404f8585153aecf4d5c8885d8bc6940e5105e5f19b02f6e40b4c1b,ddim2_cfg2_tts8__easy__s23__g0__policy_only_off,ddim2_cfg2_tts8__easy__s23__g0__policy_only_off__a01,1,completed,ddim2_cfg2_tts8,ddim,2,2.0,True,rank_8_keep_1,8,easy,0,23,policy_only_off,0.5,62,15.5,True,0.4670941065281351,4.325818749395564,4.5,1.0,1.0,False,False,False,False,False,0,True,False,False,18.47971624335293,20.56945000003907,78.25842057881297,82.15087050193688,12.778177640231236,40,results/research/ral_mujoco_controlled/u09-v03-controlled-20260711/trials/ddim2_cfg2_tts8__easy__s23__g0__policy_only_off__a01.json,463ac70129c6afec71fa84e3eba457d436781642
u09-v03-controlled-20260711,102bf5192a404f8585153aecf4d5c8885d8bc6940e5105e5f19b02f6e40b4c1b,ddim2_cfg2_tts8__easy__s23__g0__system_stabilizer_on,ddim2_cfg2_tts8__easy__s23__g0__system_stabilizer_on__a01,1,failed,ddim2_cfg2_tts8,ddim,2,2.0,True,rank_8_keep_1,8,easy,0,23,system_stabilizer_on,0.5,62,15.5,False,1.154317492008857,4.706194025486967,4.5,0.0,0.9561866713590008,False,False,True,True,False,1,True,False,False,17.91167506511872,20.261605500309088,76.99559016985772,81.23039500133018,12.987756802615959,61,results/research/ral_mujoco_controlled/u09-v03-controlled-20260711/trials/ddim2_cfg2_tts8__easy__s23__g0__system_stabilizer_on__a01.json,463ac70129c6afec71fa84e3eba457d436781642
u09-v03-controlled-20260711,102bf5192a404f8585153aecf4d5c8885d8bc6940e5105e5f19b02f6e40b4c1b,ddim2_cfg2_tts8__easy__s47__g0__policy_only_off,ddim2_cfg2_tts8__easy__s47__g0__policy_only_off__a01,1,completed,ddim2_cfg2_tts8,ddim,2,2.0,True,rank_8_keep_1,8,easy,0,47,policy_only_off,0.5,62,15.5,True,0.48159735882827537,4.364059853522713,4.5,1.0,1.0,False,False,False,False,False,0,True,False,False,17.52049052658166,19.035872899075912,76.05465015391626,81.32302410012926,13.148439943859335,41,results/research/ral_mujoco_controlled/u09-v03-controlled-20260711/trials/ddim2_cfg2_tts8__easy__s47__g0__policy_only_off__a01.json,463ac70129c6afec71fa84e3eba457d436781642
u09-v03-controlled-20260711,102bf5192a404f8585153aecf4d5c8885d8bc6940e5105e5f19b02f6e40b4c1b,ddim2_cfg2_tts8__easy__s47__g0__system_stabilizer_on,ddim2_cfg2_tts8__easy__s47__g0__system_stabilizer_on__a01,1,failed,ddim2_cfg2_tts8,ddim,2,2.0,True,rank_8_keep_1,8,easy,0,47,system_stabilizer_on,0.5,62,15.5,False,1.1559110697629988,4.713758169470263,4.5,0.0,0.954652283425417,False,False,True,True,False,1,True,False,False,18.356058695881867,20.803505000003497,77.66403634029322,84.55226239930198,12.875972549487305,61,results/research/ral_mujoco_controlled/u09-v03-controlled-20260711/trials/ddim2_cfg2_tts8__easy__s47__g0__system_stabilizer_on__a01.json,463ac70129c6afec71fa84e3eba457d436781642
u09-v03-controlled-20260711,102bf5192a404f8585153aecf4d5c8885d8bc6940e5105e5f19b02f6e40b4c1b,ddim2_cfg2_tts8__medium__s11__g0__policy_only_off,ddim2_cfg2_tts8__medium__s11__g0__policy_only_off__a01,1,completed,ddim2_cfg2_tts8,ddim,2,2.0,True,rank_8_keep_1,8,medium,0,11,policy_only_off,0.5,62,15.5,True,0.38902721682043834,6.380450264456149,6.5,1.0,1.0,False,False,False,False,False,0,True,False,False,18.31089758921475,21.78691049812187,76.64878828054817,83.9165523997508,13.046520661746438,59,results/research/ral_mujoco_controlled/u09-v03-controlled-20260711/trials/ddim2_cfg2_tts8__medium__s11__g0__policy_only_off__a01.json,463ac70129c6afec71fa84e3eba457d436781642
u09-v03-controlled-20260711,102bf5192a404f8585153aecf4d5c8885d8bc6940e5105e5f19b02f6e40b4c1b,ddim2_cfg2_tts8__medium__s11__g0__system_stabilizer_on,ddim2_cfg2_tts8__medium__s11__g0__system_stabilizer_on__a01,1,failed,ddim2_cfg2_tts8,ddim,2,2.0,True,rank_8_keep_1,8,medium,0,11,system_stabilizer_on,0.5,62,15.5,False,1.0874251977199199,5.719570875849,6.5,0.0,1.0,False,False,False,True,False,0,True,False,False,18.514594965632444,21.16838029887731,77.46303035587593,82.85538719974284,12.909383939743398,61,results/research/ral_mujoco_controlled/u09-v03-controlled-20260711/trials/ddim2_cfg2_tts8__medium__s11__g0__system_stabilizer_on__a01.json,463ac70129c6afec71fa84e3eba457d436781642
u09-v03-controlled-20260711,102bf5192a404f8585153aecf4d5c8885d8bc6940e5105e5f19b02f6e40b4c1b,ddim2_cfg2_tts8__medium__s23__g0__policy_only_off,ddim2_cfg2_tts8__medium__s23__g0__policy_only_off__a01,1,completed,ddim2_cfg2_tts8,ddim,2,2.0,True,rank_8_keep_1,8,medium,0,23,policy_only_off,0.5,62,15.5,True,0.41389459982277316,6.3686457539408226,6.5,1.0,1.0,False,False,False,False,False,0,True,False,False,18.503151428701262,20.59195850051765,77.49794564912455,81.54421399813145,12.903567851044016,59,results/research/ral_mujoco_controlled/u09-v03-controlled-20260711/trials/ddim2_cfg2_tts8__medium__s23__g0__policy_only_off__a01.json,463ac70129c6afec71fa84e3eba457d436781642
u09-v03-controlled-20260711,102bf5192a404f8585153aecf4d5c8885d8bc6940e5105e5f19b02f6e40b4c1b,ddim2_cfg2_tts8__medium__s23__g0__system_stabilizer_on,ddim2_cfg2_tts8__medium__s23__g0__system_stabilizer_on__a01,1,failed,ddim2_cfg2_tts8,ddim,2,2.0,True,rank_8_keep_1,8,medium,0,23,system_stabilizer_on,0.5,62,15.5,False,1.0874251977199199,5.719570875849,6.5,0.0,1.0,False,False,False,True,False,0,True,False,False,18.927195638251103,21.637260550778592,78.65180571179273,84.56838709935255,12.714266264456075,61,results/research/ral_mujoco_controlled/u09-v03-controlled-20260711/trials/ddim2_cfg2_tts8__medium__s23__g0__system_stabilizer_on__a01.json,463ac70129c6afec71fa84e3eba457d436781642
u09-v03-controlled-20260711,102bf5192a404f8585153aecf4d5c8885d8bc6940e5105e5f19b02f6e40b4c1b,ddim2_cfg2_tts8__medium__s47__g0__policy_only_off,ddim2_cfg2_tts8__medium__s47__g0__policy_only_off__a01,1,completed,ddim2_cfg2_tts8,ddim,2,2.0,True,rank_8_keep_1,8,medium,0,47,policy_only_off,0.5,62,15.5,True,0.4299174967735938,6.333349047959897,6.5,1.0,1.0,False,False,False,False,False,0,True,False,False,17.994602946081223,19.861909249812015,76.64725417539319,80.68602580024162,13.046781789621365,59,results/research/ral_mujoco_controlled/u09-v03-controlled-20260711/trials/ddim2_cfg2_tts8__medium__s47__g0__policy_only_off__a01.json,463ac70129c6afec71fa84e3eba457d436781642
u09-v03-controlled-20260711,102bf5192a404f8585153aecf4d5c8885d8bc6940e5105e5f19b02f6e40b4c1b,ddim2_cfg2_tts8__medium__s47__g0__system_stabilizer_on,ddim2_cfg2_tts8__medium__s47__g0__system_stabilizer_on__a01,1,failed,ddim2_cfg2_tts8,ddim,2,2.0,True,rank_8_keep_1,8,medium,0,47,system_stabilizer_on,0.5,62,15.5,False,1.0874251977199199,5.719570875849,6.5,0.0,1.0,False,False,False,True,False,0,True,False,False,18.12374250014194,20.062982499985083,76.73340333910299,83.65206510061398,13.032134070487716,61,results/research/ral_mujoco_controlled/u09-v03-controlled-20260711/trials/ddim2_cfg2_tts8__medium__s47__g0__system_stabilizer_on__a01.json,463ac70129c6afec71fa84e3eba457d436781642
u09-v03-controlled-20260711,102bf5192a404f8585153aecf4d5c8885d8bc6940e5105e5f19b02f6e40b4c1b,ddim3_cfg0_standard_k8__easy__s11__g0__policy_only_off,ddim3_cfg0_standard_k8__easy__s11__g0__policy_only_off__a01,1,completed,ddim3_cfg0_standard_k8,ddim,3,0.0,False,mean_of_8,8,easy,0,11,policy_only_off,0.5,62,15.5,True,0.4154166254451492,4.477464392679894,4.5,1.0,1.0,False,False,False,False,False,0,True,False,False,14.666745589355019,18.03557490020467,58.66155332496419,66.9794302986702,17.04694034370953,42,results/research/ral_mujoco_controlled/u09-v03-controlled-20260711/trials/ddim3_cfg0_standard_k8__easy__s11__g0__policy_only_off__a01.json,463ac70129c6afec71fa84e3eba457d436781642
u09-v03-controlled-20260711,102bf5192a404f8585153aecf4d5c8885d8bc6940e5105e5f19b02f6e40b4c1b,ddim3_cfg0_standard_k8__easy__s11__g0__system_stabilizer_on,ddim3_cfg0_standard_k8__easy__s11__g0__system_stabilizer_on__a01,1,failed,ddim3_cfg0_standard_k8,ddim,3,0.0,False,mean_of_8,8,easy,0,11,system_stabilizer_on,0.5,62,15.5,False,1.1559110697629988,4.713758169470263,4.5,0.0,0.954652283425417,False,False,True,True,False,1,True,False,False,14.42358734778321,16.485798999383405,59.292752233964265,63.42561500168813,16.865467739700854,61,results/research/ral_mujoco_controlled/u09-v03-controlled-20260711/trials/ddim3_cfg0_standard_k8__easy__s11__g0__system_stabilizer_on__a01.json,463ac70129c6afec71fa84e3eba457d436781642
u09-v03-controlled-20260711,102bf5192a404f8585153aecf4d5c8885d8bc6940e5105e5f19b02f6e40b4c1b,ddim3_cfg0_standard_k8__easy__s23__g0__policy_only_off,ddim3_cfg0_standard_k8__easy__s23__g0__policy_only_off__a01,1,completed,ddim3_cfg0_standard_k8,ddim,3,0.0,False,mean_of_8,8,easy,0,23,policy_only_off,0.5,62,15.5,True,0.48127171010905145,4.432762030982238,4.5,1.0,1.0,False,False,False,False,False,0,True,False,False,14.350636920808986,16.34896344748995,58.353166333220614,65.17484089890786,17.137030650395012,41,results/research/ral_mujoco_controlled/u09-v03-controlled-20260711/trials/ddim3_cfg0_standard_k8__easy__s23__g0__policy_only_off__a01.json,463ac70129c6afec71fa84e3eba457d436781642
u09-v03-controlled-20260711,102bf5192a404f8585153aecf4d5c8885d8bc6940e5105e5f19b02f6e40b4c1b,ddim3_cfg0_standard_k8__easy__s23__g0__system_stabilizer_on,ddim3_cfg0_standard_k8__easy__s23__g0__system_stabilizer_on__a01,1,failed,ddim3_cfg0_standard_k8,ddim,3,0.0,False,mean_of_8,8,easy,0,23,system_stabilizer_on,0.5,62,15.5,False,1.154317492008857,4.706194025486967,4.5,0.0,0.9561866713590008,False,False,True,True,False,1,True,False,False,14.512861087021758,16.37965699956112,59.41877931926432,65.51845689864422,16.829696123962403,61,results/research/ral_mujoco_controlled/u09-v03-controlled-20260711/trials/ddim3_cfg0_standard_k8__easy__s23__g0__system_stabilizer_on__a01.json,463ac70129c6afec71fa84e3eba457d436781642
u09-v03-controlled-20260711,102bf5192a404f8585153aecf4d5c8885d8bc6940e5105e5f19b02f6e40b4c1b,ddim3_cfg0_standard_k8__easy__s47__g0__policy_only_off,ddim3_cfg0_standard_k8__easy__s47__g0__policy_only_off__a01,1,completed,ddim3_cfg0_standard_k8,ddim,3,0.0,False,mean_of_8,8,easy,0,47,policy_only_off,0.5,62,15.5,True,0.49086933772514635,4.415606136729004,4.5,1.0,1.0,False,False,False,False,False,0,True,False,False,14.931920079011194,18.26084564800112,58.975550769108125,66.42319240054348,16.956179076903307,41,results/research/ral_mujoco_controlled/u09-v03-controlled-20260711/trials/ddim3_cfg0_standard_k8__easy__s47__g0__policy_only_off__a01.json,463ac70129c6afec71fa84e3eba457d436781642
u09-v03-controlled-20260711,102bf5192a404f8585153aecf4d5c8885d8bc6940e5105e5f19b02f6e40b4c1b,ddim3_cfg0_standard_k8__easy__s47__g0__system_stabilizer_on,ddim3_cfg0_standard_k8__easy__s47__g0__system_stabilizer_on__a01,1,failed,ddim3_cfg0_standard_k8,ddim,3,0.0,False,mean_of_8,8,easy,0,47,system_stabilizer_on,0.5,62,15.5,False,1.1559110697629988,4.713758169470263,4.5,0.0,0.954652283425417,False,False,True,True,False,1,True,False,False,14.347149717492437,16.515659249307646,59.21195878731174,62.60410489921924,16.888480308377932,61,results/research/ral_mujoco_controlled/u09-v03-controlled-20260711/trials/ddim3_cfg0_standard_k8__easy__s47__g0__system_stabilizer_on__a01.json,463ac70129c6afec71fa84e3eba457d436781642
u09-v03-controlled-20260711,102bf5192a404f8585153aecf4d5c8885d8bc6940e5105e5f19b02f6e40b4c1b,ddim3_cfg0_standard_k8__medium__s11__g0__policy_only_off,ddim3_cfg0_standard_k8__medium__s11__g0__policy_only_off__a01,1,completed,ddim3_cfg0_standard_k8,ddim,3,0.0,False,mean_of_8,8,medium,0,11,policy_only_off,0.5,62,15.5,True,0.4934528008093522,6.407381586183533,6.5,1.0,1.0,False,False,False,False,False,0,True,False,False,14.483341105356853,17.88599420033278,59.274041362030026,68.6189676518552,16.870791615038815,60,results/research/ral_mujoco_controlled/u09-v03-controlled-20260711/trials/ddim3_cfg0_standard_k8__medium__s11__g0__policy_only_off__a01.json,463ac70129c6afec71fa84e3eba457d436781642
u09-v03-controlled-20260711,102bf5192a404f8585153aecf4d5c8885d8bc6940e5105e5f19b02f6e40b4c1b,ddim3_cfg0_standard_k8__medium__s11__g0__system_stabilizer_on,ddim3_cfg0_standard_k8__medium__s11__g0__system_stabilizer_on__a01,1,failed,ddim3_cfg0_standard_k8,ddim,3,0.0,False,mean_of_8,8,medium,0,11,system_stabilizer_on,0.5,62,15.5,False,1.0874251977199199,5.719570875849,6.5,0.0,1.0,False,False,False,True,False,0,True,False,False,14.698592258668967,16.763891000482545,59.35564722047706,64.13753079978049,16.847596594903454,61,results/research/ral_mujoco_controlled/u09-v03-controlled-20260711/trials/ddim3_cfg0_standard_k8__medium__s11__g0__system_stabilizer_on__a01.json,463ac70129c6afec71fa84e3eba457d436781642
u09-v03-controlled-20260711,102bf5192a404f8585153aecf4d5c8885d8bc6940e5105e5f19b02f6e40b4c1b,ddim3_cfg0_standard_k8__medium__s23__g0__policy_only_off,ddim3_cfg0_standard_k8__medium__s23__g0__policy_only_off__a01,1,completed,ddim3_cfg0_standard_k8,ddim,3,0.0,False,mean_of_8,8,medium,0,23,policy_only_off,0.5,62,15.5,True,0.4239694104822216,6.3859475758550595,6.5,1.0,1.0,False,False,False,False,False,0,True,False,False,14.754364303696223,17.035514751114533,59.28286687744651,66.5593325989903,16.868280038940537,59,results/research/ral_mujoco_controlled/u09-v03-controlled-20260711/trials/ddim3_cfg0_standard_k8__medium__s23__g0__policy_only_off__a01.json,463ac70129c6afec71fa84e3eba457d436781642
u09-v03-controlled-20260711,102bf5192a404f8585153aecf4d5c8885d8bc6940e5105e5f19b02f6e40b4c1b,ddim3_cfg0_standard_k8__medium__s23__g0__system_stabilizer_on,ddim3_cfg0_standard_k8__medium__s23__g0__system_stabilizer_on__a01,1,failed,ddim3_cfg0_standard_k8,ddim,3,0.0,False,mean_of_8,8,medium,0,23,system_stabilizer_on,0.5,62,15.5,False,1.0874251977199199,5.719570875849,6.5,0.0,1.0,False,False,False,True,False,0,True,False,False,14.010979051567245,15.960619398720155,57.765095271167674,61.77944260016375,17.311492265453435,61,results/research/ral_mujoco_controlled/u09-v03-controlled-20260711/trials/ddim3_cfg0_standard_k8__medium__s23__g0__system_stabilizer_on__a01.json,463ac70129c6afec71fa84e3eba457d436781642
u09-v03-controlled-20260711,102bf5192a404f8585153aecf4d5c8885d8bc6940e5105e5f19b02f6e40b4c1b,ddim3_cfg0_standard_k8__medium__s47__g0__policy_only_off,ddim3_cfg0_standard_k8__medium__s47__g0__policy_only_off__a01,1,failed,ddim3_cfg0_standard_k8,ddim,3,0.0,False,mean_of_8,8,medium,0,47,policy_only_off,0.5,62,15.5,False,2.819452642183963,5.036181148929501,6.5,0.0,1.0,False,False,True,True,False,1,True,False,False,14.217199386207954,15.913381299105822,58.47875446682641,64.00052199824131,17.10022740937952,61,results/research/ral_mujoco_controlled/u09-v03-controlled-20260711/trials/ddim3_cfg0_standard_k8__medium__s47__g0__policy_only_off__a01.json,463ac70129c6afec71fa84e3eba457d436781642
u09-v03-controlled-20260711,102bf5192a404f8585153aecf4d5c8885d8bc6940e5105e5f19b02f6e40b4c1b,ddim3_cfg0_standard_k8__medium__s47__g0__system_stabilizer_on,ddim3_cfg0_standard_k8__medium__s47__g0__system_stabilizer_on__a01,1,failed,ddim3_cfg0_standard_k8,ddim,3,0.0,False,mean_of_8,8,medium,0,47,system_stabilizer_on,0.5,62,15.5,False,1.0874251977199199,5.719570875849,6.5,0.0,1.0,False,False,False,True,False,0,True,False,False,14.481899930803499,16.603218350974203,59.216734762446585,64.38230639942049,16.88711821095156,61,results/research/ral_mujoco_controlled/u09-v03-controlled-20260711/trials/ddim3_cfg0_standard_k8__medium__s47__g0__system_stabilizer_on__a01.json,463ac70129c6afec71fa84e3eba457d436781642
u09-v03-controlled-20260711,102bf5192a404f8585153aecf4d5c8885d8bc6940e5105e5f19b02f6e40b4c1b,ddpm10_cfg0_standard_k8__easy__s11__g0__policy_only_off,ddpm10_cfg0_standard_k8__easy__s11__g0__policy_only_off__a01,1,completed,ddpm10_cfg0_standard_k8,ddpm,10,0.0,False,mean_of_8,8,easy,0,11,policy_only_off,0.5,62,15.5,True,0.49841552132779354,4.46630390391215,4.5,1.0,1.0,False,False,False,False,False,0,True,False,False,42.37887553823291,46.676626200496685,90.09857752489552,144.76057844967727,11.098954361667762,42,results/research/ral_mujoco_controlled/u09-v03-controlled-20260711/trials/ddpm10_cfg0_standard_k8__easy__s11__g0__policy_only_off__a01.json,463ac70129c6afec71fa84e3eba457d436781642
u09-v03-controlled-20260711,102bf5192a404f8585153aecf4d5c8885d8bc6940e5105e5f19b02f6e40b4c1b,ddpm10_cfg0_standard_k8__easy__s11__g0__system_stabilizer_on,ddpm10_cfg0_standard_k8__easy__s11__g0__system_stabilizer_on__a01,1,failed,ddpm10_cfg0_standard_k8,ddpm,10,0.0,False,mean_of_8,8,easy,0,11,system_stabilizer_on,0.5,62,15.5,False,1.1559110697629988,4.713758169470263,4.5,0.0,0.954652283425417,False,False,True,True,False,1,True,False,False,41.55752223936282,44.22418124977412,84.32972061711281,89.3430411000736,11.858215498428589,61,results/research/ral_mujoco_controlled/u09-v03-controlled-20260711/trials/ddpm10_cfg0_standard_k8__easy__s11__g0__system_stabilizer_on__a01.json,463ac70129c6afec71fa84e3eba457d436781642
u09-v03-controlled-20260711,102bf5192a404f8585153aecf4d5c8885d8bc6940e5105e5f19b02f6e40b4c1b,ddpm10_cfg0_standard_k8__easy__s23__g0__policy_only_off,ddpm10_cfg0_standard_k8__easy__s23__g0__policy_only_off__a01,1,completed,ddpm10_cfg0_standard_k8,ddpm,10,0.0,False,mean_of_8,8,easy,0,23,policy_only_off,0.5,62,15.5,True,0.44155622953157464,4.51142887789828,4.5,0.9974666833485349,0.9974666833485349,False,False,False,False,False,0,True,False,False,43.04020425609988,46.89643329802493,85.15416259979247,92.56283750055445,11.743407127374383,42,results/research/ral_mujoco_controlled/u09-v03-controlled-20260711/trials/ddpm10_cfg0_standard_k8__easy__s23__g0__policy_only_off__a01.json,463ac70129c6afec71fa84e3eba457d436781642
u09-v03-controlled-20260711,102bf5192a404f8585153aecf4d5c8885d8bc6940e5105e5f19b02f6e40b4c1b,ddpm10_cfg0_standard_k8__easy__s23__g0__system_stabilizer_on,ddpm10_cfg0_standard_k8__easy__s23__g0__system_stabilizer_on__a01,1,failed,ddpm10_cfg0_standard_k8,ddpm,10,0.0,False,mean_of_8,8,easy,0,23,system_stabilizer_on,0.5,62,15.5,False,1.154317492008857,4.706194025486967,4.5,0.0,0.9561866713590008,False,False,True,True,False,1,True,False,False,41.45952163067388,45.879298751970055,84.33213187248491,89.75618659969768,11.857876443963947,61,results/research/ral_mujoco_controlled/u09-v03-controlled-20260711/trials/ddpm10_cfg0_standard_k8__easy__s23__g0__system_stabilizer_on__a01.json,463ac70129c6afec71fa84e3eba457d436781642
u09-v03-controlled-20260711,102bf5192a404f8585153aecf4d5c8885d8bc6940e5105e5f19b02f6e40b4c1b,ddpm10_cfg0_standard_k8__easy__s47__g0__policy_only_off,ddpm10_cfg0_standard_k8__easy__s47__g0__policy_only_off__a01,1,completed,ddpm10_cfg0_standard_k8,ddpm,10,0.0,False,mean_of_8,8,easy,0,47,policy_only_off,0.5,62,15.5,True,0.44739808344787396,4.38023100774782,4.5,1.0,1.0,False,False,False,False,False,0,True,False,False,43.29197539463119,47.67091894882469,85.8586468461092,90.84975809964817,11.647050550335065,41,results/research/ral_mujoco_controlled/u09-v03-controlled-20260711/trials/ddpm10_cfg0_standard_k8__easy__s47__g0__policy_only_off__a01.json,463ac70129c6afec71fa84e3eba457d436781642
u09-v03-controlled-20260711,102bf5192a404f8585153aecf4d5c8885d8bc6940e5105e5f19b02f6e40b4c1b,ddpm10_cfg0_standard_k8__easy__s47__g0__system_stabilizer_on,ddpm10_cfg0_standard_k8__easy__s47__g0__system_stabilizer_on__a01,1,failed,ddpm10_cfg0_standard_k8,ddpm,10,0.0,False,mean_of_8,8,easy,0,47,system_stabilizer_on,0.5,62,15.5,False,1.1559110697629988,4.713758169470263,4.5,0.0,0.954652283425417,False,False,True,True,False,1,True,False,False,42.92583608667369,46.85286324820481,86.33501599994835,91.38798539970594,11.58278583049777,61,results/research/ral_mujoco_controlled/u09-v03-controlled-20260711/trials/ddpm10_cfg0_standard_k8__easy__s47__g0__system_stabilizer_on__a01.json,463ac70129c6afec71fa84e3eba457d436781642
u09-v03-controlled-20260711,102bf5192a404f8585153aecf4d5c8885d8bc6940e5105e5f19b02f6e40b4c1b,ddpm10_cfg0_standard_k8__medium__s11__g0__policy_only_off,ddpm10_cfg0_standard_k8__medium__s11__g0__policy_only_off__a01,1,completed,ddpm10_cfg0_standard_k8,ddpm,10,0.0,False,mean_of_8,8,medium,0,11,policy_only_off,0.5,62,15.5,True,0.49359823085420773,6.435778467878483,6.5,1.0,1.0,False,False,False,False,False,0,True,False,False,43.069006999806,46.30732579971664,84.9798993100382,89.21567859961215,11.767488642833394,60,results/research/ral_mujoco_controlled/u09-v03-controlled-20260711/trials/ddpm10_cfg0_standard_k8__medium__s11__g0__policy_only_off__a01.json,463ac70129c6afec71fa84e3eba457d436781642
u09-v03-controlled-20260711,102bf5192a404f8585153aecf4d5c8885d8bc6940e5105e5f19b02f6e40b4c1b,ddpm10_cfg0_standard_k8__medium__s11__g0__system_stabilizer_on,ddpm10_cfg0_standard_k8__medium__s11__g0__system_stabilizer_on__a01,1,failed,ddpm10_cfg0_standard_k8,ddpm,10,0.0,False,mean_of_8,8,medium,0,11,system_stabilizer_on,0.5,62,15.5,False,1.0874251977199199,5.719570875849,6.5,0.0,1.0,False,False,False,True,False,0,True,False,False,41.54664196520853,44.50822524813702,83.59911661016483,87.30232779998914,11.96184888726934,61,results/research/ral_mujoco_controlled/u09-v03-controlled-20260711/trials/ddpm10_cfg0_standard_k8__medium__s11__g0__system_stabilizer_on__a01.json,463ac70129c6afec71fa84e3eba457d436781642
u09-v03-controlled-20260711,102bf5192a404f8585153aecf4d5c8885d8bc6940e5105e5f19b02f6e40b4c1b,ddpm10_cfg0_standard_k8__medium__s23__g0__policy_only_off,ddpm10_cfg0_standard_k8__medium__s23__g0__policy_only_off__a01,1,failed,ddpm10_cfg0_standard_k8,ddpm,10,0.0,False,mean_of_8,8,medium,0,23,policy_only_off,0.5,62,15.5,False,0.5084423714095532,6.548551764229597,6.5,0.0,0.9925858776142226,False,False,False,True,False,0,True,False,False,46.13065832770722,53.01095000068017,90.43469388144963,101.16690159775314,11.05770315661039,61,results/research/ral_mujoco_controlled/u09-v03-controlled-20260711/trials/ddpm10_cfg0_standard_k8__medium__s23__g0__policy_only_off__a01.json,463ac70129c6afec71fa84e3eba457d436781642
u09-v03-controlled-20260711,102bf5192a404f8585153aecf4d5c8885d8bc6940e5105e5f19b02f6e40b4c1b,ddpm10_cfg0_standard_k8__medium__s23__g0__system_stabilizer_on,ddpm10_cfg0_standard_k8__medium__s23__g0__system_stabilizer_on__a01,1,failed,ddpm10_cfg0_standard_k8,ddpm,10,0.0,False,mean_of_8,8,medium,0,23,system_stabilizer_on,0.5,62,15.5,False,1.0874251977199199,5.719570875849,6.5,0.0,1.0,False,False,False,True,False,0,True,False,False,43.995332155112735,52.9509819989471,87.94620516938127,96.6867486022238,11.370587259268726,61,results/research/ral_mujoco_controlled/u09-v03-controlled-20260711/trials/ddpm10_cfg0_standard_k8__medium__s23__g0__system_stabilizer_on__a01.json,463ac70129c6afec71fa84e3eba457d436781642
u09-v03-controlled-20260711,102bf5192a404f8585153aecf4d5c8885d8bc6940e5105e5f19b02f6e40b4c1b,ddpm10_cfg0_standard_k8__medium__s47__g0__policy_only_off,ddpm10_cfg0_standard_k8__medium__s47__g0__policy_only_off__a01,1,failed,ddpm10_cfg0_standard_k8,ddpm,10,0.0,False,mean_of_8,8,medium,0,47,policy_only_off,0.5,62,15.5,False,1.027296423681802,5.840573604864557,6.5,0.0,1.0,False,False,False,True,False,0,True,False,False,42.537574655178666,48.17074294860504,86.20926623725455,91.80267060000915,11.599681143879856,61,results/research/ral_mujoco_controlled/u09-v03-controlled-20260711/trials/ddpm10_cfg0_standard_k8__medium__s47__g0__policy_only_off__a01.json,463ac70129c6afec71fa84e3eba457d436781642
u09-v03-controlled-20260711,102bf5192a404f8585153aecf4d5c8885d8bc6940e5105e5f19b02f6e40b4c1b,ddpm10_cfg0_standard_k8__medium__s47__g0__system_stabilizer_on,ddpm10_cfg0_standard_k8__medium__s47__g0__system_stabilizer_on__a01,1,failed,ddpm10_cfg0_standard_k8,ddpm,10,0.0,False,mean_of_8,8,medium,0,47,system_stabilizer_on,0.5,62,15.5,False,1.0874251977199199,5.719570875849,6.5,0.0,1.0,False,False,False,True,False,0,True,False,False,43.03877868946513,45.89109620046656,86.30116374590247,93.56750470069528,11.58732926179665,61,results/research/ral_mujoco_controlled/u09-v03-controlled-20260711/trials/ddpm10_cfg0_standard_k8__medium__s47__g0__system_stabilizer_on__a01.json,463ac70129c6afec71fa84e3eba457d436781642
