source_experiment,comparison_group,config_id,encoder,scheduler,num_steps,cfg_weight,tts_budget,tts_topk,tts_verifier,num_cases,latency_mean_ms,latency_ci95_ms,latency_p50_ms,latency_p90_ms,latency_p95_ms,hz_mean,forward_progress,smoothness,lateral_abs,diversity,endpoint_norm,invalid_or_saturation,quality_proxy,quality_proxy_ci95,quality_proxy_scope,pareto_frontier,budget_mode,risk_note
cfg_sweep,cfg_sweep,ddpm10_cfg-1_tts0,efficientnet_b0,ddpm,10,-1,0,0,none,24,42.281068,1.0399131,41.834119,45.474179,45.974519,23.651247,8.4997261,0.11095851,2.8758383,0.28251261,9.1676493,NA,0.13776304,0.82509268,within_source_case_zscore,true,Quality,proxy normalized within source; Pareto not cross-experiment; invalid/saturation unavailable
cfg_sweep,cfg_sweep,ddpm10_cfg0_tts0,efficientnet_b0,ddpm,10,0,0,0,none,24,42.64658,1.0271729,41.860533,45.896483,47.217536,23.448539,8.5225491,0.11208743,2.8855385,0.28786713,9.1800678,NA,0.1430638,0.80322306,within_source_case_zscore,true,Baseline,proxy normalized within source; Pareto not cross-experiment; invalid/saturation unavailable
cfg_sweep,cfg_sweep,ddpm10_cfg0.5_tts0,efficientnet_b0,ddpm,10,0.5,0,0,none,24,78.269766,1.3831504,78.642408,82.459742,82.982454,12.776325,8.5146043,0.11372132,2.8750049,0.28501212,9.1705965,NA,0.10005688,0.81989976,within_source_case_zscore,false,Dominated,proxy normalized within source; Pareto not cross-experiment; invalid/saturation unavailable
cfg_sweep,cfg_sweep,ddpm10_cfg2_tts0,efficientnet_b0,ddpm,10,2,0,0,none,24,78.807363,1.6157989,78.451603,82.82178,85.903433,12.68917,8.5272804,0.12170204,2.9518364,0.29897043,9.2353708,NA,-0.055157483,0.86082904,within_source_case_zscore,false,Dominated,proxy normalized within source; Pareto not cross-experiment; invalid/saturation unavailable
cfg_sweep,cfg_sweep,ddpm10_cfg4_tts0,efficientnet_b0,ddpm,10,4,0,0,none,24,78.921693,1.6900189,77.850738,83.153367,83.725699,12.670787,8.4831193,0.13425541,3.0885548,0.30405767,9.3319963,NA,-0.41236721,1.0252131,within_source_case_zscore,false,Dominated,proxy normalized within source; Pareto not cross-experiment; invalid/saturation unavailable
cfg_sweep,cfg_sweep,ddpm10_cfg1_tts0,efficientnet_b0,ddpm,10,1,0,0,none,24,79.749802,1.5151049,79.599491,83.969954,84.697462,12.539216,8.5725008,0.11433088,2.9012576,0.27742945,9.2428005,NA,0.086640968,0.82792129,within_source_case_zscore,false,Dominated,proxy normalized within source; Pareto not cross-experiment; invalid/saturation unavailable
ddim_cfg_joint,ddim_cfg_joint,ddim2_w0.0,efficientnet_b0,ddim,2,0,0,0,none,24,9.9880216,0.23666817,9.7225471,10.879922,11.171855,100.11993,8.0889168,0.12366901,2.3117688,0.3897009,8.6748848,NA,0.18901836,0.71574484,within_source_case_zscore,true,Fast,proxy normalized within source; Pareto not cross-experiment; invalid/saturation unavailable
ddim_cfg_joint,ddim_cfg_joint,ddim3_w0.0,efficientnet_b0,ddim,3,0,0,0,none,24,14.59944,0.38660811,14.277395,15.546986,15.728303,68.495777,8.0761377,0.10746906,2.3420341,0.32075205,8.680635,NA,0.18657109,0.74117235,within_source_case_zscore,false,Dominated,proxy normalized within source; Pareto not cross-experiment; invalid/saturation unavailable
ddim_cfg_joint,ddim_cfg_joint,ddim2_w0.5,efficientnet_b0,ddim,2,0.5,0,0,none,24,17.826803,0.38311052,17.730683,19.229447,19.62451,56.095309,8.1057108,0.12456203,2.3650794,0.38198866,8.7159908,NA,0.12584322,0.75419489,within_source_case_zscore,false,Dominated,proxy normalized within source; Pareto not cross-experiment; invalid/saturation unavailable
ddim_cfg_joint,ddim_cfg_joint,ddim2_w1.0,efficientnet_b0,ddim,2,1,0,0,none,24,18.824572,0.51963398,18.459582,20.989653,21.169432,53.122058,8.121876,0.12594352,2.4217566,0.37596483,8.7581586,NA,0.058592115,0.7888241,within_source_case_zscore,false,Dominated,proxy normalized within source; Pareto not cross-experiment; invalid/saturation unavailable
ddim_cfg_joint,ddim_cfg_joint,ddim2_w2.0,efficientnet_b0,ddim,2,2,0,0,none,24,18.842012,0.61617015,18.365145,20.579469,21.21862,53.072888,8.1517671,0.12995118,2.5419986,0.36714737,8.844495,NA,-0.089432165,0.85446616,within_source_case_zscore,false,Dominated,proxy normalized within source; Pareto not cross-experiment; invalid/saturation unavailable
ddim_cfg_joint,ddim_cfg_joint,ddim5_w0.0,efficientnet_b0,ddim,5,0,0,0,none,24,24.627593,0.47385794,24.333726,26.182873,26.343664,40.604862,8.0317156,0.10434881,2.3964472,0.29056313,8.6743195,NA,0.08274294,0.7903956,within_source_case_zscore,false,Dominated,proxy normalized within source; Pareto not cross-experiment; invalid/saturation unavailable
ddim_cfg_joint,ddim_cfg_joint,ddim3_w1.0,efficientnet_b0,ddim,3,1,0,0,none,24,26.621545,0.38523839,26.604206,28.03332,28.203497,37.56356,8.1085922,0.10959954,2.4520895,0.30704965,8.7626558,NA,0.058305434,0.80939699,within_source_case_zscore,false,Dominated,proxy normalized within source; Pareto not cross-experiment; invalid/saturation unavailable
ddim_cfg_joint,ddim_cfg_joint,ddim3_w2.0,efficientnet_b0,ddim,3,2,0,0,none,24,26.724523,0.38984887,26.528294,27.938885,28.24251,37.418815,8.1379516,0.11352625,2.5711279,0.2987225,8.8466015,NA,-0.086293444,0.86882528,within_source_case_zscore,false,Dominated,proxy normalized within source; Pareto not cross-experiment; invalid/saturation unavailable
ddim_cfg_joint,ddim_cfg_joint,ddim3_w0.5,efficientnet_b0,ddim,3,0.5,0,0,none,24,27.037912,0.47491584,27.018928,28.471184,28.73561,36.985105,8.0927006,0.10827156,2.3956218,0.31297369,8.7213627,NA,0.12435888,0.77767382,within_source_case_zscore,false,Dominated,proxy normalized within source; Pareto not cross-experiment; invalid/saturation unavailable
ddim_cfg_joint,ddim_cfg_joint,ddim10_w0.0,efficientnet_b0,ddim,10,0,0,0,none,24,41.610659,1.0874554,41.569705,44.60648,44.9341,24.032304,7.9809549,0.10953573,2.4499438,0.33122731,8.6586781,NA,0.089470256,0.78563499,within_source_case_zscore,false,Dominated,proxy normalized within source; Pareto not cross-experiment; invalid/saturation unavailable
ddim_cfg_joint,ddim_cfg_joint,ddim5_w2.0,efficientnet_b0,ddim,5,2,0,0,none,24,43.758586,0.5291734,43.168705,45.393687,45.53323,22.852658,8.0949124,0.11020249,2.619561,0.27096441,8.8381854,NA,-0.1745649,0.89932753,within_source_case_zscore,false,Dominated,proxy normalized within source; Pareto not cross-experiment; invalid/saturation unavailable
ddim_cfg_joint,ddim_cfg_joint,ddim5_w1.0,efficientnet_b0,ddim,5,1,0,0,none,24,44.131293,0.46823075,44.211336,45.378052,45.670707,22.659658,8.0651205,0.1063816,2.5033774,0.27868781,8.7552024,NA,-0.035505797,0.847052,within_source_case_zscore,false,Dominated,proxy normalized within source; Pareto not cross-experiment; invalid/saturation unavailable
ddim_cfg_joint,ddim_cfg_joint,ddim5_w0.5,efficientnet_b0,ddim,5,0.5,0,0,none,24,44.194914,0.61257684,44.101516,46.503376,47.365975,22.627038,8.0488775,0.1050917,2.4478314,0.28397199,8.7145434,NA,0.027065375,0.8202943,within_source_case_zscore,false,Dominated,proxy normalized within source; Pareto not cross-experiment; invalid/saturation unavailable
ddim_cfg_joint,ddim_cfg_joint,ddpm10_w0.0,efficientnet_b0,ddpm,10,0,0,0,none,24,44.907961,1.3569929,44.014913,50.115992,50.816841,22.267767,8.0177688,0.10090205,2.396864,0.2536352,8.6701244,NA,0.0036731782,0.82855859,within_source_case_zscore,false,Baseline,proxy normalized within source; Pareto not cross-experiment; invalid/saturation unavailable
ddim_cfg_joint,ddim_cfg_joint,ddpm10_w2.0,efficientnet_b0,ddpm,10,2,0,0,none,24,80.497982,1.2787925,80.398352,84.774299,85.395469,12.422672,8.0803944,0.10722383,2.6225702,0.23685576,8.8290062,NA,-0.25301822,0.92078848,within_source_case_zscore,false,Dominated,proxy normalized within source; Pareto not cross-experiment; invalid/saturation unavailable
ddim_cfg_joint,ddim_cfg_joint,ddim10_w0.5,efficientnet_b0,ddim,10,0.5,0,0,none,24,80.913819,1.7131336,80.563742,87.314806,87.505183,12.358828,7.9993012,0.11010299,2.4979288,0.32372584,8.6979763,NA,0.035827665,0.81523266,within_source_case_zscore,false,Dominated,proxy normalized within source; Pareto not cross-experiment; invalid/saturation unavailable
ddim_cfg_joint,ddim_cfg_joint,ddpm10_w0.5,efficientnet_b0,ddpm,10,0.5,0,0,none,24,83.393789,1.2075684,82.66588,86.748385,88.354877,11.991301,8.0348927,0.10180001,2.448342,0.24850572,8.7084835,NA,-0.049486118,0.85140506,within_source_case_zscore,false,Dominated,proxy normalized within source; Pareto not cross-experiment; invalid/saturation unavailable
ddim_cfg_joint,ddim_cfg_joint,ddpm10_w1.0,efficientnet_b0,ddpm,10,1,0,0,none,24,86.47022,1.8318513,86.078701,91.715506,92.767179,11.564675,8.0509792,0.10320785,2.504712,0.24403601,8.7477141,NA,-0.11164112,0.87367445,within_source_case_zscore,false,Dominated,proxy normalized within source; Pareto not cross-experiment; invalid/saturation unavailable
ddim_cfg_joint,ddim_cfg_joint,ddim10_w2.0,efficientnet_b0,ddim,10,2,0,0,none,24,87.530416,1.9633497,86.136319,91.999063,94.142528,11.4246,8.049166,0.114723,2.6602876,0.30876999,8.8201028,NA,-0.15790206,0.89326061,within_source_case_zscore,false,Dominated,proxy normalized within source; Pareto not cross-experiment; invalid/saturation unavailable
ddim_cfg_joint,ddim_cfg_joint,ddim10_w1.0,efficientnet_b0,ddim,10,1,0,0,none,24,89.212361,1.3409501,89.014763,92.987846,93.955125,11.209209,8.0167516,0.1112188,2.5497004,0.31778884,8.7378329,NA,-0.023624687,0.84143277,within_source_case_zscore,false,Dominated,proxy normalized within source; Pareto not cross-experiment; invalid/saturation unavailable
ddim_sweep,ddim_sweep,ddim_1,efficientnet_b0,ddim,1,0,0,0,none,24,4.5092175,0.14269577,4.4556276,5.0916544,5.1582313,221.76797,9.2789335,3.9242098,5.7025127,4.7356756,12.233411,NA,-1.7808658,0.17449757,within_source_case_zscore,true,Fast,proxy normalized within source; Pareto not cross-experiment; invalid/saturation unavailable
ddim_sweep,ddim_sweep,ddim_2,efficientnet_b0,ddim,2,0,0,0,none,24,8.2587878,0.2779293,8.0436026,9.4267175,9.6439011,121.08315,6.647147,0.16156882,2.3168218,0.37723289,7.6008774,NA,0.42965871,0.57826953,within_source_case_zscore,true,Fast,proxy normalized within source; Pareto not cross-experiment; invalid/saturation unavailable
ddim_sweep,ddim_sweep,ddim_3,efficientnet_b0,ddim,3,0,0,0,none,24,11.657855,0.34380343,11.502868,12.633671,12.885454,85.779076,6.6224204,0.14974072,2.3555952,0.30624472,7.6063397,NA,0.39075203,0.58623047,within_source_case_zscore,false,Dominated,proxy normalized within source; Pareto not cross-experiment; invalid/saturation unavailable
ddim_sweep,ddim_sweep,ddim_5,efficientnet_b0,ddim,5,0,0,0,none,24,19.258101,0.43193539,18.861485,20.923247,21.111613,51.926199,6.5257252,0.14836453,2.3860773,0.27062565,7.5865579,NA,0.33802235,0.60782616,within_source_case_zscore,false,Dominated,proxy normalized within source; Pareto not cross-experiment; invalid/saturation unavailable
ddim_sweep,ddim_sweep,ddim_10,efficientnet_b0,ddim,10,0,0,0,none,24,38.025997,0.60338508,37.853486,39.897376,40.055387,26.297798,6.4686354,0.15360361,2.4165851,0.31747088,7.5742093,NA,0.31707951,0.60888661,within_source_case_zscore,false,Dominated,proxy normalized within source; Pareto not cross-experiment; invalid/saturation unavailable
ddim_sweep,ddim_sweep,ddpm_10,efficientnet_b0,ddpm,10,0,0,0,none,24,39.978994,1.3747646,39.173919,41.142165,44.898886,25.013135,6.4998298,0.14787471,2.4268227,0.25121601,7.6084575,NA,0.30535319,0.6215157,within_source_case_zscore,false,Baseline,proxy normalized within source; Pareto not cross-experiment; invalid/saturation unavailable
encoder_comparison,encoder_comparison,resnet50_ddpm10_cfg0_tts0,resnet50,ddpm,10,0,0,0,none,24,34.812617,0.48258494,34.446523,35.775098,37.323225,28.725218,7.9797788,0.098022504,2.01974,0.98242412,8.4736662,NA,1.1954969,0.29988194,within_source_case_zscore,true,Baseline,proxy normalized within source; Pareto not cross-experiment; invalid/saturation unavailable; different trained encoder weights; not fixed-policy evidence
encoder_comparison,encoder_comparison,efficientnet_b0_ddpm10_cfg0_tts0,efficientnet_b0,ddpm,10,0,0,0,none,24,35.535071,1.3633742,34.664941,37.878092,40.319355,28.141213,7.356378,0.072482604,1.2432587,0.58184301,7.5323456,NA,1.1365906,0.16818394,within_source_case_zscore,false,Baseline,proxy normalized within source; Pareto not cross-experiment; invalid/saturation unavailable; different trained encoder weights; not fixed-policy evidence
encoder_comparison,encoder_comparison,dinov2_small_ddpm10_cfg0_tts0,dinov2_small,ddpm,10,0,0,0,none,24,35.883599,0.72814338,36.226168,37.318617,38.668905,27.867885,7.0974153,0.11577437,2.3570309,0.31817283,7.7455231,NA,-0.97838691,1.0885624,within_source_case_zscore,false,Baseline,proxy normalized within source; Pareto not cross-experiment; invalid/saturation unavailable; different trained encoder weights; not fixed-policy evidence
encoder_comparison,encoder_comparison,convnext_tiny_ddpm10_cfg0_tts0,convnext_tiny,ddpm,10,0,0,0,none,24,37.099972,0.54006792,37.246511,38.094616,39.047623,26.954198,7.013552,0.1322057,2.3904466,0.30170643,7.7106059,NA,-1.3537007,1.2769777,within_source_case_zscore,false,Baseline,proxy normalized within source; Pareto not cross-experiment; invalid/saturation unavailable; different trained encoder weights; not fixed-policy evidence
encoder_joint,encoder_joint,encoder_x_cfg__efficientnet_b0__ddim2_cfg0_tts0,efficientnet_b0,ddim,2,0,0,0,none,12,5.3856354,0.20249948,5.233456,5.8270256,6.0884958,185.67911,8.2899172,0.12954474,2.3609242,0.61127558,8.7339572,NA,0.29571046,0.35232289,within_source_case_zscore,true,Fast,proxy normalized within source; Pareto not cross-experiment; invalid/saturation unavailable; 12-case subset; different trained encoder weights; not fixed-policy evidence
encoder_joint,encoder_joint,encoder_x_ddim__resnet50__ddim2_cfg0_tts0,resnet50,ddim,2,0,0,0,none,12,5.4060795,0.10297634,5.3829288,5.5511685,5.6996171,184.97693,8.0847716,0.10859521,2.0162678,0.94322898,8.5375037,NA,1.4489276,0.3479743,within_source_case_zscore,true,Fast,proxy normalized within source; Pareto not cross-experiment; invalid/saturation unavailable; 12-case subset; different trained encoder weights; not fixed-policy evidence
encoder_joint,encoder_joint,encoder_x_ddim__convnext_tiny__ddim2_cfg0_tts0,convnext_tiny,ddim,2,0,0,0,none,12,5.4075539,0.087408858,5.3319077,5.5435101,5.6506861,184.9265,6.7678005,0.151724,2.7851348,0.46037464,8.2433093,NA,-1.3008967,2.0886539,within_source_case_zscore,false,Dominated,proxy normalized within source; Pareto not cross-experiment; invalid/saturation unavailable; 12-case subset; different trained encoder weights; not fixed-policy evidence
encoder_joint,encoder_joint,encoder_x_tts__efficientnet_b0__ddim2_cfg0_tts0,efficientnet_b0,ddim,2,0,0,0,none,12,5.4245753,0.13626296,5.3560852,5.6895859,5.8805964,184.34623,8.2899172,0.12954474,2.3609242,0.61127558,8.7339572,NA,0.29571046,0.35232289,within_source_case_zscore,false,Dominated,proxy normalized within source; Pareto not cross-experiment; invalid/saturation unavailable; 12-case subset; different trained encoder weights; not fixed-policy evidence
encoder_joint,encoder_joint,encoder_x_tts__dinov2_small__ddim2_cfg0_tts0,dinov2_small,ddim,2,0,0,0,none,12,5.4328679,0.1547412,5.2903463,5.6816296,5.8700009,184.06485,6.6074794,0.16617903,3.0005165,0.39027306,7.8223091,NA,-1.912218,1.939859,within_source_case_zscore,false,Dominated,proxy normalized within source; Pareto not cross-experiment; invalid/saturation unavailable; 12-case subset; different trained encoder weights; not fixed-policy evidence
encoder_joint,encoder_joint,encoder_x_tts__resnet50__ddim2_cfg0_tts0,resnet50,ddim,2,0,0,0,none,12,5.4846949,0.16179744,5.3642888,5.7478884,5.9526297,182.32555,8.0847716,0.10859521,2.0162678,0.94322898,8.5375037,NA,1.4489276,0.3479743,within_source_case_zscore,false,Dominated,proxy normalized within source; Pareto not cross-experiment; invalid/saturation unavailable; 12-case subset; different trained encoder weights; not fixed-policy evidence
encoder_joint,encoder_joint,encoder_x_tts__efficientnet_b0__ddim2_cfg0_tts8,efficientnet_b0,ddim,2,0,8,4,heuristic,12,5.5096271,0.19528473,5.3814943,5.7371301,6.1054074,181.50049,9.0773444,0.10740658,1.833653,0.41640057,9.3288281,NA,1.055794,0.30225783,within_source_case_zscore,false,Dominated,proxy normalized within source; Pareto not cross-experiment; invalid/saturation unavailable; 12-case subset; different trained encoder weights; not fixed-policy evidence
encoder_joint,encoder_joint,encoder_x_tts__resnet50__ddim2_cfg0_tts8,resnet50,ddim,2,0,8,4,heuristic,12,5.5273365,0.21375129,5.347586,6.0577598,6.2724598,180.91897,9.407484,0.087191412,1.5297601,0.48597833,9.5940174,NA,1.9035545,0.38747054,within_source_case_zscore,true,Balanced,proxy normalized within source; Pareto not cross-experiment; invalid/saturation unavailable; 12-case subset; different trained encoder weights; not fixed-policy evidence
encoder_joint,encoder_joint,encoder_x_tts__convnext_tiny__ddim2_cfg0_tts0,convnext_tiny,ddim,2,0,0,0,none,12,5.5319598,0.20213611,5.3759357,6.0510528,6.141577,180.76776,6.7678005,0.151724,2.7851348,0.46037464,8.2433093,NA,-1.3008967,2.0886539,within_source_case_zscore,false,Dominated,proxy normalized within source; Pareto not cross-experiment; invalid/saturation unavailable; 12-case subset; different trained encoder weights; not fixed-policy evidence
encoder_joint,encoder_joint,encoder_x_tts__dinov2_small__ddim2_cfg0_tts8,dinov2_small,ddim,2,0,8,4,heuristic,12,5.5439044,0.14047408,5.36573,5.8811472,5.9102573,180.37829,7.0125986,0.15614085,2.6233382,0.30724763,7.9813314,NA,-1.4311227,1.9628556,within_source_case_zscore,false,Dominated,proxy normalized within source; Pareto not cross-experiment; invalid/saturation unavailable; 12-case subset; different trained encoder weights; not fixed-policy evidence
encoder_joint,encoder_joint,encoder_x_tts__convnext_tiny__ddim2_cfg0_tts8,convnext_tiny,ddim,2,0,8,4,heuristic,12,5.5539031,0.1270796,5.450586,5.896338,5.91632,180.05356,7.0853227,0.14136519,2.3625912,0.32081335,8.2463517,NA,-0.91567598,2.0673969,within_source_case_zscore,false,Dominated,proxy normalized within source; Pareto not cross-experiment; invalid/saturation unavailable; 12-case subset; different trained encoder weights; not fixed-policy evidence
encoder_joint,encoder_joint,encoder_x_cfg__resnet50__ddim2_cfg0_tts0,resnet50,ddim,2,0,0,0,none,12,5.5601009,0.17973375,5.4785175,6.0155694,6.0691602,179.85285,8.0847716,0.10859521,2.0162678,0.94322898,8.5375037,NA,1.4489276,0.3479743,within_source_case_zscore,false,Dominated,proxy normalized within source; Pareto not cross-experiment; invalid/saturation unavailable; 12-case subset; different trained encoder weights; not fixed-policy evidence
encoder_joint,encoder_joint,encoder_x_ddim__efficientnet_b0__ddim2_cfg0_tts0,efficientnet_b0,ddim,2,0,0,0,none,12,5.6504396,0.16153706,5.5549452,5.9900297,6.0763596,176.97738,8.2899172,0.12954474,2.3609242,0.61127558,8.7339572,NA,0.29571046,0.35232289,within_source_case_zscore,false,Dominated,proxy normalized within source; Pareto not cross-experiment; invalid/saturation unavailable; 12-case subset; different trained encoder weights; not fixed-policy evidence
encoder_joint,encoder_joint,encoder_x_ddim__dinov2_small__ddim2_cfg0_tts0,dinov2_small,ddim,2,0,0,0,none,12,5.6711783,0.14441488,5.6598385,6.0388535,6.0888036,176.3302,6.6074794,0.16617903,3.0005165,0.39027306,7.8223091,NA,-1.912218,1.939859,within_source_case_zscore,false,Dominated,proxy normalized within source; Pareto not cross-experiment; invalid/saturation unavailable; 12-case subset; different trained encoder weights; not fixed-policy evidence
encoder_joint,encoder_joint,encoder_x_ddim__resnet50__ddim3_cfg0_tts0,resnet50,ddim,3,0,0,0,none,12,7.8190026,0.11587346,7.7297182,7.9714241,8.1394494,127.89355,8.0492466,0.10701181,2.1566222,0.99227678,8.5789825,NA,1.4415946,0.39306401,within_source_case_zscore,false,Dominated,proxy normalized within source; Pareto not cross-experiment; invalid/saturation unavailable; 12-case subset; different trained encoder weights; not fixed-policy evidence
encoder_joint,encoder_joint,encoder_x_ddim__convnext_tiny__ddim3_cfg0_tts0,convnext_tiny,ddim,3,0,0,0,none,12,8.0416126,0.16756864,8.0075055,8.5209378,8.5580308,124.35317,6.7439172,0.14723085,2.8292143,0.43816114,8.2735178,NA,-1.3061998,2.1115786,within_source_case_zscore,false,Dominated,proxy normalized within source; Pareto not cross-experiment; invalid/saturation unavailable; 12-case subset; different trained encoder weights; not fixed-policy evidence
encoder_joint,encoder_joint,encoder_x_ddim__dinov2_small__ddim3_cfg0_tts0,dinov2_small,ddim,3,0,0,0,none,12,8.1239735,0.23176464,7.9546487,8.6146376,8.7827459,123.09247,6.5864822,0.1626825,3.0458113,0.35785039,7.8341298,NA,-1.953198,1.9673768,within_source_case_zscore,false,Dominated,proxy normalized within source; Pareto not cross-experiment; invalid/saturation unavailable; 12-case subset; different trained encoder weights; not fixed-policy evidence
encoder_joint,encoder_joint,encoder_x_ddim__efficientnet_b0__ddim3_cfg0_tts0,efficientnet_b0,ddim,3,0,0,0,none,12,8.6109504,0.36191075,8.2946568,9.5141013,9.6063536,116.1312,8.2636207,0.12701763,2.4171894,0.59858794,8.7274578,NA,0.26271741,0.36597352,within_source_case_zscore,false,Dominated,proxy normalized within source; Pareto not cross-experiment; invalid/saturation unavailable; 12-case subset; different trained encoder weights; not fixed-policy evidence
encoder_joint,encoder_joint,encoder_x_cfg__resnet50__ddim2_cfg2p0_tts0,resnet50,ddim,2,2,0,0,none,12,9.9331971,0.10487876,9.8763575,10.178291,10.242012,100.67252,8.1052199,0.10756215,1.9594951,0.94004407,8.5509344,NA,1.5136722,0.4043409,within_source_case_zscore,false,Dominated,proxy normalized within source; Pareto not cross-experiment; invalid/saturation unavailable; 12-case subset; different trained encoder weights; not fixed-policy evidence
encoder_joint,encoder_joint,encoder_x_cfg__efficientnet_b0__ddim2_cfg2p0_tts0,efficientnet_b0,ddim,2,2,0,0,none,12,10.042311,0.16248499,9.9569238,10.437809,10.515741,99.578672,8.3632275,0.1465532,3.2259397,0.4337017,9.0380499,NA,-0.96809551,0.61802365,within_source_case_zscore,false,Dominated,proxy normalized within source; Pareto not cross-experiment; invalid/saturation unavailable; 12-case subset; different trained encoder weights; not fixed-policy evidence
encoder_joint,encoder_joint,encoder_x_cfg__efficientnet_b0__ddim2_cfg1p0_tts0,efficientnet_b0,ddim,2,1,0,0,none,12,10.080597,0.21424162,9.9869662,10.593689,10.642123,99.200476,8.3253707,0.13753538,2.804523,0.51413331,8.8783222,NA,-0.35141005,0.51002544,within_source_case_zscore,false,Dominated,proxy normalized within source; Pareto not cross-experiment; invalid/saturation unavailable; 12-case subset; different trained encoder weights; not fixed-policy evidence
encoder_joint,encoder_joint,encoder_x_cfg__resnet50__ddim2_cfg1p0_tts0,resnet50,ddim,2,1,0,0,none,12,10.183307,0.32142686,9.9054488,10.713348,11.149065,98.199927,8.0952985,0.10794702,1.9833991,0.94168316,8.5434957,NA,1.4873055,0.37832957,within_source_case_zscore,false,Dominated,proxy normalized within source; Pareto not cross-experiment; invalid/saturation unavailable; 12-case subset; different trained encoder weights; not fixed-policy evidence
encoder_joint,encoder_joint,encoder_x_tts__resnet50__ddim2_cfg0_tts16,resnet50,ddim,2,0,16,4,heuristic,12,10.694248,0.15932244,10.564883,11.106213,11.236385,93.508211,9.9692697,0.079554644,1.084813,0.34283118,10.057349,NA,2.3492176,0.42470432,within_source_case_zscore,true,Balanced,proxy normalized within source; Pareto not cross-experiment; invalid/saturation unavailable; 12-case subset; different trained encoder weights; not fixed-policy evidence
encoder_joint,encoder_joint,encoder_x_tts__dinov2_small__ddim2_cfg0_tts16,dinov2_small,ddim,2,0,16,4,heuristic,12,10.708788,0.20565462,10.596636,11.07542,11.332657,93.381249,7.2589889,0.14959073,2.2182938,0.28310216,8.0291962,NA,-0.94618039,1.9415592,within_source_case_zscore,false,Dominated,proxy normalized within source; Pareto not cross-experiment; invalid/saturation unavailable; 12-case subset; different trained encoder weights; not fixed-policy evidence
encoder_joint,encoder_joint,encoder_x_tts__efficientnet_b0__ddim2_cfg0_tts16,efficientnet_b0,ddim,2,0,16,4,heuristic,12,10.809733,0.2996883,10.572511,11.146819,11.683707,92.509227,9.4648397,0.0951577,1.4380294,0.38127063,9.6179021,NA,1.6694259,0.30085861,within_source_case_zscore,false,Dominated,proxy normalized within source; Pareto not cross-experiment; invalid/saturation unavailable; 12-case subset; different trained encoder weights; not fixed-policy evidence
encoder_joint,encoder_joint,encoder_x_tts__convnext_tiny__ddim2_cfg0_tts16,convnext_tiny,ddim,2,0,16,4,heuristic,12,11.022274,0.2376732,10.977525,11.532001,11.56131,90.725381,7.2952637,0.14421494,2.1033597,0.32755908,8.3037749,NA,-0.66775737,2.1675143,within_source_case_zscore,false,Dominated,proxy normalized within source; Pareto not cross-experiment; invalid/saturation unavailable; 12-case subset; different trained encoder weights; not fixed-policy evidence
encoder_joint,encoder_joint,encoder_x_ddim__dinov2_small__ddim5_cfg0_tts0,dinov2_small,ddim,5,0,0,0,none,12,12.771409,0.22458621,12.657024,13.309282,13.46244,78.299898,6.5249852,0.16255497,3.1337539,0.32710956,7.8378794,NA,-2.0994876,2.0031654,within_source_case_zscore,false,Dominated,proxy normalized within source; Pareto not cross-experiment; invalid/saturation unavailable; 12-case subset; different trained encoder weights; not fixed-policy evidence
encoder_joint,encoder_joint,encoder_x_ddim__resnet50__ddim5_cfg0_tts0,resnet50,ddim,5,0,0,0,none,12,12.794312,0.18015591,12.832984,13.131196,13.310876,78.159731,8.0039827,0.10561907,2.2091298,1.0009186,8.5699353,NA,1.422632,0.43657509,within_source_case_zscore,false,Dominated,proxy normalized within source; Pareto not cross-experiment; invalid/saturation unavailable; 12-case subset; different trained encoder weights; not fixed-policy evidence
encoder_joint,encoder_joint,encoder_x_ddim__efficientnet_b0__ddim5_cfg0_tts0,efficientnet_b0,ddim,5,0,0,0,none,12,13.035525,0.36741518,12.929736,13.290425,14.001207,76.713444,8.2261011,0.12732524,2.5205501,0.56884263,8.7176701,NA,0.10811321,0.39696598,within_source_case_zscore,false,Dominated,proxy normalized within source; Pareto not cross-experiment; invalid/saturation unavailable; 12-case subset; different trained encoder weights; not fixed-policy evidence
encoder_joint,encoder_joint,encoder_x_ddim__convnext_tiny__ddim5_cfg0_tts0,convnext_tiny,ddim,5,0,0,0,none,12,13.320697,0.30461761,13.219281,13.994688,14.038045,75.071146,6.6874989,0.14626853,2.866287,0.41495263,8.2987626,NA,-1.3825846,2.1605264,within_source_case_zscore,false,Dominated,proxy normalized within source; Pareto not cross-experiment; invalid/saturation unavailable; 12-case subset; different trained encoder weights; not fixed-policy evidence
tts_budget,tts_budget,ddim2_cfg0.0_tts8,efficientnet_b0,ddim,2,0,8,4,heuristic,12,6.8918574,0.13508779,6.901784,7.1716207,7.2700573,145.09876,9.6970699,0.069237943,0.9088409,0.37231348,9.7650658,NA,-1.0752106,0.61714784,within_source_case_zscore,true,Balanced,proxy normalized within source; Pareto not cross-experiment; invalid/saturation unavailable; 12-case subset; verifier and proxy share trajectory-statistic terms
tts_budget,tts_budget,ddim2_cfg0.0_tts0,efficientnet_b0,ddim,2,0,0,0,none,12,6.9952536,0.20952041,6.9942228,7.4750092,7.5573884,142.95407,9.0103017,0.081126815,1.4043838,0.61000164,9.201409,NA,-3.4068667,0.46028198,within_source_case_zscore,false,Dominated,proxy normalized within source; Pareto not cross-experiment; invalid/saturation unavailable; 12-case subset; verifier and proxy share trajectory-statistic terms
tts_budget,tts_budget,ddim3_cfg0.0_tts8,efficientnet_b0,ddim,3,0,8,4,heuristic,12,9.9769314,0.27988638,9.8529867,10.603855,10.665649,100.23122,9.7433338,0.059797351,0.9776128,0.38740308,9.8242795,NA,-0.54159921,0.57013577,within_source_case_zscore,true,Balanced,proxy normalized within source; Pareto not cross-experiment; invalid/saturation unavailable; 12-case subset; verifier and proxy share trajectory-statistic terms
tts_budget,tts_budget,ddim3_cfg0.0_tts0,efficientnet_b0,ddim,3,0,0,0,none,12,10.0032,0.40307584,9.7950148,10.712012,11.166955,99.968006,8.9970983,0.079998972,1.4144404,0.60583137,9.1872434,NA,-3.4002038,0.54539564,within_source_case_zscore,false,Dominated,proxy normalized within source; Pareto not cross-experiment; invalid/saturation unavailable; 12-case subset; verifier and proxy share trajectory-statistic terms
tts_budget,tts_budget,ddim2_cfg1.0_tts0,efficientnet_b0,ddim,2,1,0,0,none,12,12.239506,0.27671254,12.154601,12.806262,13.1364,81.702643,9.451482,0.071604436,1.3123447,0.49869634,9.6178013,NA,-2.1543319,1.006797,within_source_case_zscore,false,Dominated,proxy normalized within source; Pareto not cross-experiment; invalid/saturation unavailable; 12-case subset; verifier and proxy share trajectory-statistic terms
tts_budget,tts_budget,ddim2_cfg0.5_tts0,efficientnet_b0,ddim,2,0.5,0,0,none,12,12.342843,0.23033159,12.323902,12.740276,12.931097,81.018613,9.1686974,0.084750139,1.507299,0.63646749,9.3849871,NA,-3.4544628,0.70553034,within_source_case_zscore,false,Dominated,proxy normalized within source; Pareto not cross-experiment; invalid/saturation unavailable; 12-case subset; verifier and proxy share trajectory-statistic terms
tts_budget,tts_budget,ddim2_cfg2.0_tts0,efficientnet_b0,ddim,2,2,0,0,none,12,12.397939,0.3474916,12.397823,13.130361,13.192737,80.65857,9.6176807,0.081033535,1.6940734,0.54843992,9.873946,NA,-3.0415294,1.1106114,within_source_case_zscore,false,Dominated,proxy normalized within source; Pareto not cross-experiment; invalid/saturation unavailable; 12-case subset; verifier and proxy share trajectory-statistic terms
tts_budget,tts_budget,ddim2_cfg1.0_tts8,efficientnet_b0,ddim,2,1,8,4,heuristic,12,12.524004,0.37344508,12.427349,13.388708,13.666633,79.846671,9.9413093,0.062805127,0.86473442,0.32825933,10.008448,NA,-0.27709581,0.58058599,within_source_case_zscore,true,Quality,proxy normalized within source; Pareto not cross-experiment; invalid/saturation unavailable; 12-case subset; verifier and proxy share trajectory-statistic terms
tts_budget,tts_budget,ddim2_cfg2.0_tts8,efficientnet_b0,ddim,2,2,8,4,heuristic,12,12.545439,0.40110352,12.324778,13.356815,13.53081,79.710242,10.173273,0.055289786,1.1267613,0.28107204,10.274274,NA,-0.0939191,1.0868067,within_source_case_zscore,true,Quality,proxy normalized within source; Pareto not cross-experiment; invalid/saturation unavailable; 12-case subset; verifier and proxy share trajectory-statistic terms
tts_budget,tts_budget,ddim2_cfg0.5_tts8,efficientnet_b0,ddim,2,0.5,8,4,heuristic,12,12.654381,0.41608222,12.437006,13.539264,13.806674,79.024013,9.8680538,0.066758344,0.91986165,0.35590686,9.939547,NA,-0.67911785,0.56064333,within_source_case_zscore,false,Dominated,proxy normalized within source; Pareto not cross-experiment; invalid/saturation unavailable; 12-case subset; verifier and proxy share trajectory-statistic terms
tts_budget,tts_budget,ddim2_cfg0.0_tts16,efficientnet_b0,ddim,2,0,16,4,heuristic,12,13.860007,0.43547459,13.696267,14.750681,15.124296,72.150033,10.050369,0.062725321,0.64063548,0.33181652,10.084809,NA,0.41712686,0.62398668,within_source_case_zscore,true,Balanced,proxy normalized within source; Pareto not cross-experiment; invalid/saturation unavailable; 12-case subset; verifier and proxy share trajectory-statistic terms
tts_budget,tts_budget,ddim5_cfg0.0_tts0,efficientnet_b0,ddim,5,0,0,0,none,12,15.636472,0.28935741,15.597497,16.211661,16.386075,63.953046,9.107617,0.072751014,1.3673915,0.55085892,9.2823358,NA,-2.8347534,0.74903459,within_source_case_zscore,false,Dominated,proxy normalized within source; Pareto not cross-experiment; invalid/saturation unavailable; 12-case subset; verifier and proxy share trajectory-statistic terms
tts_budget,tts_budget,ddim5_cfg0.0_tts8,efficientnet_b0,ddim,5,0,8,4,heuristic,12,15.981009,0.51948275,15.584329,17.222133,17.565531,62.574272,9.6665495,0.058616284,0.90161784,0.36167858,9.7392337,NA,-0.53495456,0.56472111,within_source_case_zscore,false,Dominated,proxy normalized within source; Pareto not cross-experiment; invalid/saturation unavailable; 12-case subset; verifier and proxy share trajectory-statistic terms
tts_budget,tts_budget,ddim3_cfg1.0_tts0,efficientnet_b0,ddim,3,1,0,0,none,12,17.944906,0.45270735,18.073607,18.786851,19.136129,55.726122,9.3736518,0.070847804,1.4596916,0.5680367,9.5728834,NA,-2.3635513,0.71374763,within_source_case_zscore,false,Dominated,proxy normalized within source; Pareto not cross-experiment; invalid/saturation unavailable; 12-case subset; verifier and proxy share trajectory-statistic terms
tts_budget,tts_budget,ddim3_cfg0.5_tts0,efficientnet_b0,ddim,3,0.5,0,0,none,12,18.075481,0.51022568,17.846707,19.07196,19.537575,55.323563,9.3012009,0.070826343,1.2737032,0.51025204,9.4512912,NA,-2.2788598,0.95426486,within_source_case_zscore,false,Dominated,proxy normalized within source; Pareto not cross-experiment; invalid/saturation unavailable; 12-case subset; verifier and proxy share trajectory-statistic terms
tts_budget,tts_budget,ddim3_cfg1.0_tts8,efficientnet_b0,ddim,3,1,8,4,heuristic,12,18.184989,0.50689358,17.910927,19.297487,19.382855,54.990409,9.9693549,0.051654255,0.91091838,0.30523767,10.036875,NA,0.25572464,0.66882828,within_source_case_zscore,false,Dominated,proxy normalized within source; Pareto not cross-experiment; invalid/saturation unavailable; 12-case subset; verifier and proxy share trajectory-statistic terms
tts_budget,tts_budget,ddim3_cfg2.0_tts0,efficientnet_b0,ddim,3,2,0,0,none,12,18.234954,0.6125492,18.256532,19.371704,19.841974,54.839732,9.7030275,0.06957276,1.6555701,0.46163808,9.9233791,NA,-2.3923166,1.3495312,within_source_case_zscore,false,Dominated,proxy normalized within source; Pareto not cross-experiment; invalid/saturation unavailable; 12-case subset; verifier and proxy share trajectory-statistic terms
tts_budget,tts_budget,ddim3_cfg0.5_tts8,efficientnet_b0,ddim,3,0.5,8,4,heuristic,12,18.320659,0.54055786,18.287014,19.410021,19.684628,54.58319,9.8087734,0.057708363,0.82833632,0.33075777,9.8662157,NA,-0.14966326,0.45605528,within_source_case_zscore,false,Dominated,proxy normalized within source; Pareto not cross-experiment; invalid/saturation unavailable; 12-case subset; verifier and proxy share trajectory-statistic terms
tts_budget,tts_budget,ddim3_cfg2.0_tts8,efficientnet_b0,ddim,3,2,8,4,heuristic,12,18.491649,0.7967271,18.197667,19.308475,20.659692,54.078466,10.157776,0.054864535,1.0650772,0.2807237,10.247143,NA,0.030207813,1.2232204,within_source_case_zscore,false,Dominated,proxy normalized within source; Pareto not cross-experiment; invalid/saturation unavailable; 12-case subset; verifier and proxy share trajectory-statistic terms
tts_budget,tts_budget,ddim3_cfg0.0_tts16,efficientnet_b0,ddim,3,0,16,4,heuristic,12,19.73829,0.62053738,19.812641,20.770143,21.115592,50.66295,10.06587,0.047567397,0.70066526,0.25941689,10.10787,NA,0.98268404,0.5925167,within_source_case_zscore,true,Balanced,proxy normalized within source; Pareto not cross-experiment; invalid/saturation unavailable; 12-case subset; verifier and proxy share trajectory-statistic terms
tts_budget,tts_budget,ddim2_cfg1.0_tts16,efficientnet_b0,ddim,2,1,16,4,heuristic,12,24.407638,0.64955024,24.339151,26.190184,26.64036,40.970782,10.236174,0.054797005,0.74380341,0.24009254,10.279956,NA,0.73955976,0.57036502,within_source_case_zscore,false,Dominated,proxy normalized within source; Pareto not cross-experiment; invalid/saturation unavailable; 12-case subset; verifier and proxy share trajectory-statistic terms
tts_budget,tts_budget,ddim2_cfg2.0_tts16,efficientnet_b0,ddim,2,2,16,4,heuristic,12,24.600295,0.61391841,24.654492,25.936124,26.301036,40.649919,10.494734,0.052107226,0.76985604,0.24327942,10.543571,NA,1.3402652,0.85032654,within_source_case_zscore,true,Quality,proxy normalized within source; Pareto not cross-experiment; invalid/saturation unavailable; 12-case subset; verifier and proxy share trajectory-statistic terms
tts_budget,tts_budget,ddim2_cfg0.5_tts16,efficientnet_b0,ddim,2,0.5,16,4,heuristic,12,24.965052,0.99115983,24.487771,26.99585,28.047505,40.055995,10.195772,0.051931248,0.69731574,0.25414064,10.235117,NA,0.96817607,0.39334244,within_source_case_zscore,false,Dominated,proxy normalized within source; Pareto not cross-experiment; invalid/saturation unavailable; 12-case subset; verifier and proxy share trajectory-statistic terms
tts_budget,tts_budget,ddim2_cfg0.0_tts32,efficientnet_b0,ddim,2,0,32,4,heuristic,12,26.495758,0.5587401,26.06177,28.169875,28.463887,37.74189,10.3441,0.052690942,0.53316638,0.21385884,10.365867,NA,1.4323438,0.35813498,within_source_case_zscore,true,Quality,proxy normalized within source; Pareto not cross-experiment; invalid/saturation unavailable; 12-case subset; verifier and proxy share trajectory-statistic terms
tts_budget,tts_budget,ddim5_cfg2.0_tts0,efficientnet_b0,ddim,5,2,0,0,none,12,29.787992,0.84420407,29.167648,31.777611,32.009408,33.570574,9.7603478,0.06379012,1.5562577,0.41725564,9.9566749,NA,-1.8711197,1.0907283,within_source_case_zscore,false,Dominated,proxy normalized within source; Pareto not cross-experiment; invalid/saturation unavailable; 12-case subset; verifier and proxy share trajectory-statistic terms
tts_budget,tts_budget,ddim5_cfg0.5_tts8,efficientnet_b0,ddim,5,0.5,8,4,heuristic,12,29.851153,0.94790709,29.466046,32.145318,32.798691,33.499544,9.8058488,0.052005472,0.86732069,0.31729126,9.8671068,NA,0.052694847,0.64712489,within_source_case_zscore,false,Dominated,proxy normalized within source; Pareto not cross-experiment; invalid/saturation unavailable; 12-case subset; verifier and proxy share trajectory-statistic terms
tts_budget,tts_budget,ddim5_cfg1.0_tts0,efficientnet_b0,ddim,5,1,0,0,none,12,30.032688,0.93241542,29.711835,32.156287,32.402341,33.297053,9.4577485,0.066157559,1.4583792,0.5277402,9.6557602,NA,-2.0491294,0.91708125,within_source_case_zscore,false,Dominated,proxy normalized within source; Pareto not cross-experiment; invalid/saturation unavailable; 12-case subset; verifier and proxy share trajectory-statistic terms
tts_budget,tts_budget,ddim5_cfg0.5_tts0,efficientnet_b0,ddim,5,0.5,0,0,none,12,30.172152,0.89500852,30.386519,31.886701,32.187832,33.143144,9.1643043,0.069944278,1.4490023,0.59017338,9.3798541,NA,-2.6204839,0.78648986,within_source_case_zscore,false,Dominated,proxy normalized within source; Pareto not cross-experiment; invalid/saturation unavailable; 12-case subset; verifier and proxy share trajectory-statistic terms
tts_budget,tts_budget,ddim5_cfg1.0_tts8,efficientnet_b0,ddim,5,1,8,4,heuristic,12,30.241612,0.862096,30.319892,31.924621,32.010121,33.06702,9.9126688,0.051570687,0.87762084,0.28335327,9.9725188,NA,0.15841855,0.85791403,within_source_case_zscore,false,Dominated,proxy normalized within source; Pareto not cross-experiment; invalid/saturation unavailable; 12-case subset; verifier and proxy share trajectory-statistic terms
tts_budget,tts_budget,ddim5_cfg2.0_tts8,efficientnet_b0,ddim,5,2,8,4,heuristic,12,30.310709,0.91342532,30.195265,32.327457,32.597783,32.99164,10.189299,0.048048125,1.0020541,0.25663442,10.272665,NA,0.54583247,1.3009422,within_source_case_zscore,false,Dominated,proxy normalized within source; Pareto not cross-experiment; invalid/saturation unavailable; 12-case subset; verifier and proxy share trajectory-statistic terms
tts_budget,tts_budget,ddim10_cfg0.0_tts0,efficientnet_b0,ddim,10,0,0,0,none,12,30.762693,0.92470146,30.565394,32.893241,33.015725,32.506907,8.943444,0.075353137,1.6441318,0.67596722,9.2297703,NA,-3.5097224,0.80265902,within_source_case_zscore,false,Dominated,proxy normalized within source; Pareto not cross-experiment; invalid/saturation unavailable; 12-case subset; verifier and proxy share trajectory-statistic terms
tts_budget,tts_budget,ddim5_cfg0.0_tts16,efficientnet_b0,ddim,5,0,16,4,heuristic,12,31.037827,0.71223626,31.074258,32.587087,33.053787,32.218751,10.034757,0.046218067,0.63301788,0.24064967,10.06478,NA,1.0887107,0.45701032,within_source_case_zscore,false,Dominated,proxy normalized within source; Pareto not cross-experiment; invalid/saturation unavailable; 12-case subset; verifier and proxy share trajectory-statistic terms
tts_budget,tts_budget,ddim10_cfg0.0_tts8,efficientnet_b0,ddim,10,0,8,4,heuristic,12,31.07885,0.9265742,31.125982,33.095734,33.16129,32.176223,9.6282752,0.059029037,1.025263,0.36833841,9.7106212,NA,-0.87225787,0.63063996,within_source_case_zscore,false,Dominated,proxy normalized within source; Pareto not cross-experiment; invalid/saturation unavailable; 12-case subset; verifier and proxy share trajectory-statistic terms
tts_budget,tts_budget,ddpm10_cfg0.0_tts0,efficientnet_b0,ddpm,10,0,0,0,none,12,34.107684,4.1676558,32.203888,34.75664,44.731119,29.318907,9.103362,0.069277964,1.3881868,0.56412866,9.2753668,NA,-2.6464863,0.43452532,within_source_case_zscore,false,Baseline,proxy normalized within source; Pareto not cross-experiment; invalid/saturation unavailable; 12-case subset; verifier and proxy share trajectory-statistic terms
tts_budget,tts_budget,ddim3_cfg2.0_tts16,efficientnet_b0,ddim,3,2,16,4,heuristic,12,35.741335,0.95278014,35.394749,37.333215,38.790108,27.978809,10.453623,0.046728278,0.73972854,0.19495382,10.495083,NA,1.4939201,0.74679798,within_source_case_zscore,true,Quality,proxy normalized within source; Pareto not cross-experiment; invalid/saturation unavailable; 12-case subset; verifier and proxy share trajectory-statistic terms
tts_budget,tts_budget,ddim3_cfg0.5_tts16,efficientnet_b0,ddim,3,0.5,16,4,heuristic,12,35.948549,1.1531132,35.164003,38.186678,39.322416,27.817535,10.135488,0.046858069,0.60024704,0.23558229,10.16455,NA,1.2968667,0.42273372,within_source_case_zscore,false,Dominated,proxy normalized within source; Pareto not cross-experiment; invalid/saturation unavailable; 12-case subset; verifier and proxy share trajectory-statistic terms
tts_budget,tts_budget,ddim3_cfg1.0_tts16,efficientnet_b0,ddim,3,1,16,4,heuristic,12,36.423705,1.3927871,35.659378,39.22311,40.74354,27.454648,10.273475,0.047603284,0.64863654,0.21972133,10.305613,NA,1.3666951,0.39912664,within_source_case_zscore,false,Dominated,proxy normalized within source; Pareto not cross-experiment; invalid/saturation unavailable; 12-case subset; verifier and proxy share trajectory-statistic terms
tts_budget,tts_budget,ddim3_cfg0.0_tts32,efficientnet_b0,ddim,3,0,32,4,heuristic,12,39.119695,1.3067953,38.418584,41.861792,43.158156,25.562571,10.27211,0.047800059,0.5149055,0.20130592,10.291517,NA,1.5800026,0.33191811,within_source_case_zscore,true,Quality,proxy normalized within source; Pareto not cross-experiment; invalid/saturation unavailable; 12-case subset; verifier and proxy share trajectory-statistic terms
tts_budget,tts_budget,ddim2_cfg2.0_tts32,efficientnet_b0,ddim,2,2,32,4,heuristic,12,48.516052,1.313429,48.384057,51.030532,52.071656,20.611735,10.612957,0.044768474,0.58843285,0.15586922,10.639478,NA,2.1127399,0.52112757,within_source_case_zscore,true,Quality,proxy normalized within source; Pareto not cross-experiment; invalid/saturation unavailable; 12-case subset; verifier and proxy share trajectory-statistic terms
tts_budget,tts_budget,ddim2_cfg0.5_tts32,efficientnet_b0,ddim,2,0.5,32,4,heuristic,12,49.212201,1.333439,48.544282,52.350567,52.910141,20.320164,10.444987,0.062012911,0.53403462,0.26283519,10.477797,NA,1.2275931,1.0395411,within_source_case_zscore,false,Dominated,proxy normalized within source; Pareto not cross-experiment; invalid/saturation unavailable; 12-case subset; verifier and proxy share trajectory-statistic terms
tts_budget,tts_budget,ddim2_cfg1.0_tts32,efficientnet_b0,ddim,2,1,32,4,heuristic,12,49.249814,1.6345355,48.729783,52.280467,53.307951,20.304645,10.471175,0.046898466,0.47519056,0.16744483,10.48883,NA,1.9933553,0.51015179,within_source_case_zscore,false,Dominated,proxy normalized within source; Pareto not cross-experiment; invalid/saturation unavailable; 12-case subset; verifier and proxy share trajectory-statistic terms
tts_budget,tts_budget,ddim10_cfg1.0_tts8,efficientnet_b0,ddim,10,1,8,4,heuristic,12,57.874819,1.3183092,57.33288,60.939779,61.854784,17.278672,9.9149139,0.048966325,0.91741324,0.32662553,9.9846647,NA,0.35750179,0.52030999,within_source_case_zscore,false,Dominated,proxy normalized within source; Pareto not cross-experiment; invalid/saturation unavailable; 12-case subset; verifier and proxy share trajectory-statistic terms
tts_budget,tts_budget,ddim10_cfg2.0_tts8,efficientnet_b0,ddim,10,2,8,4,heuristic,12,58.047765,1.1267935,57.780793,60.508817,61.328042,17.227192,10.186011,0.051551413,1.1392193,0.26780789,10.290192,NA,0.081005939,1.3356882,within_source_case_zscore,false,Dominated,proxy normalized within source; Pareto not cross-experiment; invalid/saturation unavailable; 12-case subset; verifier and proxy share trajectory-statistic terms
tts_budget,tts_budget,ddim10_cfg2.0_tts0,efficientnet_b0,ddim,10,2,0,0,none,12,58.176822,1.1232722,58.577488,60.300424,60.637442,17.188976,9.6151237,0.071876592,1.849663,0.4872616,9.8898334,NA,-3.0254998,1.1636512,within_source_case_zscore,false,Dominated,proxy normalized within source; Pareto not cross-experiment; invalid/saturation unavailable; 12-case subset; verifier and proxy share trajectory-statistic terms
tts_budget,tts_budget,ddim10_cfg1.0_tts0,efficientnet_b0,ddim,10,1,0,0,none,12,58.638988,1.5322592,59.150176,61.38948,62.177485,17.0535,9.3795532,0.066986559,1.5400781,0.54600244,9.6006277,NA,-2.3635535,0.69919844,within_source_case_zscore,false,Dominated,proxy normalized within source; Pareto not cross-experiment; invalid/saturation unavailable; 12-case subset; verifier and proxy share trajectory-statistic terms
tts_budget,tts_budget,ddim10_cfg0.5_tts0,efficientnet_b0,ddim,10,0.5,0,0,none,12,58.678573,1.5273749,58.861856,61.572073,62.467259,17.041996,9.2348717,0.071418526,1.6509912,0.61497532,9.4824332,NA,-2.9240711,0.76217016,within_source_case_zscore,false,Dominated,proxy normalized within source; Pareto not cross-experiment; invalid/saturation unavailable; 12-case subset; verifier and proxy share trajectory-statistic terms
tts_budget,tts_budget,ddim10_cfg0.5_tts8,efficientnet_b0,ddim,10,0.5,8,4,heuristic,12,58.786782,1.4564637,58.252114,61.97523,62.261505,17.010626,9.8091977,0.053928974,0.94251084,0.33930538,9.8788544,NA,-0.1455096,0.54195889,within_source_case_zscore,false,Dominated,proxy normalized within source; Pareto not cross-experiment; invalid/saturation unavailable; 12-case subset; verifier and proxy share trajectory-statistic terms
tts_budget,tts_budget,ddim5_cfg0.5_tts16,efficientnet_b0,ddim,5,0.5,16,4,heuristic,12,59.219301,1.5508994,58.679292,62.288763,63.233121,16.886386,10.114796,0.046342724,0.61699377,0.22864049,10.14685,NA,1.2315961,0.43069573,within_source_case_zscore,false,Dominated,proxy normalized within source; Pareto not cross-experiment; invalid/saturation unavailable; 12-case subset; verifier and proxy share trajectory-statistic terms
tts_budget,tts_budget,ddim5_cfg2.0_tts16,efficientnet_b0,ddim,5,2,16,4,heuristic,12,60.040907,1.5781312,59.960935,63.725706,64.081457,16.655311,10.423163,0.043709741,0.74445042,0.1879707,10.469112,NA,1.5801255,0.80819136,within_source_case_zscore,false,Dominated,proxy normalized within source; Pareto not cross-experiment; invalid/saturation unavailable; 12-case subset; verifier and proxy share trajectory-statistic terms
tts_budget,tts_budget,ddim5_cfg1.0_tts16,efficientnet_b0,ddim,5,1,16,4,heuristic,12,60.622356,1.3721312,61.184771,63.27387,63.800674,16.495565,10.264226,0.046507959,0.69233556,0.21370218,10.301736,NA,1.3026283,0.51998945,within_source_case_zscore,false,Dominated,proxy normalized within source; Pareto not cross-experiment; invalid/saturation unavailable; 12-case subset; verifier and proxy share trajectory-statistic terms
tts_budget,tts_budget,ddim10_cfg0.0_tts16,efficientnet_b0,ddim,10,0,16,4,heuristic,12,61.308456,1.7963074,60.377914,65.493089,65.888152,16.310964,10.013892,0.049077381,0.74914187,0.28278155,10.060457,NA,0.76370301,0.59793918,within_source_case_zscore,false,Dominated,proxy normalized within source; Pareto not cross-experiment; invalid/saturation unavailable; 12-case subset; verifier and proxy share trajectory-statistic terms
tts_budget,tts_budget,ddim5_cfg0.0_tts32,efficientnet_b0,ddim,5,0,32,4,heuristic,12,61.908583,1.4591525,61.004289,65.582128,66.173226,16.152849,10.2548,0.044597595,0.5004409,0.18767681,10.274985,NA,1.7225611,0.36637433,within_source_case_zscore,false,Dominated,proxy normalized within source; Pareto not cross-experiment; invalid/saturation unavailable; 12-case subset; verifier and proxy share trajectory-statistic terms
tts_budget,tts_budget,ddim3_cfg0.5_tts32,efficientnet_b0,ddim,3,0.5,32,4,heuristic,12,71.38919,1.8002703,70.678229,75.80225,76.287246,14.007723,10.379612,0.045212999,0.4837267,0.17669434,10.396444,NA,1.9265029,0.33011087,within_source_case_zscore,false,Dominated,proxy normalized within source; Pareto not cross-experiment; invalid/saturation unavailable; 12-case subset; verifier and proxy share trajectory-statistic terms
tts_budget,tts_budget,ddim3_cfg1.0_tts32,efficientnet_b0,ddim,3,1,32,4,heuristic,12,71.610903,2.0919683,70.203986,77.268934,77.73341,13.964354,10.435347,0.041467209,0.55261119,0.17398995,10.458785,NA,2.0957915,0.47441055,within_source_case_zscore,false,Dominated,proxy normalized within source; Pareto not cross-experiment; invalid/saturation unavailable; 12-case subset; verifier and proxy share trajectory-statistic terms
tts_budget,tts_budget,ddim3_cfg2.0_tts32,efficientnet_b0,ddim,3,2,32,4,heuristic,12,72.071479,1.93642,71.998576,75.707449,77.008083,13.875114,10.61281,0.052710665,0.54535349,0.17697327,10.635081,NA,1.8062443,1.2593961,within_source_case_zscore,false,Dominated,proxy normalized within source; Pareto not cross-experiment; invalid/saturation unavailable; 12-case subset; verifier and proxy share trajectory-statistic terms
tts_budget,tts_budget,ddim10_cfg2.0_tts16,efficientnet_b0,ddim,10,2,16,4,heuristic,12,115.28054,1.7758422,113.88537,120.60694,121.03208,8.6744913,10.385918,0.042122589,0.87854199,0.21622282,10.439579,NA,1.4023264,0.71296121,within_source_case_zscore,false,Dominated,proxy normalized within source; Pareto not cross-experiment; invalid/saturation unavailable; 12-case subset; verifier and proxy share trajectory-statistic terms
tts_budget,tts_budget,ddim10_cfg1.0_tts16,efficientnet_b0,ddim,10,1,16,4,heuristic,12,116.50932,2.8893927,116.14735,122.05768,124.13978,8.5830044,10.227372,0.046763386,0.6701666,0.22915133,10.264759,NA,1.3103406,0.6567946,within_source_case_zscore,false,Dominated,proxy normalized within source; Pareto not cross-experiment; invalid/saturation unavailable; 12-case subset; verifier and proxy share trajectory-statistic terms
tts_budget,tts_budget,ddim10_cfg0.5_tts16,efficientnet_b0,ddim,10,0.5,16,4,heuristic,12,117.9769,3.5467372,117.78664,125.89916,127.05782,8.4762359,10.149079,0.044586701,0.71317698,0.23685247,10.187763,NA,1.2198643,0.65035985,within_source_case_zscore,false,Dominated,proxy normalized within source; Pareto not cross-experiment; invalid/saturation unavailable; 12-case subset; verifier and proxy share trajectory-statistic terms
tts_budget,tts_budget,ddim5_cfg2.0_tts32,efficientnet_b0,ddim,5,2,32,4,heuristic,12,118.90827,3.324652,119.34469,125.41886,126.31633,8.4098439,10.563545,0.039497638,0.61925285,0.14665433,10.594495,NA,2.2316821,0.77268455,within_source_case_zscore,true,Quality,proxy normalized within source; Pareto not cross-experiment; invalid/saturation unavailable; 12-case subset; verifier and proxy share trajectory-statistic terms
tts_budget,tts_budget,ddim5_cfg0.5_tts32,efficientnet_b0,ddim,5,0.5,32,4,heuristic,12,118.93216,3.0864477,116.60396,125.90939,127.11121,8.4081546,10.311496,0.039333883,0.51739402,0.1901269,10.332887,NA,2.1061421,0.49367143,within_source_case_zscore,false,Dominated,proxy normalized within source; Pareto not cross-experiment; invalid/saturation unavailable; 12-case subset; verifier and proxy share trajectory-statistic terms
tts_budget,tts_budget,ddim5_cfg1.0_tts32,efficientnet_b0,ddim,5,1,32,4,heuristic,12,119.53841,3.3930068,118.26456,127.17086,128.30102,8.3655122,10.411043,0.03965121,0.46457229,0.16964945,10.427979,NA,2.3273735,0.3332344,within_source_case_zscore,true,Quality,proxy normalized within source; Pareto not cross-experiment; invalid/saturation unavailable; 12-case subset; verifier and proxy share trajectory-statistic terms
tts_budget,tts_budget,ddim10_cfg0.0_tts32,efficientnet_b0,ddim,10,0,32,4,heuristic,12,122.86608,2.9265872,122.812,126.36609,130.78884,8.1389426,10.222505,0.040629211,0.54500392,0.20592948,10.246108,NA,1.8509441,0.40382878,within_source_case_zscore,false,Dominated,proxy normalized within source; Pareto not cross-experiment; invalid/saturation unavailable; 12-case subset; verifier and proxy share trajectory-statistic terms
tts_budget,tts_budget,ddim10_cfg2.0_tts32,efficientnet_b0,ddim,10,2,32,4,heuristic,12,230.36379,3.5366507,230.24888,236.20145,238.92178,4.34096,10.535797,0.041074302,0.60139101,0.15869476,10.565499,NA,2.1610852,0.7558883,within_source_case_zscore,false,Dominated,proxy normalized within source; Pareto not cross-experiment; invalid/saturation unavailable; 12-case subset; verifier and proxy share trajectory-statistic terms
tts_budget,tts_budget,ddim10_cfg1.0_tts32,efficientnet_b0,ddim,10,1,32,4,heuristic,12,231.46221,4.9566376,228.76481,245.20447,246.22324,4.3203596,10.415842,0.038910989,0.61652002,0.18764854,10.445691,NA,2.112404,0.5557382,within_source_case_zscore,false,Dominated,proxy normalized within source; Pareto not cross-experiment; invalid/saturation unavailable; 12-case subset; verifier and proxy share trajectory-statistic terms
tts_budget,tts_budget,ddim10_cfg0.5_tts32,efficientnet_b0,ddim,10,0.5,32,4,heuristic,12,231.53288,6.1166296,230.11242,244.29443,247.73277,4.319041,10.300052,0.040720357,0.48913347,0.1799047,10.317834,NA,2.0335293,0.33608635,within_source_case_zscore,false,Dominated,proxy normalized within source; Pareto not cross-experiment; invalid/saturation unavailable; 12-case subset; verifier and proxy share trajectory-statistic terms
