143826	recon_release/jackal_2019-12-19-14-24-48_0_r00.hdf5
147910	recon_release/jackal_2019-12-21-12-41-05_1_r01.hdf5
148434	recon_release/jackal_2019-10-20-16-49-03_1_r04.hdf5
154342	recon_release/jackal_2019-10-20-16-09-18_0_r03.hdf5
160544	recon_release/jackal_2019-12-23-14-25-34_0_r01.hdf5
160876	recon_release/jackal_2019-09-17-17-17-10_12_r04.hdf5
161894	recon_release/jackal_2019-09-17-17-18-10_13_r00.hdf5
162666	recon_release/jackal_2019-08-08-17-44-01_5_r00.hdf5
162812	recon_release/jackal_2019-08-13-16-26-26_14_r01.hdf5
164186	recon_release/jackal_2019-08-20-15-09-11_23_r03.hdf5
164198	recon_release/jackal_2019-08-13-16-26-26_14_r00.hdf5
164575	recon_release/jackal_2019-10-24-13-19-41_3_r00.hdf5
164958	recon_release/jackal_2019-12-19-15-36-51_17_r07.hdf5
167292	recon_release/jackal_2019-10-20-17-03-33_2_r03.hdf5
167842	recon_release/jackal_2019-09-19-16-12-43_3_r03.hdf5
167992	recon_release/jackal_2019-10-31-16-28-10_7_r02.hdf5
168312	recon_release/jackal_2019-08-13-15-46-57_4_r00.hdf5
168450	recon_release/jackal_2019-10-31-16-06-57_5_r06.hdf5
171928	recon_release/jackal_2019-09-12-16-33-09_10_r00.hdf5
173980	recon_release/jackal_2019-09-12-18-06-11_6_r01.hdf5
