experiment,dataset_name,suite_name,model_name,config_name,num_cases,latency_ms_mean,latency_ms_std,latency_ms_ci95,diversity_mean,diversity_std,diversity_ci95,path_length_mean_mean,path_length_mean_std,path_length_mean_ci95,endpoint_norm_mean_mean,endpoint_norm_mean_std,endpoint_norm_mean_ci95,forward_progress_mean_mean,forward_progress_mean_std,forward_progress_mean_ci95,lateral_abs_mean_mean,lateral_abs_mean_std,lateral_abs_mean_ci95,smoothness_mean_mean,smoothness_mean_std,smoothness_mean_ci95
encoder_x_cfg,go_stanford,medium,efficientnet_b0,ddim2_cfg0_tts0,6,5.431686388899632,0.4530596233217169,0.3625232007306136,0.6416173577308655,0.11585738328147217,0.09270521417806402,7.827544530232747,0.3739555245827543,0.29922673909603603,8.701566378275553,0.4084416162750083,0.32682135953319574,8.22699205080668,0.43651296647620647,0.3492831177652729,2.4696477254231772,0.2873963190622279,0.2299649496478125,0.1313300592203935,0.013893745159413053,0.011117311510563065
encoder_x_cfg,go_stanford,medium,efficientnet_b0,ddim2_cfg1p0_tts0,6,10.203506777795862,0.3531871129189562,0.2826085487235412,0.5383596320947012,0.09775212900771968,0.07821799353094493,8.045225938161215,0.33334785053692473,0.2667338326185456,8.878971735636393,0.32455459135017345,0.25969775987857574,8.30022676785787,0.33096891645970683,0.26483028890905075,2.8843427101771035,0.5126879657503303,0.4102358116955771,0.1394530621667703,0.019825825891324835,0.015863964673248413
encoder_x_cfg,go_stanford,medium,efficientnet_b0,ddim2_cfg2p0_tts0,6,10.054095055617532,0.1754828937525531,0.1404155591050578,0.45019831756750744,0.07834111596638096,0.0626859482659603,8.283110857009888,0.3292837077500221,0.26348184110243567,9.072048505147299,0.27154628679303955,0.2172822824355338,8.376978715260824,0.24735847654570478,0.1979280033557979,3.2894438107808432,0.6707109049798521,0.5366804974928504,0.14822590971986452,0.025458438963777325,0.02037099380228776
encoder_x_cfg,go_stanford,medium,resnet50,ddim2_cfg0_tts0,6,5.685952722135173,0.37222935076485947,0.2978455123760459,1.001300444205602,0.21587516631895148,0.17273610850249554,7.545230944951375,0.16790696913360945,0.13435355688729878,8.408469994862875,0.24260080923112265,0.19412107664216094,7.888585249582927,0.5108760229734692,0.4087859555150762,2.1076523065567017,0.6331673572832061,0.5066394027292461,0.11333366980155309,0.025485686444455657,0.020392796327604257
encoder_x_cfg,go_stanford,medium,resnet50,ddim2_cfg1p0_tts0,6,10.278432722164629,0.7665335743088111,0.6133546017376642,1.006927877664566,0.22446223947613453,0.17960719805805142,7.538104295730591,0.13439203706345623,0.10753602599089977,8.398600578308105,0.22715696564298446,0.1817634280657855,7.87665851910909,0.5329511887464475,0.42644976694458475,2.0943191051483154,0.672517727406033,0.5381262565395042,0.11368494480848312,0.026125579087349946,0.02090481707958657
encoder_x_cfg,go_stanford,medium,resnet50,ddim2_cfg2p0_tts0,6,10.005288111036256,0.212597711846958,0.17011359873937715,1.0122190018494923,0.23418940899643126,0.18739055470036955,7.532723426818848,0.11237438476398628,0.08991823492477853,8.389733791351318,0.23375642170304958,0.1870440927086309,7.86382778485616,0.5733102550853773,0.4587437458262527,2.086686203877131,0.7044741061933554,0.5636966850778107,0.11422571912407875,0.026889374234245925,0.021515980483036934
encoder_x_cfg,go_stanford,short,efficientnet_b0,ddim2_cfg0_tts0,6,5.339584333367181,0.26729460552562434,0.2138802288818556,0.5809338043133417,0.05594793978855262,0.04476767551635743,7.867183764775594,0.28083643256629626,0.22471594725051436,8.766348044077555,0.24472221996074855,0.19581855875749424,8.352842330932617,0.18335869880445443,0.14671751564404992,2.252200663089752,0.5322563112842128,0.42589374917394796,0.1277594268321991,0.018735071031872472,0.01499117901214272
encoder_x_cfg,go_stanford,short,efficientnet_b0,ddim2_cfg1p0_tts0,6,9.957686888937031,0.3929756470087055,0.3144460067270597,0.48990698158741,0.06699622488550643,0.05360814478299941,8.024270137151083,0.39188305767992765,0.31357175318478053,8.877672672271729,0.31583423334809374,0.2527200202352752,8.350514729817709,0.1700919301788332,0.13610188984572652,2.7247032721837363,0.7548386023265384,0.6039966751928445,0.13561770071585974,0.02424492697467248,0.019399981980069227
encoder_x_cfg,go_stanford,short,efficientnet_b0,ddim2_cfg2p0_tts0,6,10.030527166665907,0.3876935972627338,0.3102194866803411,0.417205090324084,0.07492775547405371,0.059954691037930496,8.199313004811605,0.5357046343084071,0.42865298225395315,9.004051367441813,0.4564013661040968,0.36519715185564366,8.349476337432861,0.2630916576406696,0.2105171701555303,3.1624355912208557,0.8866832090530389,0.7094943323866738,0.1448804847896099,0.02829400712873387,0.022639920879728794
encoder_x_cfg,go_stanford,short,resnet50,ddim2_cfg0_tts0,6,5.434248999942308,0.21314659310594497,0.17055279521724936,0.8851575156052908,0.09373621115953355,0.07500459000246094,7.68878189722697,0.3367351982833549,0.2694442753148516,8.666537443796793,0.40156089186171384,0.3213156333345902,8.28095785776774,0.47398805173631475,0.3792694311704292,1.9248833854993184,0.3971149045518992,0.31775810256602466,0.10385675355792046,0.014242814181216494,0.011396624900117154
encoder_x_cfg,go_stanford,short,resnet50,ddim2_cfg1p0_tts0,6,10.088181111111934,0.3173408568360296,0.2539255701033873,0.8764384388923645,0.099819725517992,0.07987241530269287,7.703456322352092,0.34758579929264194,0.2781265643674435,8.688390731811523,0.4208657418300064,0.3367627304491351,8.31393845876058,0.5111913587910165,0.4090382767196102,1.8724790612856548,0.46114407245791705,0.3689921073074373,0.10220909118652344,0.015203992554171345,0.01216572777819288
encoder_x_cfg,go_stanford,short,resnet50,ddim2_cfg2p0_tts0,6,9.861106000041925,0.13386399515106837,0.10711350446316957,0.8678691287835439,0.10649414094636858,0.0852130599321144,7.721474885940552,0.36123202451536457,0.2890458186796278,8.712134997049967,0.44445094444949457,0.3556348230024488,8.346612056096395,0.551067147211765,0.440945552728802,1.8323040008544922,0.5032127930771131,0.4026540945260231,0.10089858497182529,0.015844929460873382,0.012678584115247232
encoder_x_ddim,go_stanford,medium,convnext_tiny,ddim2_cfg0_tts0,6,5.368843277791611,0.10620786817339302,0.0849839940065741,0.46868743499120075,0.2378840420772323,0.19034687687306096,7.2290511926015215,2.2621502210504656,1.8100971626119526,7.309298515319824,3.2505293204714767,2.60096515484288,5.039024919271469,5.319181067847389,4.256231292128226,3.0206852157910666,2.0490974846771217,1.639619468421944,0.19254703695575395,0.09381812005620452,0.07507013076985875
encoder_x_ddim,go_stanford,medium,convnext_tiny,ddim3_cfg0_tts0,6,8.208333111093049,0.3234992491107092,0.2588533102149492,0.4431712081034978,0.2618473390253299,0.2095215078984209,7.27224866549174,2.251499140702514,1.8015745233384097,7.357110341389974,3.2109986353145,2.569334018955926,4.998150805632274,5.361181098627759,4.289838316028637,3.0774255196253457,2.1123384747708074,1.690222799564203,0.18812587733070055,0.0927260918093732,0.07419632618664078
encoder_x_ddim,go_stanford,medium,convnext_tiny,ddim5_cfg0_tts0,6,13.011701611099449,0.48949290747065993,0.3916758996314023,0.42094726860523224,0.2716767572965479,0.21738668058115973,7.311880191167195,2.235048779410286,1.7884114928632822,7.404557943344116,3.1613933693261624,2.529641539481948,4.908101916313171,5.460035561056107,4.368938359999188,3.117984652519226,2.1691524350092988,1.735683435762221,0.18844977269570032,0.09508467597284251,0.07608358657383768
encoder_x_ddim,go_stanford,medium,dinov2_small,ddim2_cfg0_tts0,6,5.577549333288011,0.28372692412394496,0.2270288221950546,0.40059807399908703,0.10128852586187194,0.08104770035235943,6.785496950149536,1.8699525674136728,1.4962736802344812,6.813208222389221,2.7545064038782656,2.2040641596919275,5.038669268290202,4.0375374271812055,3.2307027945679585,3.384674310684204,1.325982244347396,1.061006769502911,0.20498505607247353,0.08207158005842864,0.06567094121886227
encoder_x_ddim,go_stanford,medium,dinov2_small,ddim3_cfg0_tts0,6,8.05041055562267,0.486925686713903,0.38962169520043116,0.36728746940692264,0.09586069531785128,0.07670453137293246,6.806637008984883,1.8692754864952785,1.4957319026646987,6.821159879366557,2.75848564649278,2.2072482169215717,5.003168200453122,4.075733774870187,3.261266238114099,3.4307050506273904,1.3278442456115225,1.0624966808154366,0.20270395651459694,0.08314457598428174,0.06652951677357453
encoder_x_ddim,go_stanford,medium,dinov2_small,ddim5_cfg0_tts0,6,12.630274777797645,0.23723022195515772,0.18982371181672963,0.3358469133575757,0.08930835990192268,0.07146157109801905,6.837342023849487,1.8530162412838993,1.482721796903613,6.827577153841655,2.7467731106210636,2.197876236338187,4.925964919229348,4.11900502723264,3.295890451128374,3.520658771197001,1.323003099038314,1.0586229567831378,0.20366970325509706,0.08424827454039464,0.06741265954906678
encoder_x_ddim,go_stanford,medium,efficientnet_b0,ddim2_cfg0_tts0,6,5.6034891110559535,0.1849152372143489,0.1479630057680162,0.6416173577308655,0.11585738328147217,0.09270521417806402,7.827544530232747,0.3739555245827543,0.29922673909603603,8.701566378275553,0.4084416162750083,0.32682135953319574,8.22699205080668,0.43651296647620647,0.3492831177652729,2.4696477254231772,0.2873963190622279,0.2299649496478125,0.1313300592203935,0.013893745159413053,0.011117311510563065
encoder_x_ddim,go_stanford,medium,efficientnet_b0,ddim3_cfg0_tts0,6,8.826677500059708,0.5920255012376763,0.47371906163093425,0.6315148870150248,0.11744701885729364,0.09397718755039174,7.831300417582194,0.3813279934066069,0.3051259427719545,8.694466431935629,0.4162340628478024,0.33305661539726916,8.195347547531128,0.44383021502349607,0.35513813601752,2.535065452257792,0.29715419349514144,0.23777287533717656,0.12964694698651633,0.014152558177242886,0.011324405055837558
encoder_x_ddim,go_stanford,medium,efficientnet_b0,ddim5_cfg0_tts0,6,13.148008888871722,0.8990258223365719,0.7193704799014773,0.6028878092765808,0.11545889767978006,0.09238635928936009,7.837647040685018,0.39168418883607686,0.31341262496834443,8.684810320536295,0.42759584652728483,0.3421479357742563,8.15572452545166,0.45555998302814144,0.364523905178971,2.6357715129852295,0.32080973429441845,0.25670125015613043,0.13046627367536226,0.014718061396050565,0.011776901871604448
encoder_x_ddim,go_stanford,medium,resnet50,ddim2_cfg0_tts0,6,5.475659055516896,0.2365581605902129,0.18928595072621157,1.001300444205602,0.21587516631895148,0.17273610850249554,7.545230944951375,0.16790696913360945,0.13435355688729878,8.408469994862875,0.24260080923112265,0.19412107664216094,7.888585249582927,0.5108760229734692,0.4087859555150762,2.1076523065567017,0.6331673572832061,0.5066394027292461,0.11333366980155309,0.025485686444455657,0.020392796327604257
encoder_x_ddim,go_stanford,medium,resnet50,ddim3_cfg0_tts0,6,7.836260444416136,0.2745331822761852,0.21967229658611914,1.0556107262770336,0.23682773608301338,0.18950165604502162,7.622171878814697,0.17097843175949642,0.1368112388451331,8.451093514760336,0.23723871886907588,0.18983051076386898,7.838459014892578,0.5474663664543429,0.43806432805523865,2.251126289367676,0.6753982448001191,0.540431150491007,0.11257782205939293,0.02876972258791117,0.023020572524723268
encoder_x_ddim,go_stanford,medium,resnet50,ddim5_cfg0_tts0,6,12.821269999929227,0.43379817004932336,0.3471108282048173,1.0705813070138295,0.2582874664099126,0.206673016555775,7.625121434529622,0.16795227606474794,0.13438980998257835,8.435029029846191,0.2525602496482551,0.20209028870973214,7.772563695907593,0.6090971718203663,0.4873792430791952,2.311671515305837,0.740113018881543,0.5922137544285399,0.1120910793542862,0.031607221174925815,0.025291044261514288
encoder_x_ddim,go_stanford,short,convnext_tiny,ddim2_cfg0_tts0,6,5.44626444444576,0.19398120945879646,0.15521729440158574,0.45206184188524884,0.22038021752271875,0.17634090022918025,8.262905438741049,1.4201026197569595,1.136318754926103,9.17732016245524,1.5526497163791022,1.2423785211059017,8.496575991312662,1.7159289865229481,1.3730291475985499,2.5495844781398773,2.273124699996823,1.8188785746583735,0.11090095403293769,0.03865660471122964,0.030931725865453757
encoder_x_ddim,go_stanford,short,convnext_tiny,ddim3_cfg0_tts0,6,7.874892166708175,0.14697941334071263,0.11760802469026577,0.4331510712703069,0.22805761417947903,0.18248409698743756,8.27616834640503,1.4566676479507328,1.1655768710178098,9.189925273259481,1.5877232202937477,1.2704431692128157,8.489683628082275,1.7541761114296932,1.4036332213808895,2.581003040075302,2.3315386297862344,1.8656194531309482,0.10633581442137559,0.03818090496752476,0.030551086795456196
encoder_x_ddim,go_stanford,short,convnext_tiny,ddim5_cfg0_tts0,6,13.62969283334476,0.41100772297633675,0.3288746725341676,0.4089579830567042,0.230144348358573,0.1841538320835221,8.282146215438843,1.5043787797985433,1.2037537275232204,9.192967176437378,1.633835356457635,1.3073405626995616,8.466895977656046,1.8081826133080434,1.4468474230297987,2.6145892639954886,2.4097006399208345,1.9281620868836207,0.1040872832139333,0.03897595790990273,0.031187261644382167
encoder_x_ddim,go_stanford,short,dinov2_small,ddim2_cfg0_tts0,6,5.76480722219862,0.2044080553653054,0.16356050875346004,0.37994804481665295,0.13896523594996096,0.11119534722053868,8.009301821390787,1.1705450542758862,0.9366311139453583,8.831410010655722,1.4469258179495108,1.1577817835475925,8.176289558410645,1.9273046914711092,1.542164937172284,2.6163586179415383,1.5643291416211254,1.2517240076676683,0.1273730080574751,0.05775663207669824,0.04621493076419425
encoder_x_ddim,go_stanford,short,dinov2_small,ddim3_cfg0_tts0,6,8.197536500044105,0.34503845235112657,0.2760882623006232,0.3484133183956146,0.12367757766879402,0.09896267291791373,8.024982213973999,1.1780122585697672,0.9426061217849,8.847099701563517,1.459142051405386,1.1675568061391588,8.169796228408813,1.965536577568243,1.5727568173673976,2.6609175304571786,1.6272989028056404,1.3021103104824805,0.12266104171673457,0.057550584622996476,0.04605005846356702
encoder_x_ddim,go_stanford,short,dinov2_small,ddim5_cfg0_tts0,6,12.912542777712588,0.4924836453411124,0.3940689883321643,0.318372202416261,0.11107313268207629,0.08887701640649003,8.04055651028951,1.1774372011576204,0.9421459800222622,8.84818164507548,1.4736052731705496,1.1791297938372052,8.124005397160849,2.0310108869532906,1.6251471761238632,2.746849089860916,1.713410175829986,1.3710136792861185,0.12144024670124054,0.05894274677573385,0.04716402018861793
encoder_x_ddim,go_stanford,short,efficientnet_b0,ddim2_cfg0_tts0,6,5.697390111158207,0.3739504991367682,0.2992227179017601,0.5809338043133417,0.05594793978855262,0.04476767551635743,7.867183764775594,0.28083643256629626,0.22471594725051436,8.766348044077555,0.24472221996074855,0.19581855875749424,8.352842330932617,0.18335869880445443,0.14671751564404992,2.252200663089752,0.5322563112842128,0.42589374917394796,0.1277594268321991,0.018735071031872472,0.01499117901214272
encoder_x_ddim,go_stanford,short,efficientnet_b0,ddim3_cfg0_tts0,6,8.395223277804892,0.6617570573971571,0.5295159272741803,0.5656609932581583,0.05202000816957114,0.041624675634081475,7.86563507715861,0.2776361385158183,0.22215517868333937,8.760449250539144,0.23617240436999182,0.18897728146402712,8.331893761952719,0.1718545762111002,0.13751230041528373,2.2993133465449014,0.5463154163423664,0.43714337616061627,0.12438831602533658,0.01953859804413695,0.015634134529175794
encoder_x_ddim,go_stanford,short,efficientnet_b0,ddim5_cfg0_tts0,6,12.923040722247,0.29846740577949016,0.2388236640105755,0.5347974598407745,0.05043398235629771,0.04035559067335662,7.868200858434041,0.29684892215562964,0.23752860739230927,8.750529925028482,0.2431458249855739,0.19455718007222092,8.296477635701498,0.159402228732419,0.12754834725723385,2.405328611532847,0.5950258898930197,0.47611987256790567,0.12418420861164729,0.021084542168176054,0.01687114745892737
encoder_x_ddim,go_stanford,short,resnet50,ddim2_cfg0_tts0,6,5.336499944456187,0.07276048517086639,0.05822051362128183,0.8851575156052908,0.09373621115953355,0.07500459000246094,7.68878189722697,0.3367351982833549,0.2694442753148516,8.666537443796793,0.40156089186171384,0.3213156333345902,8.28095785776774,0.47398805173631475,0.3792694311704292,1.9248833854993184,0.3971149045518992,0.31775810256602466,0.10385675355792046,0.014242814181216494,0.011396624900117154
encoder_x_ddim,go_stanford,short,resnet50,ddim3_cfg0_tts0,6,7.801744777831725,0.12722640609135694,0.10180232706576905,0.9289428293704987,0.10663347409170242,0.08532454966815388,7.748452027638753,0.32804378792123245,0.26248969860762106,8.706871509552002,0.4027279070159174,0.3222494399402222,8.260034243265787,0.49307047571517487,0.3945385504262907,2.0621180335680642,0.45141935331204347,0.3612107113730109,0.10144579286376636,0.01864175598319605,0.014916511422313185
encoder_x_ddim,go_stanford,short,resnet50,ddim5_cfg0_tts0,6,12.767354277811037,0.181983802954086,0.14561736983831153,0.9312559266885122,0.12482343150315545,0.09987954694115278,7.751958688100179,0.31398012457509133,0.2512364242309271,8.704841613769531,0.39147366505782477,0.31324417086210055,8.23540178934733,0.5058714239616652,0.404781442292665,2.1065881649653115,0.5123016319000387,0.40992668023307455,0.09914705778161685,0.02057380639311234,0.016462473725112316
encoder_x_tts,go_stanford,medium,convnext_tiny,ddim2_cfg0_tts0,6,5.595305555566989,0.33400844345302755,0.26726241703878095,0.46868743499120075,0.2378840420772323,0.19034687687306096,7.2290511926015215,2.2621502210504656,1.8100971626119526,7.309298515319824,3.2505293204714767,2.60096515484288,5.039024919271469,5.319181067847389,4.256231292128226,3.0206852157910666,2.0490974846771217,1.639619468421944,0.19254703695575395,0.09381812005620452,0.07507013076985875
encoder_x_tts,go_stanford,medium,convnext_tiny,ddim2_cfg0_tts16,6,11.063726777794932,0.42588399629473195,0.3407781703095553,0.3604951649904251,0.1728060058695211,0.13827360269711572,7.0838377475738525,2.7226792238807334,2.1785971117163423,7.192235350608826,3.8300514185735475,3.0646794102818347,5.61004664003849,5.262373165558099,4.210775503299122,2.3528591295083365,2.002926234626679,1.6026747739746654,0.1880869666735331,0.11099395235813798,0.08881365895199309
encoder_x_tts,go_stanford,medium,convnext_tiny,ddim2_cfg0_tts8,6,5.518680611178044,0.22133336357065153,0.1771035759086569,0.3155186673005422,0.16178792712636017,0.12945730354737606,7.104498624801636,2.6378028919544754,2.110681901593255,7.175831119219462,3.732469319088895,2.986597468704646,5.384431297580401,5.240271600286964,4.19309056787163,2.594543864329656,2.2095816812742166,1.768033570280116,0.18083822230497995,0.08969890040047239,0.0717740685801631
encoder_x_tts,go_stanford,medium,dinov2_small,ddim2_cfg0_tts0,6,5.409351222169789,0.1802166246641742,0.1442033327073409,0.40059807399908703,0.10128852586187194,0.08104770035235943,6.785496950149536,1.8699525674136728,1.4962736802344812,6.813208222389221,2.7545064038782656,2.2040641596919275,5.038669268290202,4.0375374271812055,3.2307027945679585,3.384674310684204,1.325982244347396,1.061006769502911,0.20498505607247353,0.08207158005842864,0.06567094121886227
encoder_x_tts,go_stanford,medium,dinov2_small,ddim2_cfg0_tts16,6,10.712205833392039,0.46435502806652534,0.3715614068978579,0.31463094304005307,0.08709263126669702,0.06968861894019214,6.738332947095235,2.219571603788486,1.7760271731052168,6.92609026034673,3.1524255051422516,2.5224657536464483,5.75493926803271,4.096789640880297,3.2781144398677116,2.5616728365421295,1.614496579240761,1.2918663181321992,0.18672980243961015,0.0795100219399518,0.06362126784218995
encoder_x_tts,go_stanford,medium,dinov2_small,ddim2_cfg0_tts8,6,5.485965833359942,0.22683377205742378,0.1815048193373492,0.3280509536465009,0.114865541154718,0.09191157518685546,6.833490292231242,2.165988852727518,1.7331520427279947,6.967770020167033,3.027338712192071,2.422375473658672,5.496349771817525,4.067003374177629,3.2542804626448083,3.104635457197825,1.4916580716092562,1.193575041074559,0.19430750608444214,0.08335037719472087,0.0666941920385554
encoder_x_tts,go_stanford,medium,efficientnet_b0,ddim2_cfg0_tts0,6,5.386184611122896,0.17483702741570126,0.13989875840239743,0.6416173577308655,0.11585738328147217,0.09270521417806402,7.827544530232747,0.3739555245827543,0.29922673909603603,8.701566378275553,0.4084416162750083,0.32682135953319574,8.22699205080668,0.43651296647620647,0.3492831177652729,2.4696477254231772,0.2873963190622279,0.2299649496478125,0.1313300592203935,0.013893745159413053,0.011117311510563065
encoder_x_tts,go_stanford,medium,efficientnet_b0,ddim2_cfg0_tts16,6,10.923603888916963,0.734241649315868,0.5875156803163178,0.3827758878469467,0.06024218654084855,0.048203788551448856,8.552866458892822,0.16341660318952073,0.13076051581564527,9.695135593414307,0.21599458733127744,0.1728316652137855,9.534059524536133,0.2642253768679827,0.2114243344709068,1.4880902469158173,0.28184189602740783,0.22552048557919485,0.0984765812754631,0.022518480582717864,0.018018537155406994
encoder_x_tts,go_stanford,medium,efficientnet_b0,ddim2_cfg0_tts8,6,5.638835777871363,0.4641993673216231,0.3714368523611805,0.42702698707580566,0.045130082788111106,0.036111587127608376,8.384604771931967,0.11395834868419005,0.09118567002743459,9.420567035675049,0.13775549552341615,0.11022735327689649,9.12836186091105,0.20292897461641904,0.16237699766656596,2.039349456628164,0.3702905147781438,0.2962941204809956,0.10889377693335216,0.01791554712377119,0.01433542331256856
encoder_x_tts,go_stanford,medium,resnet50,ddim2_cfg0_tts0,6,5.428124055571161,0.22594663350625513,0.18079496065538758,1.001300444205602,0.21587516631895148,0.17273610850249554,7.545230944951375,0.16790696913360945,0.13435355688729878,8.408469994862875,0.24260080923112265,0.19412107664216094,7.888585249582927,0.5108760229734692,0.4087859555150762,2.1076523065567017,0.6331673572832061,0.5066394027292461,0.11333366980155309,0.025485686444455657,0.020392796327604257
encoder_x_tts,go_stanford,medium,resnet50,ddim2_cfg0_tts16,6,10.72950588892733,0.23160672240096075,0.18532397502105621,0.3478714277346929,0.06275750224142908,0.05021646028753713,8.890239556630453,0.11760587015152812,0.09410429505823777,10.102542241414389,0.09878572616375142,0.07904504350402235,9.994361082712809,0.114551197795478,0.0916600481143598,1.1925113399823506,0.5761723204879377,0.4610338751095232,0.07711608335375786,0.03150240496784688,0.025207173828302638
encoder_x_tts,go_stanford,medium,resnet50,ddim2_cfg0_tts8,6,5.5148908333346,0.47240912445985384,0.37800602622212065,0.5033217668533325,0.14237525789705707,0.11392393305601733,8.53418223063151,0.16273952216660467,0.1302187381622277,9.661287943522135,0.1638116355429048,0.1310766075302213,9.434446970621744,0.21582334668941133,0.17269464416315794,1.714566985766093,0.6474555628405948,0.5180723482947426,0.08860308552781741,0.01958080034993145,0.015667903406796503
encoder_x_tts,go_stanford,short,convnext_tiny,ddim2_cfg0_tts0,6,5.468614055543083,0.3994954349263063,0.3196629235792927,0.45206184188524884,0.22038021752271875,0.17634090022918025,8.262905438741049,1.4201026197569595,1.136318754926103,9.17732016245524,1.5526497163791022,1.2423785211059017,8.496575991312662,1.7159289865229481,1.3730291475985499,2.5495844781398773,2.273124699996823,1.8188785746583735,0.11090095403293769,0.03865660471122964,0.030931725865453757
encoder_x_tts,go_stanford,short,convnext_tiny,ddim2_cfg0_tts16,6,10.98082100005134,0.4502175252236121,0.36024904861844514,0.2946229912340641,0.1685654024891814,0.13488041329922015,8.402718464533487,1.3721218235396364,1.0979261219857013,9.415314515431723,1.4931742935881436,1.1947882713350142,8.980480829874674,1.5472765127865205,1.2380790627911695,1.8538603683312733,2.2309210012615432,1.7851085824529112,0.10034290887415409,0.0591273349333057,0.04731172147616435
encoder_x_tts,go_stanford,short,convnext_tiny,ddim2_cfg0_tts8,6,5.58912561117116,0.24292738678230594,0.19438239310703087,0.32610802352428436,0.1724133675415009,0.13795942660179347,8.345768451690674,1.3963156266208587,1.117285196331249,9.316872358322144,1.5109759835457777,1.2090325899404548,8.786214192708334,1.6200574207398757,1.2963159180418853,2.1306384404500327,2.3160791295945504,1.8532492766625739,0.10189215031762917,0.04065888766826184,0.03253388591015107
encoder_x_tts,go_stanford,short,dinov2_small,ddim2_cfg0_tts0,6,5.456384499994884,0.36158940446028703,0.2893317821926867,0.37994804481665295,0.13896523594996096,0.11119534722053868,8.009301821390787,1.1705450542758862,0.9366311139453583,8.831410010655722,1.4469258179495108,1.1577817835475925,8.176289558410645,1.9273046914711092,1.542164937172284,2.6163586179415383,1.5643291416211254,1.2517240076676683,0.1273730080574751,0.05775663207669824,0.04621493076419425
encoder_x_tts,go_stanford,short,dinov2_small,ddim2_cfg0_tts16,6,10.705370222214901,0.27385268747614555,0.21912778734209915,0.25157338256637257,0.13327450440019795,0.10664181362424684,8.165218273798624,1.2116993309161277,0.969561393589323,9.132302045822144,1.423071459648119,1.1386943215941474,8.763038555781046,1.693895752835954,1.355398888825782,1.8749147057533264,1.5361897663255009,1.2292078180237154,0.11245165579020977,0.0645490526016865,0.05164999913637295
encoder_x_tts,go_stanford,short,dinov2_small,ddim2_cfg0_tts8,6,5.601842888886999,0.27585791824404143,0.22073230612673803,0.2864443038900693,0.13837234560986444,0.11072093614369588,8.076237042744955,1.242289141823376,0.994038340085977,8.994892835617065,1.467308628656551,1.174091428894548,8.528847455978394,1.82695694006011,1.4618700131600353,2.1420409629742303,1.5451968538330065,1.2364149890546305,0.117974191904068,0.061706677972420784,0.049375625753192
encoder_x_tts,go_stanford,short,efficientnet_b0,ddim2_cfg0_tts0,6,5.462966055549462,0.30576760411049947,0.24466503924839164,0.5809338043133417,0.05594793978855262,0.04476767551635743,7.867183764775594,0.28083643256629626,0.22471594725051436,8.766348044077555,0.24472221996074855,0.19581855875749424,8.352842330932617,0.18335869880445443,0.14671751564404992,2.252200663089752,0.5322563112842128,0.42589374917394796,0.1277594268321991,0.018735071031872472,0.01499117901214272
encoder_x_tts,go_stanford,short,efficientnet_b0,ddim2_cfg0_tts16,6,10.695861222150901,0.21674152399738336,0.17342933902314964,0.3797653764486313,0.06916133982874224,0.05534059755249763,8.41481097539266,0.17644525976754782,0.14118561229468513,9.540668646494547,0.190011740891815,0.1520410580388061,9.395619869232178,0.18231273786904761,0.14588057258705714,1.3879685997962952,0.3418894850582607,0.27356856369310656,0.09183881804347038,0.013376298822747339,0.010703268209155955
encoder_x_tts,go_stanford,short,efficientnet_b0,ddim2_cfg0_tts8,6,5.380418444398553,0.08079541313557313,0.06464979500824178,0.40577416121959686,0.03926615341360208,0.031419466408221866,8.187923828760782,0.22680147464644487,0.18147897602622484,9.237089157104492,0.22405856166461396,0.17928418853620656,9.026326974232992,0.19399197712881033,0.15522591033202163,1.627956469853719,0.42039292668382805,0.3363843995378749,0.10591937974095345,0.012243339276819209,0.009796711765487803
encoder_x_tts,go_stanford,short,resnet50,ddim2_cfg0_tts0,6,5.54126566670574,0.34809356403802294,0.27853286078239237,0.8851575156052908,0.09373621115953355,0.07500459000246094,7.68878189722697,0.3367351982833549,0.2694442753148516,8.666537443796793,0.40156089186171384,0.3213156333345902,8.28095785776774,0.47398805173631475,0.3792694311704292,1.9248833854993184,0.3971149045518992,0.31775810256602466,0.10385675355792046,0.014242814181216494,0.011396624900117154
encoder_x_tts,go_stanford,short,resnet50,ddim2_cfg0_tts16,6,10.65899005559206,0.3432414222743318,0.27465033876536654,0.3377909262975057,0.05815446406219107,0.04653326265101406,8.78778330485026,0.2552618225240033,0.20425199722558415,10.012155691782633,0.28687940231007036,0.22955133010226683,9.944178263346354,0.2877005761392595,0.23020840601366943,0.9771145780881246,0.1066159853934656,0.08531055579508495,0.08199320485194524,0.03459695923269746,0.027683332945513537
encoder_x_tts,go_stanford,short,resnet50,ddim2_cfg0_tts8,6,5.539782111100067,0.3007376848408332,0.24064026560008714,0.468634898463885,0.13701463662220142,0.10963454269230062,8.388007958730062,0.3305371783273243,0.26448482645428323,9.526746908823648,0.39737933201200226,0.3179696886007607,9.380520979563395,0.4330877009592919,0.3465423345336091,1.3449531594912212,0.36842483690396804,0.2948012672677261,0.08577973830203216,0.021775600836765732,0.01742410955824883
