experiment,model_name,config_name,scheduler,num_steps,cfg_weight,tts_budget,dataset_name,suite_name,traj_name,latency_ms,dist_pred_mean,diversity,path_length_mean,endpoint_norm_mean,forward_progress_mean,lateral_abs_mean,smoothness_mean
encoder_x_ddim,efficientnet_b0,ddim2_cfg0_tts0,ddim,2,0.0,0,go_stanford,short,no4vcF_86_0,5.90838566677121,6.741989612579346,0.6227598190307617,7.664430618286133,8.55553150177002,8.174110412597656,2.1680986881256104,0.13678885996341705
encoder_x_ddim,efficientnet_b0,ddim2_cfg0_tts0,ddim,2,0.0,0,go_stanford,short,no5vcF_119_0,5.460069333518429,6.204920291900635,0.5831936597824097,7.5293660163879395,8.508116722106934,8.292180061340332,1.359500765800476,0.1010967418551445
encoder_x_ddim,efficientnet_b0,ddim2_cfg0_tts0,ddim,2,0.0,0,go_stanford,short,no5vcF_64_2,5.99517566661234,6.724134922027588,0.6518820524215698,8.233684539794922,9.14885425567627,8.708830833435059,2.470243215560913,0.13590361177921295
encoder_x_ddim,efficientnet_b0,ddim2_cfg0_tts0,ddim,2,0.0,0,go_stanford,short,sim2hF_0_13,6.175584333353375,8.347677230834961,0.5781831741333008,8.096667289733887,8.930937767028809,8.323016166687012,2.8176450729370117,0.143014058470726
encoder_x_ddim,efficientnet_b0,ddim2_cfg0_tts0,ddim,2,0.0,0,go_stanford,short,sim12hF_1_4,5.319590000150735,7.8149895668029785,0.489075630903244,7.998528957366943,8.804367065429688,8.286056518554688,2.6854159832000732,0.14286181330680847
encoder_x_ddim,efficientnet_b0,ddim2_cfg0_tts0,ddim,2,0.0,0,go_stanford,short,sim2hF_0_11,5.325535666543146,6.542974472045898,0.5605084896087646,7.68042516708374,8.650280952453613,8.332859992980957,2.0123002529144287,0.10689147561788559
encoder_x_ddim,efficientnet_b0,ddim2_cfg0_tts0,ddim,2,0.0,0,go_stanford,medium,no4vcF_86_0,5.509875999905489,5.022684097290039,0.7511762380599976,7.197956085205078,8.058769226074219,7.650430679321289,2.1861789226531982,0.1221739873290062
encoder_x_ddim,efficientnet_b0,ddim2_cfg0_tts0,ddim,2,0.0,0,go_stanford,medium,no5vcF_119_0,5.405202333198152,6.843746185302734,0.5416874885559082,8.11833667755127,8.966662406921387,8.414624214172363,2.798707962036133,0.14349637925624847
encoder_x_ddim,efficientnet_b0,ddim2_cfg0_tts0,ddim,2,0.0,0,go_stanford,medium,no5vcF_64_2,5.652249666733648,6.397066116333008,0.5414481163024902,8.077560424804688,8.967103004455566,8.513946533203125,2.499663829803467,0.12875919044017792
encoder_x_ddim,efficientnet_b0,ddim2_cfg0_tts0,ddim,2,0.0,0,go_stanford,medium,sim2hF_0_13,5.9437163333010785,8.128021240234375,0.6773207187652588,7.601992130279541,8.380617141723633,7.785730838775635,2.7649154663085938,0.1511734127998352
encoder_x_ddim,efficientnet_b0,ddim2_cfg0_tts0,ddim,2,0.0,0,go_stanford,medium,sim12hF_1_4,5.55952666657807,7.355297565460205,0.5419268012046814,8.151275634765625,9.12226390838623,8.781878471374512,2.1005122661590576,0.11321169137954712
encoder_x_ddim,efficientnet_b0,ddim2_cfg0_tts0,ddim,2,0.0,0,go_stanford,medium,sim2hF_0_11,5.550363666619281,6.697145462036133,0.7961447834968567,7.818146228790283,8.713982582092285,8.215341567993164,2.4679079055786133,0.12916569411754608
encoder_x_ddim,efficientnet_b0,ddim3_cfg0_tts0,ddim,3,0.0,0,go_stanford,short,no4vcF_86_0,8.070922666623423,6.741989612579346,0.6246568560600281,7.690986633300781,8.568633079528809,8.15722942352295,2.2441372871398926,0.13503678143024445
encoder_x_ddim,efficientnet_b0,ddim3_cfg0_tts0,ddim,3,0.0,0,go_stanford,short,no5vcF_119_0,8.292798333362347,6.204920291900635,0.5678481459617615,7.512545108795166,8.494930267333984,8.276346206665039,1.3782320022583008,0.09603572636842728
encoder_x_ddim,efficientnet_b0,ddim3_cfg0_tts0,ddim,3,0.0,0,go_stanford,short,no5vcF_64_2,8.28940000004271,6.724134922027588,0.6092934608459473,8.192476272583008,9.105195045471191,8.664043426513672,2.4894821643829346,0.12837709486484528
encoder_x_ddim,efficientnet_b0,ddim3_cfg0_tts0,ddim,3,0.0,0,go_stanford,short,sim2hF_0_13,9.71358566660759,8.347677230834961,0.5691474676132202,8.107487678527832,8.93616008758545,8.306609153747559,2.8698253631591797,0.14178426563739777
encoder_x_ddim,efficientnet_b0,ddim3_cfg0_tts0,ddim,3,0.0,0,go_stanford,short,sim12hF_1_4,7.913095333454597,7.8149895668029785,0.47786104679107666,8.024151802062988,8.828580856323242,8.2841796875,2.7648603916168213,0.14079934358596802
encoder_x_ddim,efficientnet_b0,ddim3_cfg0_tts0,ddim,3,0.0,0,go_stanford,short,sim2hF_0_11,8.091537666738683,6.542974472045898,0.5451589822769165,7.666162967681885,8.629196166992188,8.30295467376709,2.0493428707122803,0.10429668426513672
encoder_x_ddim,efficientnet_b0,ddim3_cfg0_tts0,ddim,3,0.0,0,go_stanford,medium,no4vcF_86_0,9.518618333459017,5.022684097290039,0.7282692193984985,7.1856207847595215,8.038406372070312,7.616767883300781,2.240492582321167,0.11913668364286423
encoder_x_ddim,efficientnet_b0,ddim3_cfg0_tts0,ddim,3,0.0,0,go_stanford,medium,no5vcF_119_0,8.963801333417601,6.843746185302734,0.540042519569397,8.133515357971191,8.970369338989258,8.387236595153809,2.8761863708496094,0.14102999866008759
encoder_x_ddim,efficientnet_b0,ddim3_cfg0_tts0,ddim,3,0.0,0,go_stanford,medium,no5vcF_64_2,9.473448000032173,6.397066116333008,0.5192128419876099,8.079994201660156,8.955378532409668,8.479328155517578,2.5524191856384277,0.12723664939403534
encoder_x_ddim,efficientnet_b0,ddim3_cfg0_tts0,ddim,3,0.0,0,go_stanford,medium,sim2hF_0_13,8.58659966676593,8.128021240234375,0.6593833565711975,7.599597930908203,8.361870765686035,7.736091136932373,2.838756561279297,0.15020932257175446
encoder_x_ddim,efficientnet_b0,ddim3_cfg0_tts0,ddim,3,0.0,0,go_stanford,medium,sim12hF_1_4,8.296515333313437,7.355297565460205,0.539334237575531,8.15263843536377,9.119059562683105,8.762587547302246,2.153437376022339,0.11142126470804214
encoder_x_ddim,efficientnet_b0,ddim3_cfg0_tts0,ddim,3,0.0,0,go_stanford,medium,sim2hF_0_11,8.121082333370092,6.697145462036133,0.802847146987915,7.836435794830322,8.72171401977539,8.19007396697998,2.549100637435913,0.12884776294231415
encoder_x_ddim,efficientnet_b0,ddim5_cfg0_tts0,ddim,5,0.0,0,go_stanford,short,no4vcF_86_0,12.652790666834335,6.741989612579346,0.596688985824585,7.69696044921875,8.568220138549805,8.133910179138184,2.3268613815307617,0.13337448239326477
encoder_x_ddim,efficientnet_b0,ddim5_cfg0_tts0,ddim,5,0.0,0,go_stanford,short,no5vcF_119_0,13.294348333298936,6.204920291900635,0.5393982529640198,7.476848602294922,8.460987091064453,8.246407508850098,1.3906160593032837,0.09164547920227051
encoder_x_ddim,efficientnet_b0,ddim5_cfg0_tts0,ddim,5,0.0,0,go_stanford,short,no5vcF_64_2,12.871917666719431,6.724134922027588,0.564894437789917,8.180402755737305,9.07242202758789,8.604000091552734,2.6020476818084717,0.12991155683994293
encoder_x_ddim,efficientnet_b0,ddim5_cfg0_tts0,ddim,5,0.0,0,go_stanford,short,sim2hF_0_13,12.987554333297643,8.347677230834961,0.5415416359901428,8.134603500366211,8.94731330871582,8.277312278747559,3.0170586109161377,0.1427687257528305
encoder_x_ddim,efficientnet_b0,ddim5_cfg0_tts0,ddim,5,0.0,0,go_stanford,short,sim12hF_1_4,13.19837099996827,7.8149895668029785,0.4472420811653137,8.071793556213379,8.85958194732666,8.270988464355469,2.92254900932312,0.14242292940616608
encoder_x_ddim,efficientnet_b0,ddim5_cfg0_tts0,ddim,5,0.0,0,go_stanford,short,sim2hF_0_11,12.533262333363382,6.542974472045898,0.519019365310669,7.648596286773682,8.59465503692627,8.246247291564941,2.1728389263153076,0.10498207807540894
encoder_x_ddim,efficientnet_b0,ddim5_cfg0_tts0,ddim,5,0.0,0,go_stanford,medium,no4vcF_86_0,13.255110333072176,5.022684097290039,0.7016586065292358,7.167999267578125,8.005396842956543,7.557906627655029,2.334611654281616,0.12083635479211807
encoder_x_ddim,efficientnet_b0,ddim5_cfg0_tts0,ddim,5,0.0,0,go_stanford,medium,no5vcF_119_0,12.490266999975574,6.843746185302734,0.513397216796875,8.163004875183105,8.985541343688965,8.359461784362793,3.0105113983154297,0.14250929653644562
encoder_x_ddim,efficientnet_b0,ddim5_cfg0_tts0,ddim,5,0.0,0,go_stanford,medium,no5vcF_64_2,14.865145666893417,6.397066116333008,0.4917868971824646,8.09201717376709,8.945368766784668,8.430533409118652,2.6839332580566406,0.12949948012828827
encoder_x_ddim,efficientnet_b0,ddim5_cfg0_tts0,ddim,5,0.0,0,go_stanford,medium,sim2hF_0_13,12.679389333394889,8.128021240234375,0.623031735420227,7.619064807891846,8.352995872497559,7.679609775543213,2.968862533569336,0.15157513320446014
encoder_x_ddim,efficientnet_b0,ddim5_cfg0_tts0,ddim,5,0.0,0,go_stanford,medium,sim12hF_1_4,13.103588999911153,7.355297565460205,0.5156543254852295,8.154267311096191,9.113415718078613,8.735669136047363,2.2256510257720947,0.1106901466846466
encoder_x_ddim,efficientnet_b0,ddim5_cfg0_tts0,ddim,5,0.0,0,go_stanford,medium,sim2hF_0_11,12.494551999983136,6.697145462036133,0.7717980742454529,7.82952880859375,8.706143379211426,8.17116641998291,2.5910592079162598,0.1276872307062149
encoder_x_tts,efficientnet_b0,ddim2_cfg0_tts0,ddim,2,0.0,0,go_stanford,short,no4vcF_86_0,5.325585666620706,6.741989612579346,0.6227598190307617,7.664430618286133,8.55553150177002,8.174110412597656,2.1680986881256104,0.13678885996341705
encoder_x_tts,efficientnet_b0,ddim2_cfg0_tts0,ddim,2,0.0,0,go_stanford,short,no5vcF_119_0,5.243624666491087,6.204920291900635,0.5831936597824097,7.5293660163879395,8.508116722106934,8.292180061340332,1.359500765800476,0.1010967418551445
encoder_x_tts,efficientnet_b0,ddim2_cfg0_tts0,ddim,2,0.0,0,go_stanford,short,no5vcF_64_2,5.393007333320081,6.724134922027588,0.6518820524215698,8.233684539794922,9.14885425567627,8.708830833435059,2.470243215560913,0.13590361177921295
encoder_x_tts,efficientnet_b0,ddim2_cfg0_tts0,ddim,2,0.0,0,go_stanford,short,sim2hF_0_13,6.076877666904086,8.347677230834961,0.5781831741333008,8.096667289733887,8.930937767028809,8.323016166687012,2.8176450729370117,0.143014058470726
encoder_x_tts,efficientnet_b0,ddim2_cfg0_tts0,ddim,2,0.0,0,go_stanford,short,sim12hF_1_4,5.393595999976242,7.8149895668029785,0.489075630903244,7.998528957366943,8.804367065429688,8.286056518554688,2.6854159832000732,0.14286181330680847
encoder_x_tts,efficientnet_b0,ddim2_cfg0_tts0,ddim,2,0.0,0,go_stanford,short,sim2hF_0_11,5.345104999984566,6.542974472045898,0.5605084896087646,7.68042516708374,8.650280952453613,8.332859992980957,2.0123002529144287,0.10689147561788559
encoder_x_tts,efficientnet_b0,ddim2_cfg0_tts0,ddim,2,0.0,0,go_stanford,medium,no4vcF_86_0,5.252847333395039,5.022684097290039,0.7511762380599976,7.197956085205078,8.058769226074219,7.650430679321289,2.1861789226531982,0.1221739873290062
encoder_x_tts,efficientnet_b0,ddim2_cfg0_tts0,ddim,2,0.0,0,go_stanford,medium,no5vcF_119_0,5.272965333460888,6.843746185302734,0.5416874885559082,8.11833667755127,8.966662406921387,8.414624214172363,2.798707962036133,0.14349637925624847
encoder_x_tts,efficientnet_b0,ddim2_cfg0_tts0,ddim,2,0.0,0,go_stanford,medium,no5vcF_64_2,5.4158346665644785,6.397066116333008,0.5414481163024902,8.077560424804688,8.967103004455566,8.513946533203125,2.499663829803467,0.12875919044017792
encoder_x_tts,efficientnet_b0,ddim2_cfg0_tts0,ddim,2,0.0,0,go_stanford,medium,sim2hF_0_13,5.2883923334168985,8.128021240234375,0.6773207187652588,7.601992130279541,8.380617141723633,7.785730838775635,2.7649154663085938,0.1511734127998352
encoder_x_tts,efficientnet_b0,ddim2_cfg0_tts0,ddim,2,0.0,0,go_stanford,medium,sim12hF_1_4,5.720002666597186,7.355297565460205,0.5419268012046814,8.151275634765625,9.12226390838623,8.781878471374512,2.1005122661590576,0.11321169137954712
encoder_x_tts,efficientnet_b0,ddim2_cfg0_tts0,ddim,2,0.0,0,go_stanford,medium,sim2hF_0_11,5.3670653333028895,6.697145462036133,0.7961447834968567,7.818146228790283,8.713982582092285,8.215341567993164,2.4679079055786133,0.12916569411754608
encoder_x_tts,efficientnet_b0,ddim2_cfg0_tts8,ddim,2,0.0,8,go_stanford,short,no4vcF_86_0,5.387748333305353,6.741989612579346,0.391035258769989,8.362257957458496,9.40585994720459,9.168721199035645,1.7789815664291382,0.11178094148635864
encoder_x_tts,efficientnet_b0,ddim2_cfg0_tts8,ddim,2,0.0,8,go_stanford,short,no5vcF_119_0,5.536067999855732,6.204920291900635,0.38200652599334717,7.929296016693115,9.002315521240234,8.915010452270508,0.896284818649292,0.09286483377218246
encoder_x_tts,efficientnet_b0,ddim2_cfg0_tts8,ddim,2,0.0,8,go_stanford,short,no5vcF_64_2,5.3235506666169385,6.724134922027588,0.3896515667438507,8.511279106140137,9.580799102783203,9.332571983337402,1.8651108741760254,0.11456853896379471
encoder_x_tts,efficientnet_b0,ddim2_cfg0_tts8,ddim,2,0.0,8,go_stanford,short,sim2hF_0_13,5.375240333250986,8.347677230834961,0.38260531425476074,8.170548439025879,9.242928504943848,9.0382719039917,1.6991311311721802,0.10575035214424133
encoder_x_tts,efficientnet_b0,ddim2_cfg0_tts8,ddim,2,0.0,8,go_stanford,short,sim12hF_1_4,5.331440666698957,7.8149895668029785,0.48406872153282166,8.200532913208008,9.162543296813965,8.834747314453125,2.1010963916778564,0.12059006094932556
encoder_x_tts,efficientnet_b0,ddim2_cfg0_tts8,ddim,2,0.0,8,go_stanford,short,sim2hF_0_11,5.328462666663351,6.542974472045898,0.4052775800228119,7.9536285400390625,9.028088569641113,8.86863899230957,1.4271340370178223,0.08996155112981796
encoder_x_tts,efficientnet_b0,ddim2_cfg0_tts8,ddim,2,0.0,8,go_stanford,medium,no4vcF_86_0,5.303618666857801,5.022684097290039,0.38354650139808655,8.201586723327637,9.215575218200684,8.882669448852539,2.233827829360962,0.10829002410173416
encoder_x_tts,efficientnet_b0,ddim2_cfg0_tts8,ddim,2,0.0,8,go_stanford,medium,no5vcF_119_0,5.477491666776284,6.843746185302734,0.39620304107666016,8.493329048156738,9.531397819519043,9.172284126281738,2.3687164783477783,0.10848691314458847
encoder_x_tts,efficientnet_b0,ddim2_cfg0_tts8,ddim,2,0.0,8,go_stanford,medium,no5vcF_64_2,5.759470333487116,6.397066116333008,0.45463231205940247,8.402124404907227,9.452073097229004,9.229005813598633,1.777390956878662,0.10708239674568176
encoder_x_tts,efficientnet_b0,ddim2_cfg0_tts8,ddim,2,0.0,8,go_stanford,medium,sim2hF_0_13,5.4106383333116055,8.128021240234375,0.49773210287094116,8.398784637451172,9.336352348327637,8.910874366760254,2.479837656021118,0.14129939675331116
encoder_x_tts,efficientnet_b0,ddim2_cfg0_tts8,ddim,2,0.0,8,go_stanford,medium,sim12hF_1_4,6.528219333479986,7.355297565460205,0.3895922899246216,8.501297950744629,9.598183631896973,9.420746803283691,1.5657826662063599,0.0865752324461937
encoder_x_tts,efficientnet_b0,ddim2_cfg0_tts8,ddim,2,0.0,8,go_stanford,medium,sim2hF_0_11,5.353576333315384,6.697145462036133,0.44045567512512207,8.310505867004395,9.389820098876953,9.154590606689453,1.8105411529541016,0.10162869840860367
encoder_x_tts,efficientnet_b0,ddim2_cfg0_tts16,ddim,2,0.0,16,go_stanford,short,no4vcF_86_0,10.53837999991932,6.741989612579346,0.416535347700119,8.478838920593262,9.64636516571045,9.497065544128418,1.5152612924575806,0.09006267786026001
encoder_x_tts,efficientnet_b0,ddim2_cfg0_tts16,ddim,2,0.0,16,go_stanford,short,no5vcF_119_0,10.774886666543656,6.204920291900635,0.32304108142852783,8.241042137145996,9.378695487976074,9.31754207611084,0.8293476104736328,0.0734565481543541
encoder_x_tts,efficientnet_b0,ddim2_cfg0_tts16,ddim,2,0.0,16,go_stanford,short,no5vcF_64_2,10.836941333309369,6.724134922027588,0.3105841279029846,8.493731498718262,9.642020225524902,9.510749816894531,1.370165228843689,0.10303318500518799
encoder_x_tts,efficientnet_b0,ddim2_cfg0_tts16,ddim,2,0.0,16,go_stanford,short,sim2hF_0_13,10.559579666581461,8.347677230834961,0.3636966347694397,8.664552688598633,9.803317070007324,9.641942977905273,1.5984941720962524,0.09884337335824966
encoder_x_tts,efficientnet_b0,ddim2_cfg0_tts16,ddim,2,0.0,16,go_stanford,short,sim12hF_1_4,11.017865333239266,7.8149895668029785,0.4985814094543457,8.42536449432373,9.477669715881348,9.233448028564453,1.809824824333191,0.10655295103788376
encoder_x_tts,efficientnet_b0,ddim2_cfg0_tts16,ddim,2,0.0,16,go_stanford,short,sim2hF_0_11,10.447514333312332,6.542974472045898,0.36615365743637085,8.185336112976074,9.295944213867188,9.17297077178955,1.2047184705734253,0.07908417284488678
encoder_x_tts,efficientnet_b0,ddim2_cfg0_tts16,ddim,2,0.0,16,go_stanford,medium,no4vcF_86_0,11.161147000166238,5.022684097290039,0.31172558665275574,8.466970443725586,9.566658973693848,9.354057312011719,1.7445276975631714,0.10219022631645203
encoder_x_tts,efficientnet_b0,ddim2_cfg0_tts16,ddim,2,0.0,16,go_stanford,medium,no5vcF_119_0,10.585442666676196,6.843746185302734,0.40358179807662964,8.42330551147461,9.590391159057617,9.408713340759277,1.512221336364746,0.09142003208398819
encoder_x_tts,efficientnet_b0,ddim2_cfg0_tts16,ddim,2,0.0,16,go_stanford,medium,no5vcF_64_2,10.556306333455723,6.397066116333008,0.4244881272315979,8.57370662689209,9.722809791564941,9.561036109924316,1.4792660474777222,0.09446544200181961
encoder_x_tts,efficientnet_b0,ddim2_cfg0_tts16,ddim,2,0.0,16,go_stanford,medium,sim2hF_0_13,10.459116666424961,8.128021240234375,0.3766423463821411,8.36503791809082,9.407989501953125,9.204092979431152,1.7315821647644043,0.14070957899093628
encoder_x_tts,efficientnet_b0,ddim2_cfg0_tts16,ddim,2,0.0,16,go_stanford,medium,sim12hF_1_4,12.322390666819652,7.355297565460205,0.31669381260871887,8.760130882263184,9.965964317321777,9.894439697265625,0.9670984148979187,0.07538742572069168
encoder_x_tts,efficientnet_b0,ddim2_cfg0_tts16,ddim,2,0.0,16,go_stanford,medium,sim2hF_0_11,10.457219999959003,6.697145462036133,0.46352365612983704,8.728047370910645,9.916999816894531,9.782017707824707,1.493845820426941,0.08668678253889084
encoder_x_cfg,efficientnet_b0,ddim2_cfg0_tts0,ddim,2,0.0,0,go_stanford,short,no4vcF_86_0,5.17859466678298,6.741989612579346,0.6227598190307617,7.664430618286133,8.55553150177002,8.174110412597656,2.1680986881256104,0.13678885996341705
encoder_x_cfg,efficientnet_b0,ddim2_cfg0_tts0,ddim,2,0.0,0,go_stanford,short,no5vcF_119_0,5.877571333257947,6.204920291900635,0.5831936597824097,7.5293660163879395,8.508116722106934,8.292180061340332,1.359500765800476,0.1010967418551445
encoder_x_cfg,efficientnet_b0,ddim2_cfg0_tts0,ddim,2,0.0,0,go_stanford,short,no5vcF_64_2,5.203770666867058,6.724134922027588,0.6518820524215698,8.233684539794922,9.14885425567627,8.708830833435059,2.470243215560913,0.13590361177921295
encoder_x_cfg,efficientnet_b0,ddim2_cfg0_tts0,ddim,2,0.0,0,go_stanford,short,sim2hF_0_13,5.227300666623099,8.347677230834961,0.5781831741333008,8.096667289733887,8.930937767028809,8.323016166687012,2.8176450729370117,0.143014058470726
encoder_x_cfg,efficientnet_b0,ddim2_cfg0_tts0,ddim,2,0.0,0,go_stanford,short,sim12hF_1_4,5.3106573335147305,7.8149895668029785,0.489075630903244,7.998528957366943,8.804367065429688,8.286056518554688,2.6854159832000732,0.14286181330680847
encoder_x_cfg,efficientnet_b0,ddim2_cfg0_tts0,ddim,2,0.0,0,go_stanford,short,sim2hF_0_11,5.239611333157275,6.542974472045898,0.5605084896087646,7.68042516708374,8.650280952453613,8.332859992980957,2.0123002529144287,0.10689147561788559
encoder_x_cfg,efficientnet_b0,ddim2_cfg0_tts0,ddim,2,0.0,0,go_stanford,medium,no4vcF_86_0,5.182196333407774,5.022684097290039,0.7511762380599976,7.197956085205078,8.058769226074219,7.650430679321289,2.1861789226531982,0.1221739873290062
encoder_x_cfg,efficientnet_b0,ddim2_cfg0_tts0,ddim,2,0.0,0,go_stanford,medium,no5vcF_119_0,5.263518333322281,6.843746185302734,0.5416874885559082,8.11833667755127,8.966662406921387,8.414624214172363,2.798707962036133,0.14349637925624847
encoder_x_cfg,efficientnet_b0,ddim2_cfg0_tts0,ddim,2,0.0,0,go_stanford,medium,no5vcF_64_2,6.346292333394861,6.397066116333008,0.5414481163024902,8.077560424804688,8.967103004455566,8.513946533203125,2.499663829803467,0.12875919044017792
encoder_x_cfg,efficientnet_b0,ddim2_cfg0_tts0,ddim,2,0.0,0,go_stanford,medium,sim2hF_0_13,5.206377333252021,8.128021240234375,0.6773207187652588,7.601992130279541,8.380617141723633,7.785730838775635,2.7649154663085938,0.1511734127998352
encoder_x_cfg,efficientnet_b0,ddim2_cfg0_tts0,ddim,2,0.0,0,go_stanford,medium,sim12hF_1_4,5.219619666756141,7.355297565460205,0.5419268012046814,8.151275634765625,9.12226390838623,8.781878471374512,2.1005122661590576,0.11321169137954712
encoder_x_cfg,efficientnet_b0,ddim2_cfg0_tts0,ddim,2,0.0,0,go_stanford,medium,sim2hF_0_11,5.372114333264714,6.697145462036133,0.7961447834968567,7.818146228790283,8.713982582092285,8.215341567993164,2.4679079055786133,0.12916569411754608
encoder_x_cfg,efficientnet_b0,ddim2_cfg1p0_tts0,ddim,2,1.0,0,go_stanford,short,no4vcF_86_0,9.71315766673797,6.741989612579346,0.4950178861618042,8.029057502746582,8.928959846496582,8.454203605651855,2.560757637023926,0.13845552504062653
encoder_x_cfg,efficientnet_b0,ddim2_cfg1p0_tts0,ddim,2,1.0,0,go_stanford,short,no5vcF_119_0,9.655807333274424,6.204920291900635,0.48991939425468445,7.422590732574463,8.371223449707031,8.148235321044922,1.5516963005065918,0.09947947412729263
encoder_x_cfg,efficientnet_b0,ddim2_cfg1p0_tts0,ddim,2,1.0,0,go_stanford,short,no5vcF_64_2,9.804864333394411,6.724134922027588,0.586064875125885,8.258162498474121,9.12775707244873,8.619032859802246,2.8190815448760986,0.14470314979553223
encoder_x_cfg,efficientnet_b0,ddim2_cfg1p0_tts0,ddim,2,1.0,0,go_stanford,short,sim2hF_0_13,10.130181666833474,8.347677230834961,0.5014646053314209,8.302016258239746,9.059699058532715,8.25137996673584,3.4976348876953125,0.15765857696533203
encoder_x_cfg,efficientnet_b0,ddim2_cfg1p0_tts0,ddim,2,1.0,0,go_stanford,short,sim12hF_1_4,9.75770399979107,7.8149895668029785,0.3757375478744507,8.434550285339355,9.157240867614746,8.380511283874512,3.563457727432251,0.15966501832008362
encoder_x_cfg,efficientnet_b0,ddim2_cfg1p0_tts0,ddim,2,1.0,0,go_stanford,short,sim2hF_0_11,10.684406333590838,6.542974472045898,0.4912375807762146,7.699243545532227,8.621155738830566,8.249725341796875,2.3555915355682373,0.11374446004629135
encoder_x_cfg,efficientnet_b0,ddim2_cfg1p0_tts0,ddim,2,1.0,0,go_stanford,medium,no4vcF_86_0,9.843750666580794,5.022684097290039,0.6352618336677551,7.500669002532959,8.367773056030273,7.900905609130859,2.5084404945373535,0.12601850926876068
encoder_x_cfg,efficientnet_b0,ddim2_cfg1p0_tts0,ddim,2,1.0,0,go_stanford,medium,no5vcF_119_0,10.218508000131502,6.843746185302734,0.43581846356391907,8.481339454650879,9.230202674865723,8.403410911560059,3.6420910358428955,0.16662204265594482
encoder_x_cfg,efficientnet_b0,ddim2_cfg1p0_tts0,ddim,2,1.0,0,go_stanford,medium,no5vcF_64_2,10.607526666566022,6.397066116333008,0.446568101644516,8.236810684204102,9.068058967590332,8.486272811889648,2.991718292236328,0.14290359616279602
encoder_x_cfg,efficientnet_b0,ddim2_cfg1p0_tts0,ddim,2,1.0,0,go_stanford,medium,sim2hF_0_13,10.363130000011248,8.128021240234375,0.5695202350616455,7.907446384429932,8.636226654052734,7.90217924118042,3.2684662342071533,0.15760524570941925
encoder_x_cfg,efficientnet_b0,ddim2_cfg1p0_tts0,ddim,2,1.0,0,go_stanford,medium,sim12hF_1_4,9.718970333475832,7.355297565460205,0.48127222061157227,8.148984909057617,9.096450805664062,8.720789909362793,2.276916742324829,0.1154240146279335
encoder_x_cfg,efficientnet_b0,ddim2_cfg1p0_tts0,ddim,2,1.0,0,go_stanford,medium,sim2hF_0_11,10.469155000009778,6.697145462036133,0.6617169380187988,7.996105194091797,8.875118255615234,8.387802124023438,2.6184234619140625,0.12814496457576752
encoder_x_cfg,efficientnet_b0,ddim2_cfg2p0_tts0,ddim,2,2.0,0,go_stanford,short,no4vcF_86_0,9.850551999988966,6.741989612579346,0.39854156970977783,8.42908000946045,9.3101224899292,8.705207824707031,3.1470019817352295,0.14435948431491852
encoder_x_cfg,efficientnet_b0,ddim2_cfg2p0_tts0,ddim,2,2.0,0,go_stanford,short,no5vcF_119_0,9.83516233342622,6.204920291900635,0.41943028569221497,7.3722662925720215,8.27942943572998,8.013260841369629,1.837790846824646,0.10256695002317429
encoder_x_cfg,efficientnet_b0,ddim2_cfg2p0_tts0,ddim,2,2.0,0,go_stanford,short,no5vcF_64_2,9.776326000064728,6.724134922027588,0.5268064737319946,8.303985595703125,9.13034439086914,8.546615600585938,3.1039702892303467,0.15382416546344757
encoder_x_cfg,efficientnet_b0,ddim2_cfg2p0_tts0,ddim,2,2.0,0,go_stanford,short,sim2hF_0_13,10.458595666477777,8.347677230834961,0.4343184232711792,8.512350082397461,9.19696044921875,8.183566093444824,4.052431583404541,0.17139971256256104
encoder_x_cfg,efficientnet_b0,ddim2_cfg2p0_tts0,ddim,2,2.0,0,go_stanford,short,sim12hF_1_4,9.676941666536246,7.8149895668029785,0.2937595248222351,8.82436752319336,9.480724334716797,8.463428497314453,4.2076873779296875,0.17503909766674042
encoder_x_cfg,efficientnet_b0,ddim2_cfg2p0_tts0,ddim,2,2.0,0,go_stanford,short,sim2hF_0_11,10.585585333501513,6.542974472045898,0.43037426471710205,7.753828525543213,8.626727104187012,8.184779167175293,2.6257314682006836,0.12209349870681763
encoder_x_cfg,efficientnet_b0,ddim2_cfg2p0_tts0,ddim,2,2.0,0,go_stanford,medium,no4vcF_86_0,9.853856333241614,5.022684097290039,0.5459005236625671,7.853360652923584,8.69693374633789,8.149029731750488,2.9048759937286377,0.1317703127861023
encoder_x_cfg,efficientnet_b0,ddim2_cfg2p0_tts0,ddim,2,2.0,0,go_stanford,medium,no5vcF_119_0,10.25073400008599,6.843746185302734,0.3462347388267517,8.843527793884277,9.493976593017578,8.402368545532227,4.337494373321533,0.1864061802625656
encoder_x_cfg,efficientnet_b0,ddim2_cfg2p0_tts0,ddim,2,2.0,0,go_stanford,medium,no5vcF_64_2,9.834124666667776,6.397066116333008,0.3783411979675293,8.418475151062012,9.194849967956543,8.483027458190918,3.4382877349853516,0.15700918436050415
encoder_x_cfg,efficientnet_b0,ddim2_cfg2p0_tts0,ddim,2,2.0,0,go_stanford,medium,sim2hF_0_13,10.202277333367723,8.128021240234375,0.47895118594169617,8.19687557220459,8.885924339294434,8.016880989074707,3.7128708362579346,0.16454213857650757
encoder_x_cfg,efficientnet_b0,ddim2_cfg2p0_tts0,ddim,2,2.0,0,go_stanford,medium,sim12hF_1_4,10.123586666850315,7.355297565460205,0.4345899224281311,8.166165351867676,9.087153434753418,8.669171333312988,2.5337724685668945,0.11879203468561172
encoder_x_cfg,efficientnet_b0,ddim2_cfg2p0_tts0,ddim,2,2.0,0,go_stanford,medium,sim2hF_0_11,10.05999133349178,6.697145462036133,0.5171723365783691,8.220260620117188,9.073452949523926,8.541394233703613,2.809361457824707,0.1308356076478958
encoder_x_ddim,dinov2_small,ddim2_cfg0_tts0,ddim,2,0.0,0,go_stanford,short,no4vcF_86_0,6.127936333238419,10.411787986755371,0.1971069872379303,9.287596702575684,10.578277587890625,10.551844596862793,0.6220507621765137,0.06417804211378098
encoder_x_ddim,dinov2_small,ddim2_cfg0_tts0,ddim,2,0.0,0,go_stanford,short,no5vcF_119_0,5.649666666613484,9.606889724731445,0.31175506114959717,8.248411178588867,8.593805313110352,6.919443130493164,5.035849094390869,0.17927731573581696
encoder_x_ddim,dinov2_small,ddim2_cfg0_tts0,ddim,2,0.0,0,go_stanford,short,no5vcF_64_2,5.690103666893265,10.165234565734863,0.5480741262435913,7.558837890625,8.373818397521973,8.057202339172363,2.0214927196502686,0.12074650079011917
encoder_x_ddim,dinov2_small,ddim2_cfg0_tts0,ddim,2,0.0,0,go_stanford,short,sim2hF_0_13,5.877460999878774,8.911907196044922,0.5395373702049255,6.089532852172852,6.615854740142822,5.438948154449463,3.5195510387420654,0.19204561412334442
encoder_x_ddim,dinov2_small,ddim2_cfg0_tts0,ddim,2,0.0,0,go_stanford,short,sim12hF_1_4,5.670010333384805,8.275228500366211,0.31160402297973633,7.762077331542969,8.52888011932373,7.965210437774658,2.9445106983184814,0.15232741832733154
encoder_x_ddim,dinov2_small,ddim2_cfg0_tts0,ddim,2,0.0,0,go_stanford,short,sim2hF_0_11,5.573665333182968,12.214164733886719,0.37161070108413696,9.109354972839355,10.297823905944824,10.125088691711426,1.5546973943710327,0.055663157254457474
encoder_x_ddim,dinov2_small,ddim2_cfg0_tts0,ddim,2,0.0,0,go_stanford,medium,no4vcF_86_0,6.056786000044667,12.28988265991211,0.4045363664627075,8.931788444519043,9.824204444885254,8.94711685180664,3.9586944580078125,0.14268848299980164
encoder_x_ddim,dinov2_small,ddim2_cfg0_tts0,ddim,2,0.0,0,go_stanford,medium,no5vcF_119_0,5.416196666677327,9.340940475463867,0.2259482443332672,6.78335428237915,5.53134298324585,0.44156119227409363,5.493501663208008,0.3084244132041931
encoder_x_ddim,dinov2_small,ddim2_cfg0_tts0,ddim,2,0.0,0,go_stanford,medium,no5vcF_64_2,5.370083333218645,7.8276143074035645,0.4363023340702057,7.910240173339844,8.982635498046875,8.693258285522461,1.969648838043213,0.09225276857614517
encoder_x_ddim,dinov2_small,ddim2_cfg0_tts0,ddim,2,0.0,0,go_stanford,medium,sim2hF_0_13,5.447295666726859,11.649877548217773,0.5208872556686401,6.393685817718506,7.142974376678467,6.038205623626709,3.5979230403900146,0.18268251419067383
encoder_x_ddim,dinov2_small,ddim2_cfg0_tts0,ddim,2,0.0,0,go_stanford,medium,sim12hF_1_4,5.379383666574237,12.795883178710938,0.3583276867866516,7.2600274085998535,7.294496536254883,6.438364028930664,3.303659677505493,0.27917376160621643
encoder_x_ddim,dinov2_small,ddim2_cfg0_tts0,ddim,2,0.0,0,go_stanford,medium,sim2hF_0_11,5.7955506664863305,7.787770748138428,0.4575865566730499,3.4338855743408203,2.103595495223999,-0.3264903724193573,1.9846181869506836,0.22468839585781097
encoder_x_ddim,dinov2_small,ddim3_cfg0_tts0,ddim,3,0.0,0,go_stanford,short,no4vcF_86_0,8.276737000263287,10.411787986755371,0.18045109510421753,9.319642066955566,10.61791706085205,10.59420108795166,0.595576822757721,0.06050115451216698
encoder_x_ddim,dinov2_small,ddim3_cfg0_tts0,ddim,3,0.0,0,go_stanford,short,no5vcF_119_0,7.884654000008595,9.606889724731445,0.28408151865005493,8.292842864990234,8.62967300415039,6.896286487579346,5.135444641113281,0.17528508603572845
encoder_x_ddim,dinov2_small,ddim3_cfg0_tts0,ddim,3,0.0,0,go_stanford,short,no5vcF_64_2,8.620111999789515,10.165234565734863,0.4915647506713867,7.505979537963867,8.32055377960205,8.013664245605469,1.994444727897644,0.11094119399785995
encoder_x_ddim,dinov2_small,ddim3_cfg0_tts0,ddim,3,0.0,0,go_stanford,short,sim2hF_0_13,8.565368333468845,8.911907196044922,0.49068233370780945,6.112438201904297,6.62468957901001,5.369927883148193,3.69238543510437,0.1884915828704834
encoder_x_ddim,dinov2_small,ddim3_cfg0_tts0,ddim,3,0.0,0,go_stanford,short,sim12hF_1_4,8.024643333404432,8.275228500366211,0.29033175110816956,7.7939581871032715,8.569849967956543,7.994327068328857,2.996253728866577,0.14761096239089966
encoder_x_ddim,dinov2_small,ddim3_cfg0_tts0,ddim,3,0.0,0,go_stanford,short,sim2hF_0_11,7.813704333329952,12.214164733886719,0.35336846113204956,9.125032424926758,10.319914817810059,10.150370597839355,1.551399827003479,0.05313627049326897
encoder_x_ddim,dinov2_small,ddim3_cfg0_tts0,ddim,3,0.0,0,go_stanford,medium,no4vcF_86_0,7.7237099999365455,12.28988265991211,0.363240510225296,8.971821784973145,9.863500595092773,8.975993156433105,4.006775856018066,0.13991498947143555
encoder_x_ddim,dinov2_small,ddim3_cfg0_tts0,ddim,3,0.0,0,go_stanford,medium,no5vcF_119_0,8.188486000259823,9.340940475463867,0.19698382914066315,6.767680644989014,5.5079345703125,0.3456273078918457,5.48178243637085,0.3030819892883301
encoder_x_ddim,dinov2_small,ddim3_cfg0_tts0,ddim,3,0.0,0,go_stanford,medium,no5vcF_64_2,7.875680333351435,7.8276143074035645,0.41311585903167725,7.911354064941406,8.984356880187988,8.695249557495117,1.9628368616104126,0.08771786838769913
encoder_x_ddim,dinov2_small,ddim3_cfg0_tts0,ddim,3,0.0,0,go_stanford,medium,sim2hF_0_13,8.981520666566212,11.649877548217773,0.4631670117378235,6.405966281890869,7.147556304931641,5.987420558929443,3.7265279293060303,0.17805147171020508
encoder_x_ddim,dinov2_small,ddim3_cfg0_tts0,ddim,3,0.0,0,go_stanford,medium,sim12hF_1_4,7.789067666787257,12.795883178710938,0.33310753107070923,7.314420223236084,7.2984161376953125,6.399650573730469,3.4018185138702393,0.28120872378349304
encoder_x_ddim,dinov2_small,ddim3_cfg0_tts0,ddim,3,0.0,0,go_stanford,medium,sim2hF_0_11,7.743998666834766,7.787770748138428,0.4341100752353668,3.468579053878784,2.125194787979126,-0.3849319517612457,2.004488706588745,0.22624869644641876
encoder_x_ddim,dinov2_small,ddim5_cfg0_tts0,ddim,5,0.0,0,go_stanford,short,no4vcF_86_0,12.589187999765272,10.411787986755371,0.16153912246227264,9.351811408996582,10.657296180725098,10.636488914489746,0.5639863610267639,0.05699384585022926
encoder_x_ddim,dinov2_small,ddim5_cfg0_tts0,ddim,5,0.0,0,go_stanford,short,no5vcF_119_0,13.028141666685164,9.606889724731445,0.2617664635181427,8.33050537109375,8.63015079498291,6.783803462982178,5.2907586097717285,0.17739182710647583
encoder_x_ddim,dinov2_small,ddim5_cfg0_tts0,ddim,5,0.0,0,go_stanford,short,no5vcF_64_2,12.43376166651918,10.165234565734863,0.44983339309692383,7.448785305023193,8.254509925842285,7.939947605133057,2.0366830825805664,0.10797277837991714
encoder_x_ddim,dinov2_small,ddim5_cfg0_tts0,ddim,5,0.0,0,go_stanford,short,sim2hF_0_13,13.340519666598993,8.911907196044922,0.43630164861679077,6.162912368774414,6.634430408477783,5.246131896972656,3.9352495670318604,0.1877019852399826
encoder_x_ddim,dinov2_small,ddim5_cfg0_tts0,ddim,5,0.0,0,go_stanford,short,sim12hF_1_4,12.472192666640089,8.275228500366211,0.2683829069137573,7.812961578369141,8.577645301818848,7.969992160797119,3.0932629108428955,0.1469041109085083
encoder_x_ddim,dinov2_small,ddim5_cfg0_tts0,ddim,5,0.0,0,go_stanford,short,sim2hF_0_11,13.611453000066831,12.214164733886719,0.33240967988967896,9.13636302947998,10.335057258605957,10.167668342590332,1.5611540079116821,0.05167693272233009
encoder_x_ddim,dinov2_small,ddim5_cfg0_tts0,ddim,5,0.0,0,go_stanford,medium,no4vcF_86_0,12.884811000124804,12.28988265991211,0.33169567584991455,9.007452964782715,9.889297485351562,8.968049049377441,4.098242282867432,0.1403076946735382
encoder_x_ddim,dinov2_small,ddim5_cfg0_tts0,ddim,5,0.0,0,go_stanford,medium,no5vcF_119_0,12.32206733326772,9.340940475463867,0.17525611817836761,6.784078121185303,5.507608890533447,0.23730729520320892,5.490183353424072,0.30276814103126526
encoder_x_ddim,dinov2_small,ddim5_cfg0_tts0,ddim,5,0.0,0,go_stanford,medium,no5vcF_64_2,12.871403333368411,7.8276143074035645,0.3909619152545929,7.9032464027404785,8.968360900878906,8.660134315490723,2.0614194869995117,0.08727893978357315
encoder_x_ddim,dinov2_small,ddim5_cfg0_tts0,ddim,5,0.0,0,go_stanford,medium,sim2hF_0_13,12.403384333386688,11.649877548217773,0.41261351108551025,6.435390472412109,7.157262325286865,5.895927906036377,3.929356813430786,0.17612336575984955
encoder_x_ddim,dinov2_small,ddim5_cfg0_tts0,ddim,5,0.0,0,go_stanford,medium,sim12hF_1_4,12.575122666627673,12.795883178710938,0.3043052554130554,7.356390476226807,7.275318145751953,6.317150115966797,3.521637201309204,0.2851041853427887
encoder_x_ddim,dinov2_small,ddim5_cfg0_tts0,ddim,5,0.0,0,go_stanford,medium,sim2hF_0_11,12.72486000001057,7.787770748138428,0.40024900436401367,3.5374937057495117,2.1676151752471924,-0.5227791666984558,2.023113489151001,0.23043589293956757
encoder_x_tts,dinov2_small,ddim2_cfg0_tts0,ddim,2,0.0,0,go_stanford,short,no4vcF_86_0,6.0982093332313525,10.411787986755371,0.1971069872379303,9.287596702575684,10.578277587890625,10.551844596862793,0.6220507621765137,0.06417804211378098
encoder_x_tts,dinov2_small,ddim2_cfg0_tts0,ddim,2,0.0,0,go_stanford,short,no5vcF_119_0,5.232275666761173,9.606889724731445,0.31175506114959717,8.248411178588867,8.593805313110352,6.919443130493164,5.035849094390869,0.17927731573581696
encoder_x_tts,dinov2_small,ddim2_cfg0_tts0,ddim,2,0.0,0,go_stanford,short,no5vcF_64_2,5.221835333334941,10.165234565734863,0.5480741262435913,7.558837890625,8.373818397521973,8.057202339172363,2.0214927196502686,0.12074650079011917
encoder_x_tts,dinov2_small,ddim2_cfg0_tts0,ddim,2,0.0,0,go_stanford,short,sim2hF_0_13,5.27366500015584,8.911907196044922,0.5395373702049255,6.089532852172852,6.615854740142822,5.438948154449463,3.5195510387420654,0.19204561412334442
encoder_x_tts,dinov2_small,ddim2_cfg0_tts0,ddim,2,0.0,0,go_stanford,short,sim12hF_1_4,5.22903666660568,8.275228500366211,0.31160402297973633,7.762077331542969,8.52888011932373,7.965210437774658,2.9445106983184814,0.15232741832733154
encoder_x_tts,dinov2_small,ddim2_cfg0_tts0,ddim,2,0.0,0,go_stanford,short,sim2hF_0_11,5.6832849998803185,12.214164733886719,0.37161070108413696,9.109354972839355,10.297823905944824,10.125088691711426,1.5546973943710327,0.055663157254457474
encoder_x_tts,dinov2_small,ddim2_cfg0_tts0,ddim,2,0.0,0,go_stanford,medium,no4vcF_86_0,5.666730666537963,12.28988265991211,0.4045363664627075,8.931788444519043,9.824204444885254,8.94711685180664,3.9586944580078125,0.14268848299980164
encoder_x_tts,dinov2_small,ddim2_cfg0_tts0,ddim,2,0.0,0,go_stanford,medium,no5vcF_119_0,5.3201596665530815,9.340940475463867,0.2259482443332672,6.78335428237915,5.53134298324585,0.44156119227409363,5.493501663208008,0.3084244132041931
encoder_x_tts,dinov2_small,ddim2_cfg0_tts0,ddim,2,0.0,0,go_stanford,medium,no5vcF_64_2,5.274852333362408,7.8276143074035645,0.4363023340702057,7.910240173339844,8.982635498046875,8.693258285522461,1.969648838043213,0.09225276857614517
encoder_x_tts,dinov2_small,ddim2_cfg0_tts0,ddim,2,0.0,0,go_stanford,medium,sim2hF_0_13,5.613671999981307,11.649877548217773,0.5208872556686401,6.393685817718506,7.142974376678467,6.038205623626709,3.5979230403900146,0.18268251419067383
encoder_x_tts,dinov2_small,ddim2_cfg0_tts0,ddim,2,0.0,0,go_stanford,medium,sim12hF_1_4,5.294192666648693,12.795883178710938,0.3583276867866516,7.2600274085998535,7.294496536254883,6.438364028930664,3.303659677505493,0.27917376160621643
encoder_x_tts,dinov2_small,ddim2_cfg0_tts0,ddim,2,0.0,0,go_stanford,medium,sim2hF_0_11,5.286499999935283,7.787770748138428,0.4575865566730499,3.4338855743408203,2.103595495223999,-0.3264903724193573,1.9846181869506836,0.22468839585781097
encoder_x_tts,dinov2_small,ddim2_cfg0_tts8,ddim,2,0.0,8,go_stanford,short,no4vcF_86_0,5.889292666779511,10.411787986755371,0.09782451391220093,9.458576202392578,10.770049095153809,10.758591651916504,0.3929953873157501,0.053416963666677475
encoder_x_tts,dinov2_small,ddim2_cfg0_tts8,ddim,2,0.0,8,go_stanford,short,no5vcF_119_0,5.935880666584126,9.606889724731445,0.25727927684783936,8.237887382507324,8.678133010864258,7.308221817016602,4.656589031219482,0.17171268165111542
encoder_x_tts,dinov2_small,ddim2_cfg0_tts8,ddim,2,0.0,8,go_stanford,short,no5vcF_64_2,5.354507999982161,10.165234565734863,0.3316623270511627,7.813460826873779,8.747672080993652,8.565767288208008,1.5451087951660156,0.11109790951013565
encoder_x_tts,dinov2_small,ddim2_cfg0_tts8,ddim,2,0.0,8,go_stanford,short,sim2hF_0_13,5.356214666638455,8.911907196044922,0.5124713182449341,5.953319072723389,6.660324573516846,5.900813579559326,2.7815675735473633,0.19220678508281708
encoder_x_tts,dinov2_small,ddim2_cfg0_tts8,ddim,2,0.0,8,go_stanford,short,sim12hF_1_4,5.7056763333397,8.275228500366211,0.3084205985069275,7.845417022705078,8.728602409362793,8.303013801574707,2.5936272144317627,0.13883329927921295
encoder_x_tts,dinov2_small,ddim2_cfg0_tts8,ddim,2,0.0,8,go_stanford,short,sim2hF_0_11,5.369484999998046,12.214164733886719,0.21100778877735138,9.148761749267578,10.384575843811035,10.336676597595215,0.8823577761650085,0.04057751223444939
encoder_x_tts,dinov2_small,ddim2_cfg0_tts8,ddim,2,0.0,8,go_stanford,medium,no4vcF_86_0,5.746120666723679,12.28988265991211,0.21468575298786163,9.342303276062012,10.320416450500488,9.54804515838623,3.8806488513946533,0.1250864714384079
encoder_x_tts,dinov2_small,ddim2_cfg0_tts8,ddim,2,0.0,8,go_stanford,medium,no5vcF_119_0,5.327645000155219,9.340940475463867,0.20565196871757507,6.874730587005615,5.658542633056641,0.7856848239898682,5.592740535736084,0.3062397539615631
encoder_x_tts,dinov2_small,ddim2_cfg0_tts8,ddim,2,0.0,8,go_stanford,medium,no5vcF_64_2,5.353875999996187,7.8276143074035645,0.42638564109802246,8.18549919128418,9.307168006896973,9.097729682922363,1.5863581895828247,0.08323006331920624
encoder_x_tts,dinov2_small,ddim2_cfg0_tts8,ddim,2,0.0,8,go_stanford,medium,sim2hF_0_13,5.807838333415323,11.649877548217773,0.4953520894050598,6.366409778594971,7.281985759735107,6.502693176269531,3.0107738971710205,0.1877525895833969
encoder_x_tts,dinov2_small,ddim2_cfg0_tts8,ddim,2,0.0,8,go_stanford,medium,sim12hF_1_4,5.318339999879147,12.795883178710938,0.3091311454772949,7.262630939483643,7.471183776855469,6.862406253814697,2.85042405128479,0.2651469111442566
encoder_x_tts,dinov2_small,ddim2_cfg0_tts8,ddim,2,0.0,8,go_stanford,medium,sim2hF_0_11,5.3619749999901005,7.787770748138428,0.31709912419319153,2.9693679809570312,1.7673234939575195,0.18153953552246094,1.7068672180175781,0.19838924705982208
encoder_x_tts,dinov2_small,ddim2_cfg0_tts16,ddim,2,0.0,16,go_stanford,short,no4vcF_86_0,11.017925666389297,10.411787986755371,0.0812775269150734,9.475310325622559,10.785846710205078,10.78231430053711,0.2453060746192932,0.05421331524848938
encoder_x_tts,dinov2_small,ddim2_cfg0_tts16,ddim,2,0.0,16,go_stanford,short,no5vcF_119_0,11.081808000047507,9.606889724731445,0.23506715893745422,8.312369346618652,8.867926597595215,7.668861389160156,4.415377140045166,0.14926029741764069
encoder_x_tts,dinov2_small,ddim2_cfg0_tts16,ddim,2,0.0,16,go_stanford,short,no5vcF_64_2,10.60152933344701,10.165234565734863,0.22928175330162048,7.87366247177124,8.873433113098145,8.757071495056152,1.310573697090149,0.09488627314567566
encoder_x_tts,dinov2_small,ddim2_cfg0_tts16,ddim,2,0.0,16,go_stanford,short,sim2hF_0_13,10.450656000102754,8.911907196044922,0.4721432328224182,6.103603363037109,6.841153621673584,6.320611476898193,2.3659868240356445,0.2118614763021469
encoder_x_tts,dinov2_small,ddim2_cfg0_tts16,ddim,2,0.0,16,go_stanford,short,sim12hF_1_4,10.591741999936252,8.275228500366211,0.3176806569099426,7.954973220825195,8.896821975708008,8.538274765014648,2.399365186691284,0.12735800445079803
encoder_x_tts,dinov2_small,ddim2_cfg0_tts16,ddim,2,0.0,16,go_stanford,short,sim2hF_0_11,10.488560333366573,12.214164733886719,0.17398996651172638,9.271390914916992,10.528630256652832,10.51109790802002,0.5128793120384216,0.03713056817650795
encoder_x_tts,dinov2_small,ddim2_cfg0_tts16,ddim,2,0.0,16,go_stanford,medium,no4vcF_86_0,10.397508666756039,12.28988265991211,0.3098619878292084,9.167154312133789,10.186249732971191,9.667132377624512,3.065744400024414,0.12352753430604935
encoder_x_tts,dinov2_small,ddim2_cfg0_tts16,ddim,2,0.0,16,go_stanford,medium,no5vcF_119_0,10.442685666627463,9.340940475463867,0.23494641482830048,6.798946380615234,5.537278652191162,0.929767906665802,5.44972038269043,0.30799174308776855
encoder_x_tts,dinov2_small,ddim2_cfg0_tts16,ddim,2,0.0,16,go_stanford,medium,no5vcF_64_2,10.610732666767339,7.8276143074035645,0.2645205855369568,8.401939392089844,9.5690336227417,9.5210542678833,0.8724361062049866,0.08391553163528442
encoder_x_tts,dinov2_small,ddim2_cfg0_tts16,ddim,2,0.0,16,go_stanford,medium,sim2hF_0_13,11.639249666586693,11.649877548217773,0.4828444719314575,6.382335186004639,7.335279941558838,6.850103855133057,2.434722900390625,0.17709238827228546
encoder_x_tts,dinov2_small,ddim2_cfg0_tts16,ddim,2,0.0,16,go_stanford,medium,sim12hF_1_4,10.529804999957074,12.795883178710938,0.3073001801967621,6.916654109954834,7.452541351318359,7.108952045440674,2.177854299545288,0.2335132211446762
encoder_x_tts,dinov2_small,ddim2_cfg0_tts16,ddim,2,0.0,16,go_stanford,medium,sim2hF_0_11,10.65325333365763,7.787770748138428,0.28831201791763306,2.7629683017730713,1.4761582612991333,0.4526251554489136,1.3695589303970337,0.19433839619159698
encoder_x_ddim,convnext_tiny,ddim2_cfg0_tts0,ddim,2,0.0,0,go_stanford,short,no4vcF_86_0,5.523746666464528,11.982006072998047,0.2494642734527588,8.883244514465332,10.068467140197754,10.0127534866333,0.7996120452880859,0.05827833339571953
encoder_x_ddim,convnext_tiny,ddim2_cfg0_tts0,ddim,2,0.0,0,go_stanford,short,no5vcF_119_0,5.28095566672467,12.064702987670898,0.8158458471298218,7.645165920257568,8.158388137817383,7.385983943939209,3.2637951374053955,0.14049386978149414
encoder_x_ddim,convnext_tiny,ddim2_cfg0_tts0,ddim,2,0.0,0,go_stanford,short,no5vcF_64_2,5.778994999976324,8.224884033203125,0.5162823796272278,5.621449947357178,6.448184967041016,6.213230133056641,1.3344354629516602,0.08760923147201538
encoder_x_ddim,convnext_tiny,ddim2_cfg0_tts0,ddim,2,0.0,0,go_stanford,short,sim2hF_0_13,5.490678333292938,8.563291549682617,0.23101353645324707,9.234560012817383,10.009995460510254,7.354943752288818,6.767945766448975,0.1667260378599167
encoder_x_ddim,convnext_tiny,ddim2_cfg0_tts0,ddim,2,0.0,0,go_stanford,short,sim12hF_1_4,5.313404333416353,9.831226348876953,0.5405921936035156,9.042401313781738,10.065085411071777,9.767008781433105,2.2926292419433594,0.11398112773895264
encoder_x_ddim,convnext_tiny,ddim2_cfg0_tts0,ddim,2,0.0,0,go_stanford,short,sim2hF_0_11,5.289806666799753,10.772144317626953,0.3591728210449219,9.15061092376709,10.313799858093262,10.245535850524902,0.8390892148017883,0.09831712394952774
encoder_x_ddim,convnext_tiny,ddim2_cfg0_tts0,ddim,2,0.0,0,go_stanford,medium,no4vcF_86_0,5.4445236667864565,8.39574146270752,0.2816864252090454,9.45356559753418,10.286456108093262,9.628713607788086,3.5617668628692627,0.1454319953918457
encoder_x_ddim,convnext_tiny,ddim2_cfg0_tts0,ddim,2,0.0,0,go_stanford,medium,no5vcF_119_0,5.350411000108579,7.691092491149902,0.8498205542564392,4.44454288482666,3.204440116882324,-0.9157320857048035,2.8668086528778076,0.25521770119667053
encoder_x_ddim,convnext_tiny,ddim2_cfg0_tts0,ddim,2,0.0,0,go_stanford,medium,no5vcF_64_2,5.283145333275267,11.769695281982422,0.4895184636116028,7.255180358886719,8.083670616149902,7.9318366050720215,1.3058562278747559,0.08426802605390549
encoder_x_ddim,convnext_tiny,ddim2_cfg0_tts0,ddim,2,0.0,0,go_stanford,medium,sim2hF_0_13,5.313285333310584,10.283578872680664,0.2820771336555481,9.02619457244873,9.248770713806152,6.225566864013672,6.816667079925537,0.27818194031715393
encoder_x_ddim,convnext_tiny,ddim2_cfg0_tts0,ddim,2,0.0,0,go_stanford,medium,sim12hF_1_4,5.545706000096591,8.855923652648926,0.2714086174964905,8.70173168182373,9.7947359085083,9.66034984588623,1.4116443395614624,0.09919196367263794
encoder_x_ddim,convnext_tiny,ddim2_cfg0_tts0,ddim,2,0.0,0,go_stanford,medium,sim2hF_0_11,5.275988333172184,9.36258316040039,0.6376134157180786,4.493092060089111,3.237717628479004,-2.2965853214263916,2.1613681316375732,0.2929905951023102
encoder_x_ddim,convnext_tiny,ddim3_cfg0_tts0,ddim,3,0.0,0,go_stanford,short,no4vcF_86_0,7.892705666714998,11.982006072998047,0.23023086786270142,8.91010856628418,10.103082656860352,10.05284309387207,0.7589418292045593,0.05364270880818367
encoder_x_ddim,convnext_tiny,ddim3_cfg0_tts0,ddim,3,0.0,0,go_stanford,short,no5vcF_119_0,7.744531666655045,12.064702987670898,0.8114886283874512,7.688502788543701,8.199125289916992,7.370280742645264,3.4182498455047607,0.133742555975914
encoder_x_ddim,convnext_tiny,ddim3_cfg0_tts0,ddim,3,0.0,0,go_stanford,short,no5vcF_64_2,8.000803666770176,8.224884033203125,0.4928165376186371,5.548263072967529,6.370570659637451,6.143398284912109,1.3159922361373901,0.08122865110635757
encoder_x_ddim,convnext_tiny,ddim3_cfg0_tts0,ddim,3,0.0,0,go_stanford,short,sim2hF_0_13,7.750007666648647,8.563291549682617,0.19808408617973328,9.284634590148926,10.0513277053833,7.322262287139893,6.868810176849365,0.16128022968769073
encoder_x_ddim,convnext_tiny,ddim3_cfg0_tts0,ddim,3,0.0,0,go_stanford,short,sim12hF_1_4,7.76780966680235,9.831226348876953,0.5251187086105347,9.068245887756348,10.093297004699707,9.791297912597656,2.3027026653289795,0.11118781566619873
encoder_x_ddim,convnext_tiny,ddim3_cfg0_tts0,ddim,3,0.0,0,go_stanford,short,sim2hF_0_11,8.093494666657838,10.772144317626953,0.3411675989627838,9.157255172729492,10.322148323059082,10.25801944732666,0.8213214874267578,0.09693292528390884
encoder_x_ddim,convnext_tiny,ddim3_cfg0_tts0,ddim,3,0.0,0,go_stanford,medium,no4vcF_86_0,7.757443000173225,8.39574146270752,0.2562631070613861,9.47692584991455,10.301680564880371,9.618870735168457,3.6392316818237305,0.14570102095603943
encoder_x_ddim,convnext_tiny,ddim3_cfg0_tts0,ddim,3,0.0,0,go_stanford,medium,no5vcF_119_0,8.050245333227698,7.691092491149902,0.8642251491546631,4.566091060638428,3.3691329956054688,-1.0366908311843872,3.012833833694458,0.25503313541412354
encoder_x_ddim,convnext_tiny,ddim3_cfg0_tts0,ddim,3,0.0,0,go_stanford,medium,no5vcF_64_2,8.574589333269008,11.769695281982422,0.45654648542404175,7.234201908111572,8.062827110290527,7.9172682762146,1.2694138288497925,0.07670532912015915
encoder_x_ddim,convnext_tiny,ddim3_cfg0_tts0,ddim,3,0.0,0,go_stanford,medium,sim2hF_0_13,8.309030666623585,10.283578872680664,0.19620594382286072,9.142577171325684,9.334832191467285,6.197517395019531,6.966969966888428,0.2625272274017334
encoder_x_ddim,convnext_tiny,ddim3_cfg0_tts0,ddim,3,0.0,0,go_stanford,medium,sim12hF_1_4,8.544482999847483,8.855923652648926,0.2565760910511017,8.701753616333008,9.79468822479248,9.659472465515137,1.422237753868103,0.09773635864257812
encoder_x_ddim,convnext_tiny,ddim3_cfg0_tts0,ddim,3,0.0,0,go_stanford,medium,sim2hF_0_11,8.01420733341729,9.36258316040039,0.6292104721069336,4.511942386627197,3.279500961303711,-2.3675332069396973,2.1538660526275635,0.2910521924495697
encoder_x_ddim,convnext_tiny,ddim5_cfg0_tts0,ddim,5,0.0,0,go_stanford,short,no4vcF_86_0,14.011635666671888,11.982006072998047,0.20892156660556793,8.935063362121582,10.134867668151855,10.090624809265137,0.7181854248046875,0.04956260323524475
encoder_x_ddim,convnext_tiny,ddim5_cfg0_tts0,ddim,5,0.0,0,go_stanford,short,no5vcF_119_0,13.682050666678455,12.064702987670898,0.7937080264091492,7.709725856781006,8.210173606872559,7.317342758178711,3.590479612350464,0.13034804165363312
encoder_x_ddim,convnext_tiny,ddim5_cfg0_tts0,ddim,5,0.0,0,go_stanford,short,no5vcF_64_2,13.166478333308381,8.224884033203125,0.4682351350784302,5.45213508605957,6.2716288566589355,6.053059101104736,1.2845735549926758,0.0784430131316185
encoder_x_ddim,convnext_tiny,ddim5_cfg0_tts0,ddim,5,0.0,0,go_stanford,short,sim2hF_0_13,13.105607666754318,8.563291549682617,0.16772042214870453,9.34054183959961,10.090279579162598,7.250797271728516,7.004666805267334,0.1605459302663803
encoder_x_ddim,convnext_tiny,ddim5_cfg0_tts0,ddim,5,0.0,0,go_stanford,short,sim12hF_1_4,13.742060999902606,9.831226348876953,0.49439096450805664,9.090921401977539,10.118895530700684,9.815932273864746,2.304426908493042,0.10931584239006042
encoder_x_ddim,convnext_tiny,ddim5_cfg0_tts0,ddim,5,0.0,0,go_stanford,short,sim2hF_0_11,14.070323666752907,10.772144317626953,0.3207717835903168,9.16448974609375,10.331957817077637,10.273619651794434,0.7852032780647278,0.09630826860666275
encoder_x_ddim,convnext_tiny,ddim5_cfg0_tts0,ddim,5,0.0,0,go_stanford,medium,no4vcF_86_0,13.002419333285312,8.39574146270752,0.2300792932510376,9.50042724609375,10.322211265563965,9.621268272399902,3.6986196041107178,0.14587347209453583
encoder_x_ddim,convnext_tiny,ddim5_cfg0_tts0,ddim,5,0.0,0,go_stanford,medium,no5vcF_119_0,12.61293233331647,7.691092491149902,0.8581161499023438,4.675073146820068,3.5273048877716064,-1.3205547332763672,3.0653178691864014,0.2601170837879181
encoder_x_ddim,convnext_tiny,ddim5_cfg0_tts0,ddim,5,0.0,0,go_stanford,medium,no5vcF_64_2,12.514806999964398,11.769695281982422,0.4257780611515045,7.2008795738220215,8.027026176452637,7.8857741355896,1.256265640258789,0.07137346267700195
encoder_x_ddim,convnext_tiny,ddim5_cfg0_tts0,ddim,5,0.0,0,go_stanford,medium,sim2hF_0_13,12.825810999856913,10.283578872680664,0.1583820879459381,9.23102855682373,9.392470359802246,6.121178150177002,7.114279270172119,0.263642817735672
encoder_x_ddim,convnext_tiny,ddim5_cfg0_tts0,ddim,5,0.0,0,go_stanford,medium,sim12hF_1_4,13.272083666682496,8.855923652648926,0.2363157570362091,8.707343101501465,9.798208236694336,9.658709526062012,1.4663515090942383,0.09785658121109009
encoder_x_ddim,convnext_tiny,ddim5_cfg0_tts0,ddim,5,0.0,0,go_stanford,medium,sim2hF_0_11,13.842156333491099,9.36258316040039,0.6170122623443604,4.556529521942139,3.3601267337799072,-2.51776385307312,2.107074022293091,0.291835218667984
encoder_x_tts,convnext_tiny,ddim2_cfg0_tts0,ddim,2,0.0,0,go_stanford,short,no4vcF_86_0,6.216377000176483,11.982006072998047,0.2494642734527588,8.883244514465332,10.068467140197754,10.0127534866333,0.7996120452880859,0.05827833339571953
encoder_x_tts,convnext_tiny,ddim2_cfg0_tts0,ddim,2,0.0,0,go_stanford,short,no5vcF_119_0,5.205527666627556,12.064702987670898,0.8158458471298218,7.645165920257568,8.158388137817383,7.385983943939209,3.2637951374053955,0.14049386978149414
encoder_x_tts,convnext_tiny,ddim2_cfg0_tts0,ddim,2,0.0,0,go_stanford,short,no5vcF_64_2,5.253117999927781,8.224884033203125,0.5162823796272278,5.621449947357178,6.448184967041016,6.213230133056641,1.3344354629516602,0.08760923147201538
encoder_x_tts,convnext_tiny,ddim2_cfg0_tts0,ddim,2,0.0,0,go_stanford,short,sim2hF_0_13,5.215181666699209,8.563291549682617,0.23101353645324707,9.234560012817383,10.009995460510254,7.354943752288818,6.767945766448975,0.1667260378599167
encoder_x_tts,convnext_tiny,ddim2_cfg0_tts0,ddim,2,0.0,0,go_stanford,short,sim12hF_1_4,5.632245999853088,9.831226348876953,0.5405921936035156,9.042401313781738,10.065085411071777,9.767008781433105,2.2926292419433594,0.11398112773895264
encoder_x_tts,convnext_tiny,ddim2_cfg0_tts0,ddim,2,0.0,0,go_stanford,short,sim2hF_0_11,5.289233999974385,10.772144317626953,0.3591728210449219,9.15061092376709,10.313799858093262,10.245535850524902,0.8390892148017883,0.09831712394952774
encoder_x_tts,convnext_tiny,ddim2_cfg0_tts0,ddim,2,0.0,0,go_stanford,medium,no4vcF_86_0,6.080376999913521,8.39574146270752,0.2816864252090454,9.45356559753418,10.286456108093262,9.628713607788086,3.5617668628692627,0.1454319953918457
encoder_x_tts,convnext_tiny,ddim2_cfg0_tts0,ddim,2,0.0,0,go_stanford,medium,no5vcF_119_0,5.462637333342475,7.691092491149902,0.8498205542564392,4.44454288482666,3.204440116882324,-0.9157320857048035,2.8668086528778076,0.25521770119667053
encoder_x_tts,convnext_tiny,ddim2_cfg0_tts0,ddim,2,0.0,0,go_stanford,medium,no5vcF_64_2,5.245258666642864,11.769695281982422,0.4895184636116028,7.255180358886719,8.083670616149902,7.9318366050720215,1.3058562278747559,0.08426802605390549
encoder_x_tts,convnext_tiny,ddim2_cfg0_tts0,ddim,2,0.0,0,go_stanford,medium,sim2hF_0_13,5.7499339998988335,10.283578872680664,0.2820771336555481,9.02619457244873,9.248770713806152,6.225566864013672,6.816667079925537,0.27818194031715393
encoder_x_tts,convnext_tiny,ddim2_cfg0_tts0,ddim,2,0.0,0,go_stanford,medium,sim12hF_1_4,5.246490999979869,8.855923652648926,0.2714086174964905,8.70173168182373,9.7947359085083,9.66034984588623,1.4116443395614624,0.09919196367263794
encoder_x_tts,convnext_tiny,ddim2_cfg0_tts0,ddim,2,0.0,0,go_stanford,medium,sim2hF_0_11,5.787135333624367,9.36258316040039,0.6376134157180786,4.493092060089111,3.237717628479004,-2.2965853214263916,2.1613681316375732,0.2929905951023102
encoder_x_tts,convnext_tiny,ddim2_cfg0_tts8,ddim,2,0.0,8,go_stanford,short,no4vcF_86_0,5.900341666801978,11.982006072998047,0.1525166630744934,9.072863578796387,10.295730590820312,10.280030250549316,0.4753970205783844,0.045160870999097824
encoder_x_tts,convnext_tiny,ddim2_cfg0_tts8,ddim,2,0.0,8,go_stanford,short,no5vcF_119_0,5.4648983332299395,12.064702987670898,0.5982732176780701,7.72954797744751,8.311046600341797,7.827908039093018,2.6643285751342773,0.1340002566576004
encoder_x_tts,convnext_tiny,ddim2_cfg0_tts8,ddim,2,0.0,8,go_stanford,short,no5vcF_64_2,5.576591999973364,8.224884033203125,0.32569420337677,5.744717121124268,6.668752193450928,6.580059051513672,0.8639647364616394,0.07026384025812149
encoder_x_tts,convnext_tiny,ddim2_cfg0_tts8,ddim,2,0.0,8,go_stanford,short,sim2hF_0_13,5.8603049998661545,8.563291549682617,0.2201145589351654,9.219393730163574,10.077611923217773,7.690112590789795,6.498764514923096,0.15677590668201447
encoder_x_tts,convnext_tiny,ddim2_cfg0_tts8,ddim,2,0.0,8,go_stanford,short,sim12hF_1_4,5.296343000281922,9.831226348876953,0.4587852358818054,9.10513973236084,10.169730186462402,9.973258972167969,1.8994604349136353,0.1037687286734581
encoder_x_tts,convnext_tiny,ddim2_cfg0_tts8,ddim,2,0.0,8,go_stanford,short,sim2hF_0_11,5.436273666873603,10.772144317626953,0.20126426219940186,9.202948570251465,10.378362655639648,10.36591625213623,0.3819153606891632,0.10138329863548279
encoder_x_tts,convnext_tiny,ddim2_cfg0_tts8,ddim,2,0.0,8,go_stanford,medium,no4vcF_86_0,5.935849000252347,8.39574146270752,0.1728508472442627,9.60977840423584,10.485664367675781,9.930991172790527,3.3396520614624023,0.1332772970199585
encoder_x_tts,convnext_tiny,ddim2_cfg0_tts8,ddim,2,0.0,8,go_stanford,medium,no5vcF_119_0,5.427501999899202,7.691092491149902,0.5872128009796143,3.5854721069335938,2.186018705368042,-0.4196331799030304,1.8935116529464722,0.22928738594055176
encoder_x_tts,convnext_tiny,ddim2_cfg0_tts8,ddim,2,0.0,8,go_stanford,medium,no5vcF_64_2,5.428676666724641,11.769695281982422,0.3913012742996216,7.517139434814453,8.384398460388184,8.301825523376465,0.9748566150665283,0.08481224626302719
encoder_x_tts,convnext_tiny,ddim2_cfg0_tts8,ddim,2,0.0,8,go_stanford,medium,sim2hF_0_13,5.592017000102108,10.283578872680664,0.21410346031188965,9.136704444885254,9.426854133605957,6.585364818572998,6.730200290679932,0.27043765783309937
encoder_x_tts,convnext_tiny,ddim2_cfg0_tts8,ddim,2,0.0,8,go_stanford,medium,sim12hF_1_4,5.3893200000250845,8.855923652648926,0.17626702785491943,8.713372230529785,9.870168685913086,9.823358535766602,0.8898642659187317,0.08780623227357864
encoder_x_tts,convnext_tiny,ddim2_cfg0_tts8,ddim,2,0.0,8,go_stanford,medium,sim2hF_0_11,5.338719000064884,9.36258316040039,0.35137659311294556,4.064525127410889,2.7018823623657227,-1.9153190851211548,1.7391782999038696,0.2794085144996643
encoder_x_tts,convnext_tiny,ddim2_cfg0_tts16,ddim,2,0.0,16,go_stanford,short,no4vcF_86_0,11.57881366680158,11.982006072998047,0.10349876433610916,9.143345832824707,10.395008087158203,10.388139724731445,0.3173811733722687,0.03605210408568382
encoder_x_tts,convnext_tiny,ddim2_cfg0_tts16,ddim,2,0.0,16,go_stanford,short,no5vcF_119_0,10.506745333411041,12.064702987670898,0.5372201204299927,7.615331649780273,8.259572982788086,7.992965221405029,1.9516010284423828,0.10733956843614578
encoder_x_tts,convnext_tiny,ddim2_cfg0_tts16,ddim,2,0.0,16,go_stanford,short,no5vcF_64_2,11.225960999884895,8.224884033203125,0.28206872940063477,5.928946018218994,6.8916168212890625,6.836018085479736,0.6876423954963684,0.0755532905459404
encoder_x_tts,convnext_tiny,ddim2_cfg0_tts16,ddim,2,0.0,16,go_stanford,short,sim2hF_0_13,10.60665000007551,8.563291549682617,0.21514613926410675,9.276753425598145,10.182467460632324,8.059525489807129,6.198129177093506,0.21110476553440094
encoder_x_tts,convnext_tiny,ddim2_cfg0_tts16,ddim,2,0.0,16,go_stanford,short,sim12hF_1_4,11.323249666778187,9.831226348876953,0.4552462697029114,9.17064380645752,10.264823913574219,10.118708610534668,1.6044386625289917,0.08742112666368484
encoder_x_tts,convnext_tiny,ddim2_cfg0_tts16,ddim,2,0.0,16,go_stanford,short,sim2hF_0_11,10.64350633335683,10.772144317626953,0.17455792427062988,9.281290054321289,10.498397827148438,10.487527847290039,0.3639697730541229,0.08458659797906876
encoder_x_tts,convnext_tiny,ddim2_cfg0_tts16,ddim,2,0.0,16,go_stanford,medium,no4vcF_86_0,11.397100999905282,8.39574146270752,0.27301353216171265,9.597962379455566,10.483062744140625,10.074339866638184,2.7688252925872803,0.14055834710597992
encoder_x_tts,convnext_tiny,ddim2_cfg0_tts16,ddim,2,0.0,16,go_stanford,medium,no5vcF_119_0,10.729089666710934,7.691092491149902,0.5938123464584351,3.4732162952423096,2.2224650382995605,-0.29733410477638245,1.9632407426834106,0.21772195398807526
encoder_x_tts,convnext_tiny,ddim2_cfg0_tts16,ddim,2,0.0,16,go_stanford,medium,no5vcF_64_2,11.396367000088503,11.769695281982422,0.32069265842437744,7.599112033843994,8.544548988342285,8.494500160217285,0.7848734855651855,0.07082048803567886
encoder_x_tts,convnext_tiny,ddim2_cfg0_tts16,ddim,2,0.0,16,go_stanford,medium,sim2hF_0_13,10.594140333372101,10.283578872680664,0.5345801711082458,9.08559513092041,9.417854309082031,7.08186149597168,6.1548943519592285,0.34864017367362976
encoder_x_tts,convnext_tiny,ddim2_cfg0_tts16,ddim,2,0.0,16,go_stanford,medium,sim12hF_1_4,11.5469893333587,8.855923652648926,0.13072341680526733,8.866159439086914,10.065899848937988,10.023131370544434,0.858663022518158,0.07892819494009018
encoder_x_tts,convnext_tiny,ddim2_cfg0_tts16,ddim,2,0.0,16,go_stanford,medium,sim2hF_0_11,10.718673333334058,9.36258316040039,0.31014886498451233,3.880981206893921,2.419581174850464,-1.7162189483642578,1.5866578817367554,0.27185264229774475
encoder_x_ddim,resnet50,ddim2_cfg0_tts0,ddim,2,0.0,0,go_stanford,short,no4vcF_86_0,5.407227333459256,10.450090408325195,0.736047625541687,7.500888347625732,8.550192832946777,8.396943092346191,1.2892290353775024,0.0839967355132103
encoder_x_ddim,resnet50,ddim2_cfg0_tts0,ddim,2,0.0,0,go_stanford,short,no5vcF_119_0,5.358630333527496,10.609184265136719,0.9157686233520508,7.512106418609619,8.432973861694336,7.938253879547119,2.0002381801605225,0.10573488473892212
encoder_x_ddim,resnet50,ddim2_cfg0_tts0,ddim,2,0.0,0,go_stanford,short,no5vcF_64_2,5.412455333347073,10.514122009277344,0.8317016959190369,8.25182056427002,9.33106517791748,9.061968803405762,1.6553493738174438,0.09467799216508865
encoder_x_ddim,resnet50,ddim2_cfg0_tts0,ddim,2,0.0,0,go_stanford,short,sim2hF_0_13,5.3380889999061765,10.568695068359375,0.9348242282867432,7.738018035888672,8.671923637390137,8.264065742492676,2.349414587020874,0.12580370903015137
encoder_x_ddim,resnet50,ddim2_cfg0_tts0,ddim,2,0.0,0,go_stanford,short,sim12hF_1_4,5.269847666568239,10.571197509765625,1.0093891620635986,7.29077672958374,8.156291961669922,7.667466640472412,1.9796222448349,0.11075494438409805
encoder_x_ddim,resnet50,ddim2_cfg0_tts0,ddim,2,0.0,0,go_stanford,short,sim2hF_0_11,5.23274999992888,10.650835037231445,0.8832137584686279,7.839081287384033,8.85677719116211,8.357048988342285,2.275446891784668,0.10217225551605225
encoder_x_ddim,resnet50,ddim2_cfg0_tts0,ddim,2,0.0,0,go_stanford,medium,no4vcF_86_0,5.258608666584526,10.824637413024902,1.146493911743164,7.2940521240234375,8.009228706359863,7.298655033111572,2.657181978225708,0.12438075989484787
encoder_x_ddim,resnet50,ddim2_cfg0_tts0,ddim,2,0.0,0,go_stanford,medium,no5vcF_119_0,5.2219143334089795,10.51254940032959,0.6607698202133179,7.641679286956787,8.677794456481934,8.55620288848877,1.107627511024475,0.07479654997587204
encoder_x_ddim,resnet50,ddim2_cfg0_tts0,ddim,2,0.0,0,go_stanford,medium,no5vcF_64_2,5.50573833334056,10.72062873840332,0.936646044254303,7.382338047027588,8.355615615844727,8.002457618713379,1.9991143941879272,0.10416131466627121
encoder_x_ddim,resnet50,ddim2_cfg0_tts0,ddim,2,0.0,0,go_stanford,medium,sim2hF_0_13,5.874884666657938,10.550082206726074,1.0278356075286865,7.578309535980225,8.483380317687988,7.994238376617432,2.207655668258667,0.1259068101644516
encoder_x_ddim,resnet50,ddim2_cfg0_tts0,ddim,2,0.0,0,go_stanford,medium,sim12hF_1_4,5.436591999872083,10.580009460449219,0.9393768310546875,7.702661037445068,8.617520332336426,8.210586547851562,1.8008198738098145,0.10184011608362198
encoder_x_ddim,resnet50,ddim2_cfg0_tts0,ddim,2,0.0,0,go_stanford,medium,sim2hF_0_11,5.556216333237292,10.574678421020508,1.2966804504394531,7.6723456382751465,8.307280540466309,7.269371032714844,2.873514413833618,0.14891646802425385
encoder_x_ddim,resnet50,ddim3_cfg0_tts0,ddim,3,0.0,0,go_stanford,short,no4vcF_86_0,7.762396000240794,10.450090408325195,0.7951375246047974,7.500393390655518,8.514034271240234,8.322039604187012,1.3792918920516968,0.08249965310096741
encoder_x_ddim,resnet50,ddim3_cfg0_tts0,ddim,3,0.0,0,go_stanford,short,no5vcF_119_0,7.935710000159209,10.609184265136719,0.9343109130859375,7.593822956085205,8.512463569641113,7.974619388580322,2.108222246170044,0.10167541354894638
encoder_x_ddim,resnet50,ddim3_cfg0_tts0,ddim,3,0.0,0,go_stanford,short,no5vcF_64_2,7.697040333368932,10.514122009277344,0.8326736092567444,8.280606269836426,9.366893768310547,9.085498809814453,1.6960020065307617,0.07959301024675369
encoder_x_ddim,resnet50,ddim3_cfg0_tts0,ddim,3,0.0,0,go_stanford,short,sim2hF_0_13,7.6255923331700615,10.568695068359375,0.9928067922592163,7.807846546173096,8.708889961242676,8.21646785736084,2.5721733570098877,0.12885521352291107
encoder_x_ddim,resnet50,ddim3_cfg0_tts0,ddim,3,0.0,0,go_stanford,short,sim12hF_1_4,7.927286666623938,10.571197509765625,1.088860273361206,7.381927490234375,8.207135200500488,7.599318027496338,2.176400899887085,0.11364510655403137
encoder_x_ddim,resnet50,ddim3_cfg0_tts0,ddim,3,0.0,0,go_stanford,short,sim2hF_0_11,7.862443333427412,10.650835037231445,0.9298678636550903,7.9261155128479,8.931812286376953,8.362261772155762,2.440617799758911,0.10240636020898819
encoder_x_ddim,resnet50,ddim3_cfg0_tts0,ddim,3,0.0,0,go_stanford,medium,no4vcF_86_0,7.975392333264608,10.824637413024902,1.2036378383636475,7.361373424530029,8.053656578063965,7.231964111328125,2.7797605991363525,0.120771624147892
encoder_x_ddim,resnet50,ddim3_cfg0_tts0,ddim,3,0.0,0,go_stanford,medium,no5vcF_119_0,8.339963666761227,10.51254940032959,0.6913952231407166,7.644196033477783,8.661934852600098,8.515543937683105,1.1783047914505005,0.06952046602964401
encoder_x_ddim,resnet50,ddim3_cfg0_tts0,ddim,3,0.0,0,go_stanford,medium,no5vcF_64_2,7.683901999977631,10.72062873840332,0.9566117525100708,7.476576328277588,8.408726692199707,8.011853218078613,2.1005074977874756,0.09991240501403809
encoder_x_ddim,resnet50,ddim3_cfg0_tts0,ddim,3,0.0,0,go_stanford,medium,sim2hF_0_13,7.669141333281004,10.550082206726074,1.0940511226654053,7.682431697845459,8.52946662902832,7.9214606285095215,2.4251368045806885,0.13019944727420807
encoder_x_ddim,resnet50,ddim3_cfg0_tts0,ddim,3,0.0,0,go_stanford,medium,sim12hF_1_4,7.661432999915026,10.580009460449219,0.9986652135848999,7.796761989593506,8.699195861816406,8.214365005493164,1.9362701177597046,0.10204374045133591
encoder_x_ddim,resnet50,ddim3_cfg0_tts0,ddim,3,0.0,0,go_stanford,medium,sim2hF_0_11,7.68773033329732,10.574678421020508,1.389303207397461,7.771691799163818,8.353580474853516,7.1355671882629395,3.086777925491333,0.1530192494392395
encoder_x_ddim,resnet50,ddim5_cfg0_tts0,ddim,5,0.0,0,go_stanford,short,no4vcF_86_0,12.612040333351615,10.450090408325195,0.7688860893249512,7.522705078125,8.551077842712402,8.374741554260254,1.349300742149353,0.0761832743883133
encoder_x_ddim,resnet50,ddim5_cfg0_tts0,ddim,5,0.0,0,go_stanford,short,no5vcF_119_0,12.4782043333956,10.609184265136719,0.9341772198677063,7.573641300201416,8.485567092895508,7.924675464630127,2.1570215225219727,0.09895587712526321
encoder_x_ddim,resnet50,ddim5_cfg0_tts0,ddim,5,0.0,0,go_stanford,short,no5vcF_64_2,12.884077333334668,10.514122009277344,0.8178776502609253,8.256916999816895,9.345797538757324,9.07003402709961,1.6605793237686157,0.0755242332816124
encoder_x_ddim,resnet50,ddim5_cfg0_tts0,ddim,5,0.0,0,go_stanford,short,sim2hF_0_13,12.946651666879916,10.568695068359375,1.005363941192627,7.8294854164123535,8.720532417297363,8.195161819458008,2.6610450744628906,0.1277298480272293
encoder_x_ddim,resnet50,ddim5_cfg0_tts0,ddim,5,0.0,0,go_stanford,short,sim12hF_1_4,12.81843666659673,10.571197509765625,1.112593173980713,7.407331943511963,8.214292526245117,7.5556159019470215,2.2463455200195312,0.1131686270236969
encoder_x_ddim,resnet50,ddim5_cfg0_tts0,ddim,5,0.0,0,go_stanford,short,sim2hF_0_11,12.864715333307686,10.650835037231445,0.9486374855041504,7.921671390533447,8.911782264709473,8.292181968688965,2.565236806869507,0.10332048684358597
encoder_x_ddim,resnet50,ddim5_cfg0_tts0,ddim,5,0.0,0,go_stanford,medium,no4vcF_86_0,12.506852333293258,10.824637413024902,1.22107994556427,7.388441562652588,8.043217658996582,7.128901958465576,2.937368392944336,0.12400219589471817
encoder_x_ddim,resnet50,ddim5_cfg0_tts0,ddim,5,0.0,0,go_stanford,medium,no5vcF_119_0,12.469372999930783,10.51254940032959,0.6582548022270203,7.670486927032471,8.71034049987793,8.580686569213867,1.1306331157684326,0.06315508484840393
encoder_x_ddim,resnet50,ddim5_cfg0_tts0,ddim,5,0.0,0,go_stanford,medium,no5vcF_64_2,12.446738333286097,10.72062873840332,0.984420657157898,7.439512729644775,8.342602729797363,7.9048919677734375,2.147430896759033,0.09973589330911636
encoder_x_ddim,resnet50,ddim5_cfg0_tts0,ddim,5,0.0,0,go_stanford,medium,sim2hF_0_13,12.84753166661782,10.550082206726074,1.1094796657562256,7.723030090332031,8.552197456359863,7.895285129547119,2.5013887882232666,0.12933391332626343
encoder_x_ddim,resnet50,ddim5_cfg0_tts0,ddim,5,0.0,0,go_stanford,medium,sim12hF_1_4,13.505423333299404,10.580009460449219,1.0199508666992188,7.76589822769165,8.658587455749512,8.140332221984863,1.964581847190857,0.10084569454193115
encoder_x_ddim,resnet50,ddim5_cfg0_tts0,ddim,5,0.0,0,go_stanford,medium,sim2hF_0_11,13.151701333147988,10.574678421020508,1.4303019046783447,7.763359069824219,8.303228378295898,6.985284328460693,3.1886260509490967,0.15547369420528412
encoder_x_tts,resnet50,ddim2_cfg0_tts0,ddim,2,0.0,0,go_stanford,short,no4vcF_86_0,5.642243333416748,10.450090408325195,0.736047625541687,7.500888347625732,8.550192832946777,8.396943092346191,1.2892290353775024,0.0839967355132103
encoder_x_tts,resnet50,ddim2_cfg0_tts0,ddim,2,0.0,0,go_stanford,short,no5vcF_119_0,5.261672000112109,10.609184265136719,0.9157686233520508,7.512106418609619,8.432973861694336,7.938253879547119,2.0002381801605225,0.10573488473892212
encoder_x_tts,resnet50,ddim2_cfg0_tts0,ddim,2,0.0,0,go_stanford,short,no5vcF_64_2,5.280246666643507,10.514122009277344,0.8317016959190369,8.25182056427002,9.33106517791748,9.061968803405762,1.6553493738174438,0.09467799216508865
encoder_x_tts,resnet50,ddim2_cfg0_tts0,ddim,2,0.0,0,go_stanford,short,sim2hF_0_13,6.193412333383701,10.568695068359375,0.9348242282867432,7.738018035888672,8.671923637390137,8.264065742492676,2.349414587020874,0.12580370903015137
encoder_x_tts,resnet50,ddim2_cfg0_tts0,ddim,2,0.0,0,go_stanford,short,sim12hF_1_4,5.46211833337414,10.571197509765625,1.0093891620635986,7.29077672958374,8.156291961669922,7.667466640472412,1.9796222448349,0.11075494438409805
encoder_x_tts,resnet50,ddim2_cfg0_tts0,ddim,2,0.0,0,go_stanford,short,sim2hF_0_11,5.4079013333042285,10.650835037231445,0.8832137584686279,7.839081287384033,8.85677719116211,8.357048988342285,2.275446891784668,0.10217225551605225
encoder_x_tts,resnet50,ddim2_cfg0_tts0,ddim,2,0.0,0,go_stanford,medium,no4vcF_86_0,5.678253333371686,10.824637413024902,1.146493911743164,7.2940521240234375,8.009228706359863,7.298655033111572,2.657181978225708,0.12438075989484787
encoder_x_tts,resnet50,ddim2_cfg0_tts0,ddim,2,0.0,0,go_stanford,medium,no5vcF_119_0,5.320676333212759,10.51254940032959,0.6607698202133179,7.641679286956787,8.677794456481934,8.55620288848877,1.107627511024475,0.07479654997587204
encoder_x_tts,resnet50,ddim2_cfg0_tts0,ddim,2,0.0,0,go_stanford,medium,no5vcF_64_2,5.262339000031109,10.72062873840332,0.936646044254303,7.382338047027588,8.355615615844727,8.002457618713379,1.9991143941879272,0.10416131466627121
encoder_x_tts,resnet50,ddim2_cfg0_tts0,ddim,2,0.0,0,go_stanford,medium,sim2hF_0_13,5.755625666552078,10.550082206726074,1.0278356075286865,7.578309535980225,8.483380317687988,7.994238376617432,2.207655668258667,0.1259068101644516
encoder_x_tts,resnet50,ddim2_cfg0_tts0,ddim,2,0.0,0,go_stanford,medium,sim12hF_1_4,5.269654333460494,10.580009460449219,0.9393768310546875,7.702661037445068,8.617520332336426,8.210586547851562,1.8008198738098145,0.10184011608362198
encoder_x_tts,resnet50,ddim2_cfg0_tts0,ddim,2,0.0,0,go_stanford,medium,sim2hF_0_11,5.282195666798846,10.574678421020508,1.2966804504394531,7.6723456382751465,8.307280540466309,7.269371032714844,2.873514413833618,0.14891646802425385
encoder_x_tts,resnet50,ddim2_cfg0_tts8,ddim,2,0.0,8,go_stanford,short,no4vcF_86_0,5.438785666683543,10.450090408325195,0.29815495014190674,8.77994441986084,10.000521659851074,9.915255546569824,1.0974030494689941,0.060177598148584366
encoder_x_tts,resnet50,ddim2_cfg0_tts8,ddim,2,0.0,8,go_stanford,short,no5vcF_119_0,5.3626000000501035,10.609184265136719,0.38540714979171753,8.07693862915039,9.150182723999023,9.040011405944824,1.2752985954284668,0.10158833861351013
encoder_x_tts,resnet50,ddim2_cfg0_tts8,ddim,2,0.0,8,go_stanford,short,no5vcF_64_2,5.64716599986544,10.514122009277344,0.39244797825813293,8.781492233276367,10.02660083770752,9.948540687561035,1.0097695589065552,0.06072491407394409
encoder_x_tts,resnet50,ddim2_cfg0_tts8,ddim,2,0.0,8,go_stanford,short,sim2hF_0_13,5.389741999958157,10.568695068359375,0.610217273235321,8.377964973449707,9.456500053405762,9.211299896240234,1.9099005460739136,0.1134391725063324
encoder_x_tts,resnet50,ddim2_cfg0_tts8,ddim,2,0.0,8,go_stanford,short,sim12hF_1_4,5.297017666786512,10.571197509765625,0.47825103998184204,8.027063369750977,9.141412734985352,9.01761531829834,1.0910035371780396,0.08453304320573807
encoder_x_tts,resnet50,ddim2_cfg0_tts8,ddim,2,0.0,8,go_stanford,short,sim2hF_0_11,6.103381333256645,10.650835037231445,0.6473309993743896,8.28464412689209,9.385263442993164,9.150403022766113,1.6863436698913574,0.09421536326408386
encoder_x_tts,resnet50,ddim2_cfg0_tts8,ddim,2,0.0,8,go_stanford,medium,no4vcF_86_0,5.322126333339838,10.824637413024902,0.37830618023872375,8.777278900146484,9.808826446533203,9.373676300048828,2.7417938709259033,0.10636473447084427
encoder_x_tts,resnet50,ddim2_cfg0_tts8,ddim,2,0.0,8,go_stanford,medium,no5vcF_119_0,5.314544333183828,10.51254940032959,0.3534232974052429,8.666481018066406,9.87307071685791,9.799864768981934,0.9313788414001465,0.06296521425247192
encoder_x_tts,resnet50,ddim2_cfg0_tts8,ddim,2,0.0,8,go_stanford,medium,no5vcF_64_2,6.479111333495287,10.72062873840332,0.5879831910133362,8.415266990661621,9.525036811828613,9.26340389251709,1.9300521612167358,0.08373934775590897
encoder_x_tts,resnet50,ddim2_cfg0_tts8,ddim,2,0.0,8,go_stanford,medium,sim2hF_0_13,5.317792666725533,10.550082206726074,0.5637301206588745,8.561023712158203,9.72877025604248,9.512481689453125,1.6283973455429077,0.09711260348558426
encoder_x_tts,resnet50,ddim2_cfg0_tts8,ddim,2,0.0,8,go_stanford,medium,sim12hF_1_4,5.32319833322011,10.580009460449219,0.4199053943157196,8.372212409973145,9.549351692199707,9.466349601745605,1.138108491897583,0.07023360580205917
encoder_x_tts,resnet50,ddim2_cfg0_tts8,ddim,2,0.0,8,go_stanford,medium,sim2hF_0_11,5.332572000043001,10.574678421020508,0.7165824174880981,8.412830352783203,9.482671737670898,9.190905570983887,1.9176712036132812,0.11120300740003586
encoder_x_tts,resnet50,ddim2_cfg0_tts16,ddim,2,0.0,16,go_stanford,short,no4vcF_86_0,10.47117566668021,10.450090408325195,0.24215877056121826,9.006753921508789,10.280330657958984,10.225625038146973,0.8911705613136292,0.054130565375089645
encoder_x_tts,resnet50,ddim2_cfg0_tts16,ddim,2,0.0,16,go_stanford,short,no5vcF_119_0,10.472515000098307,10.609184265136719,0.3530702590942383,8.552887916564941,9.70865535736084,9.641755104064941,0.9687394499778748,0.07371735572814941
encoder_x_tts,resnet50,ddim2_cfg0_tts16,ddim,2,0.0,16,go_stanford,short,no5vcF_64_2,10.571636000198245,10.514122009277344,0.29900139570236206,9.02140998840332,10.296900749206543,10.23934268951416,0.9574570655822754,0.05914877727627754
encoder_x_tts,resnet50,ddim2_cfg0_tts16,ddim,2,0.0,16,go_stanford,short,sim2hF_0_13,10.558130666443807,10.568695068359375,0.37608611583709717,9.033666610717773,10.238622665405273,10.146078109741211,1.1834769248962402,0.14934413135051727
encoder_x_tts,resnet50,ddim2_cfg0_tts16,ddim,2,0.0,16,go_stanford,short,sim12hF_1_4,10.526104999977784,10.571197509765625,0.3528032898902893,8.565300941467285,9.804770469665527,9.737524032592773,0.8982190489768982,0.07296644151210785
encoder_x_tts,resnet50,ddim2_cfg0_tts16,ddim,2,0.0,16,go_stanford,short,sim2hF_0_11,11.354378000154005,10.650835037231445,0.4036257266998291,8.546680450439453,9.743654251098633,9.674744606018066,0.9636244177818298,0.08265195786952972
encoder_x_tts,resnet50,ddim2_cfg0_tts16,ddim,2,0.0,16,go_stanford,medium,no4vcF_86_0,10.48514800004341,10.824637413024902,0.265623539686203,9.063887596130371,10.189740180969238,9.889687538146973,2.3118021488189697,0.10777894407510757
encoder_x_tts,resnet50,ddim2_cfg0_tts16,ddim,2,0.0,16,go_stanford,medium,no5vcF_119_0,10.552981000121994,10.51254940032959,0.31033626198768616,8.872624397277832,10.143265724182129,10.105230331420898,0.6577915549278259,0.042755406349897385
encoder_x_tts,resnet50,ddim2_cfg0_tts16,ddim,2,0.0,16,go_stanford,medium,no5vcF_64_2,10.724823666654023,10.72062873840332,0.3770436644554138,8.726821899414062,9.922450065612793,9.83563232421875,0.9865768551826477,0.07677706331014633
encoder_x_tts,resnet50,ddim2_cfg0_tts16,ddim,2,0.0,16,go_stanford,medium,sim2hF_0_13,10.670709000047887,10.550082206726074,0.4388505518436432,8.976187705993652,10.182609558105469,10.124184608459473,0.9995457530021667,0.12039787322282791
encoder_x_tts,resnet50,ddim2_cfg0_tts16,ddim,2,0.0,16,go_stanford,medium,sim12hF_1_4,11.139845000040319,10.580009460449219,0.38226059079170227,8.823451042175293,10.076384544372559,10.000494956970215,0.9895532727241516,0.047553058713674545
encoder_x_tts,resnet50,ddim2_cfg0_tts16,ddim,2,0.0,16,go_stanford,medium,sim2hF_0_11,10.803528666656348,10.574678421020508,0.3131139576435089,8.878464698791504,10.10080337524414,10.010936737060547,1.2097984552383423,0.0674341544508934
encoder_x_cfg,resnet50,ddim2_cfg0_tts0,ddim,2,0.0,0,go_stanford,short,no4vcF_86_0,5.4381646665812395,10.450090408325195,0.736047625541687,7.500888347625732,8.550192832946777,8.396943092346191,1.2892290353775024,0.0839967355132103
encoder_x_cfg,resnet50,ddim2_cfg0_tts0,ddim,2,0.0,0,go_stanford,short,no5vcF_119_0,5.389625333161045,10.609184265136719,0.9157686233520508,7.512106418609619,8.432973861694336,7.938253879547119,2.0002381801605225,0.10573488473892212
encoder_x_cfg,resnet50,ddim2_cfg0_tts0,ddim,2,0.0,0,go_stanford,short,no5vcF_64_2,5.800101333382675,10.514122009277344,0.8317016959190369,8.25182056427002,9.33106517791748,9.061968803405762,1.6553493738174438,0.09467799216508865
encoder_x_cfg,resnet50,ddim2_cfg0_tts0,ddim,2,0.0,0,go_stanford,short,sim2hF_0_13,5.518870333313923,10.568695068359375,0.9348242282867432,7.738018035888672,8.671923637390137,8.264065742492676,2.349414587020874,0.12580370903015137
encoder_x_cfg,resnet50,ddim2_cfg0_tts0,ddim,2,0.0,0,go_stanford,short,sim12hF_1_4,5.2196683332113025,10.571197509765625,1.0093891620635986,7.29077672958374,8.156291961669922,7.667466640472412,1.9796222448349,0.11075494438409805
encoder_x_cfg,resnet50,ddim2_cfg0_tts0,ddim,2,0.0,0,go_stanford,short,sim2hF_0_11,5.239064000003661,10.650835037231445,0.8832137584686279,7.839081287384033,8.85677719116211,8.357048988342285,2.275446891784668,0.10217225551605225
encoder_x_cfg,resnet50,ddim2_cfg0_tts0,ddim,2,0.0,0,go_stanford,medium,no4vcF_86_0,5.732463999872077,10.824637413024902,1.146493911743164,7.2940521240234375,8.009228706359863,7.298655033111572,2.657181978225708,0.12438075989484787
encoder_x_cfg,resnet50,ddim2_cfg0_tts0,ddim,2,0.0,0,go_stanford,medium,no5vcF_119_0,6.105398999807221,10.51254940032959,0.6607698202133179,7.641679286956787,8.677794456481934,8.55620288848877,1.107627511024475,0.07479654997587204
encoder_x_cfg,resnet50,ddim2_cfg0_tts0,ddim,2,0.0,0,go_stanford,medium,no5vcF_64_2,6.039510333266662,10.72062873840332,0.936646044254303,7.382338047027588,8.355615615844727,8.002457618713379,1.9991143941879272,0.10416131466627121
encoder_x_cfg,resnet50,ddim2_cfg0_tts0,ddim,2,0.0,0,go_stanford,medium,sim2hF_0_13,5.745248666547316,10.550082206726074,1.0278356075286865,7.578309535980225,8.483380317687988,7.994238376617432,2.207655668258667,0.1259068101644516
encoder_x_cfg,resnet50,ddim2_cfg0_tts0,ddim,2,0.0,0,go_stanford,medium,sim12hF_1_4,5.24568366654421,10.580009460449219,0.9393768310546875,7.702661037445068,8.617520332336426,8.210586547851562,1.8008198738098145,0.10184011608362198
encoder_x_cfg,resnet50,ddim2_cfg0_tts0,ddim,2,0.0,0,go_stanford,medium,sim2hF_0_11,5.247410666773551,10.574678421020508,1.2966804504394531,7.6723456382751465,8.307280540466309,7.269371032714844,2.873514413833618,0.14891646802425385
encoder_x_cfg,resnet50,ddim2_cfg1p0_tts0,ddim,2,1.0,0,go_stanford,short,no4vcF_86_0,9.79439099986242,10.450090408325195,0.7242974042892456,7.571002960205078,8.648017883300781,8.521049499511719,1.1016796827316284,0.08121738582849503
encoder_x_cfg,resnet50,ddim2_cfg1p0_tts0,ddim,2,1.0,0,go_stanford,short,no5vcF_119_0,10.403390000040721,10.609184265136719,0.9142535328865051,7.515300750732422,8.435310363769531,7.942916393280029,1.9951128959655762,0.10537869483232498
encoder_x_cfg,resnet50,ddim2_cfg1p0_tts0,ddim,2,1.0,0,go_stanford,short,no5vcF_64_2,10.337864000121044,10.514122009277344,0.802557110786438,8.29843807220459,9.393813133239746,9.147948265075684,1.5823346376419067,0.0905337706208229
encoder_x_cfg,resnet50,ddim2_cfg1p0_tts0,ddim,2,1.0,0,go_stanford,short,sim2hF_0_13,9.847979999904055,10.568695068359375,0.9318335652351379,7.723729610443115,8.658080101013184,8.255447387695312,2.3305318355560303,0.12477800995111465
encoder_x_cfg,resnet50,ddim2_cfg1p0_tts0,ddim,2,1.0,0,go_stanford,short,sim12hF_1_4,10.386849666701892,10.571197509765625,1.0056792497634888,7.279266357421875,8.145007133483887,7.6617207527160645,1.9629765748977661,0.10988271236419678
encoder_x_cfg,resnet50,ddim2_cfg1p0_tts0,ddim,2,1.0,0,go_stanford,short,sim2hF_0_11,9.758612000041467,10.650835037231445,0.8800097703933716,7.833000183105469,8.850115776062012,8.354548454284668,2.2622387409210205,0.10146397352218628
encoder_x_cfg,resnet50,ddim2_cfg1p0_tts0,ddim,2,1.0,0,go_stanford,medium,no4vcF_86_0,9.962917666750096,10.824637413024902,1.1293668746948242,7.35260534286499,8.092474937438965,7.419078350067139,2.6146888732910156,0.12083184719085693
encoder_x_cfg,resnet50,ddim2_cfg1p0_tts0,ddim,2,1.0,0,go_stanford,medium,no5vcF_119_0,10.7477873333058,10.51254940032959,0.6601452827453613,7.664943695068359,8.718002319335938,8.612053871154785,1.0006887912750244,0.0743260383605957
encoder_x_cfg,resnet50,ddim2_cfg1p0_tts0,ddim,2,1.0,0,go_stanford,medium,no5vcF_64_2,9.756634999879074,10.72062873840332,0.9293321371078491,7.3905181884765625,8.36986255645752,8.025729179382324,1.968694806098938,0.10340029746294022
encoder_x_cfg,resnet50,ddim2_cfg1p0_tts0,ddim,2,1.0,0,go_stanford,medium,sim2hF_0_13,9.787325999847477,10.550082206726074,1.0282784700393677,7.561209201812744,8.464043617248535,7.9773736000061035,2.196051836013794,0.1253410428762436
encoder_x_cfg,resnet50,ddim2_cfg1p0_tts0,ddim,2,1.0,0,go_stanford,medium,sim12hF_1_4,11.639514999994086,10.580009460449219,0.959040105342865,7.648677825927734,8.540812492370605,8.112083435058594,1.8496814966201782,0.10570309311151505
encoder_x_cfg,resnet50,ddim2_cfg1p0_tts0,ddim,2,1.0,0,go_stanford,medium,sim2hF_0_11,9.776415333211238,10.574678421020508,1.335404396057129,7.610671520233154,8.20640754699707,7.113632678985596,2.9361088275909424,0.15250734984874725
encoder_x_cfg,resnet50,ddim2_cfg2p0_tts0,ddim,2,2.0,0,go_stanford,short,no4vcF_86_0,9.74401633341889,10.450090408325195,0.7127399444580078,7.658036708831787,8.756072044372559,8.644762992858887,0.9812257289886475,0.0798313245177269
encoder_x_cfg,resnet50,ddim2_cfg2p0_tts0,ddim,2,2.0,0,go_stanford,short,no5vcF_119_0,9.994808333431138,10.609184265136719,0.9128924012184143,7.518960475921631,8.437734603881836,7.947556018829346,1.9900239706039429,0.10514218360185623
encoder_x_cfg,resnet50,ddim2_cfg2p0_tts0,ddim,2,2.0,0,go_stanford,short,no5vcF_64_2,9.806815000047209,10.514122009277344,0.7739285826683044,8.346529006958008,9.456791877746582,9.231895446777344,1.5153878927230835,0.08672406524419785
encoder_x_cfg,resnet50,ddim2_cfg2p0_tts0,ddim,2,2.0,0,go_stanford,short,sim2hF_0_13,10.064311333280784,10.568695068359375,0.9289684891700745,7.710076808929443,8.644591331481934,8.247163772583008,2.3114824295043945,0.12380409240722656
encoder_x_cfg,resnet50,ddim2_cfg2p0_tts0,ddim,2,2.0,0,go_stanford,short,sim12hF_1_4,9.772341333397586,10.571197509765625,1.0019444227218628,7.26821756362915,8.134103775024414,7.656257629394531,1.9464807510375977,0.10913696140050888
encoder_x_cfg,resnet50,ddim2_cfg2p0_tts0,ddim,2,2.0,0,go_stanford,short,sim2hF_0_11,9.784343666675946,10.650835037231445,0.8767409324645996,7.827028751373291,8.84351634979248,8.352036476135254,2.249223232269287,0.10075288265943527
encoder_x_cfg,resnet50,ddim2_cfg2p0_tts0,ddim,2,2.0,0,go_stanford,medium,no4vcF_86_0,10.304414999761017,10.824637413024902,1.1119351387023926,7.410488128662109,8.174187660217285,7.537143707275391,2.57108998298645,0.11743506044149399
encoder_x_cfg,resnet50,ddim2_cfg2p0_tts0,ddim,2,2.0,0,go_stanford,medium,no5vcF_119_0,10.028700999858605,10.51254940032959,0.6594142913818359,7.6934027671813965,8.761784553527832,8.66818904876709,0.9218189120292664,0.07447590678930283
encoder_x_cfg,resnet50,ddim2_cfg2p0_tts0,ddim,2,2.0,0,go_stanford,medium,no5vcF_64_2,10.19095566668208,10.72062873840332,0.9220393300056458,7.399484157562256,8.38454532623291,8.049163818359375,1.9381227493286133,0.10270240902900696
encoder_x_cfg,resnet50,ddim2_cfg2p0_tts0,ddim,2,2.0,0,go_stanford,medium,sim2hF_0_13,9.82357466667357,10.550082206726074,1.0287871360778809,7.544138431549072,8.444655418395996,7.9603962898254395,2.18449330329895,0.12473583221435547
encoder_x_cfg,resnet50,ddim2_cfg2p0_tts0,ddim,2,2.0,0,go_stanford,medium,sim12hF_1_4,9.754941999896497,10.580009460449219,0.9780398607254028,7.5970139503479,8.46552562713623,8.0120267868042,1.9087533950805664,0.10980280488729477
encoder_x_cfg,resnet50,ddim2_cfg2p0_tts0,ddim,2,2.0,0,go_stanford,medium,sim2hF_0_11,9.929140333345762,10.574678421020508,1.3730982542037964,7.551813125610352,8.107704162597656,6.956047058105469,2.9958388805389404,0.1562023013830185
